site,Date,ConcLow,ConcHigh,Uncen,ConcAve,Julian,Month,Day,DecYear,MonthSeq,waterYear,SinDY,CosDY
Buck Creek,10/01/2006,0.49,0.49,1,0.49,56987,1,10,2006.0254566210047,1873,2006,0.15926752913192363,0.9872354603458143
Buck Creek,10/01/2017,0.343,0.343,1,0.343,61005,1,10,2017.0254566210047,2005,2017,0.15926752913191394,0.9872354603458159
Buck Creek,11/01/2005,0.512,0.512,1,0.512,56623,1,11,2005.028196347032,1861,2005,0.1762375675177652,0.9843476620561564
Buck Creek,12/01/2016,0.297,0.297,1,0.297,60641,1,12,2016.0308515482695,1993,2016,0.19263427207034825,0.9812706238464123
Buck Creek,12/01/2018,0.655,0.655,1,0.655,61372,1,12,2018.0309360730594,2017,2018,0.19315538290719636,0.9811681803105797
Buck Creek,12/01/2020,0.402,0.402,1,0.402,62102,1,12,2020.0308515482695,2041,2020,0.19263427206937117,0.981270624
Buck Creek,13/01/2004,0.22,0.22,1,0.22,56259,1,13,2004.0335837887067,1849,2004,0.20945070207604388,0.9778192079315339
Buck Creek,13/01/2015,0.599,0.599,1,0.599,60277,1,13,2015.0336757990867,1981,2015,0.21001596219016216,0.9776979572574244
Buck Creek,14/01/2003,0.601,0.601,1,0.601,55895,1,14,2003.036415525114,1837,2003,0.22681430920876247,0.9739380211995792
Buck Creek,14/01/2014,0.729,0.729,1,0.729,59913,1,14,2014.036415525114,1969,2014,0.22681430920875292,0.9739380211995814
Buck Creek,15/01/2013,0.799,0.799,1,0.799,59549,1,15,2013.0391552511417,1957,2013,0.24354544625601157,0.9698894862859171
Buck Creek,17/01/2012,0.778,0.778,1,0.778,59185,1,17,2012.0445127504554,1945,2012,0.2760498840634312,0.9611433095582397
Buck Creek,18/01/2011,0.498,0.498,1,0.498,58821,1,18,2011.0473744292237,1933,2011,0.2932861279575387,0.9560247105319372
Buck Creek,19/01/2010,0.365,0.365,1,0.365,58457,1,19,2010.050114155251,1921,2010,0.3096990682893374,0.9508346265785215
Buck Creek,02/01/2013,0.615,0.615,1,0.615,59536,1,2,2013.0035388127853,1957,2013,0.022233184391712187,0.9997528122049991
Buck Creek,20/01/2009,0.384,0.384,1,0.384,58093,1,20,2009.0528538812785,1909,2009,0.3260202381033452,0.94536279
Buck Creek,21/01/2020,0.319,0.319,1,0.319,62111,1,21,2020.055441712204,2041,2020,0.3413478948111453,0.939937027
Buck Creek,21/01/2021,0.279,0.279,1,0.279,62477,1,21,2021.055593607306,2053,2021,0.34224480108593847,0.9396108216328962
Buck Creek,22/01/2002,0.427,0.427,1,0.427,55538,1,22,2002.0583333333334,1825,2002,0.3583679495455675,0.9335804264970992
Buck Creek,22/01/2008,0.382,0.382,1,0.382,57729,1,22,2008.0581739526413,1897,2008,0.3574328653696521,0.9339388345890968
Buck Creek,22/01/2019,0.272,0.272,1,0.272,61747,1,22,2019.0583333333334,2029,2019,0.3583679495458621,0.9335804264969861
Buck Creek,23/01/2007,0.743,0.743,1,0.743,57365,1,23,2007.0610730593608,1885,2007,0.3743849058470606,0.9272733913328299
Buck Creek,23/01/2018,0.427,0.427,1,0.427,61383,1,23,2018.0610730593608,2017,2018,0.3743849058470515,0.9272733913328336
Buck Creek,24/01/2006,0.637,0.637,1,0.637,57001,1,24,2006.063812785388,1873,2006,0.39029092382245334,0.9206915850499644
Buck Creek,25/01/2005,0.568,0.568,1,0.568,56637,1,25,2005.0665525114155,1861,2005,0.40608129017394523,0.9138369579802866
Buck Creek,25/01/2017,0.35,0.35,1,0.35,61020,1,25,2017.0665525114155,2005,2017,0.4060812901728777,0.913836958
Buck Creek,26/01/2016,0.398,0.398,1,0.398,60655,1,26,2016.0691029143898,1993,2016,0.420672447,0.9072125947259663
Buck Creek,27/01/2004,0.335,0.335,1,0.335,56273,1,27,2004.0718351548269,1849,2004,0.43618397087158384,0.8998575129178493
Buck Creek,27/01/2015,0.605,0.605,1,0.605,60291,1,27,2015.0720319634704,1981,2015,0.4372963875554076,0.8993174464175543
Buck Creek,28/01/2003,0.645,0.645,1,0.645,55909,1,28,2003.0747716894978,1837,2003,0.4527118688794147,0.8916568643686357
Buck Creek,28/01/2014,0.692,0.692,1,0.692,59927,1,28,2014.0747716894978,1969,2014,0.45271186887940595,0.8916568643686401
Buck Creek,29/01/2013,0.687,0.687,1,0.687,59563,1,29,2013.0775114155251,1957,2013,0.4679932019063279,0.8837320651472724
Buck Creek,03/01/2012,0.878,0.878,1,0.878,59171,1,3,2012.0062613843352,1945,2012,0.03933129,0.9992262254342382
Buck Creek,31/01/2012,1.123,1.123,1,1.123,59199,1,31,2012.0827641165756,1945,2012,0.49689947379780774,0.8678081083623624
Buck Creek,04/01/2011,0.626,0.626,1,0.626,58807,1,4,2011.0090182648403,1933,2011,0.056633112,0.9983950573897034
Buck Creek,05/01/2010,0.319,0.319,1,0.319,58443,1,5,2010.0117579908676,1921,2010,0.073810451,0.9972722884605321
Buck Creek,05/01/2021,0.251,0.251,1,0.251,62461,1,5,2021.0117579908676,2053,2021,0.073810451,0.9972722884605327
Buck Creek,06/01/2009,0.329,0.329,1,0.329,58079,1,6,2009.014497716895,1909,2009,0.090965918,0.995854006
Buck Creek,07/01/2020,0.274,0.274,1,0.274,62097,1,7,2020.0171903460837,2041,2020,0.10780024132269872,0.9941725745416476
Buck Creek,08/01/2002,0.424,0.424,1,0.424,55524,1,8,2002.0199771689497,1825,2002,0.12519091171478103,0.9921326703742912
Buck Creek,08/01/2008,0.557,0.557,1,0.557,57715,1,8,2008.019922586521,1897,2008,0.12485065095763347,0.9921755464409789
Buck Creek,08/01/2019,0.231,0.231,1,0.231,61733,1,8,2019.0199771689497,2029,2019,0.1251909117150941,0.9921326703742517
Buck Creek,09/01/2007,0.858,0.858,1,0.858,57351,1,9,2007.022716894977,1885,2007,0.1422502963381232,0.9898307194625332
Buck Creek,09/01/2018,0.337,0.337,1,0.337,61369,1,9,2018.022716894977,2017,2018,0.1422502963381135,0.9898307194625346
Buck Creek,01/10/2010,0.292,0.292,1,0.292,58712,10,275,2010.7487442922375,1930,2011,-0.999968875,-0.007889763
Buck Creek,01/10/2019,0.059,0.059,1,0.059,61999,10,275,2019.7487442922375,2038,2020,-0.999968875,-0.007889763
Buck Creek,11/10/2011,0.119,0.119,1,0.119,59087,10,285,2011.7761415525115,1942,2012,-0.986540904,0.16351466
Buck Creek,11/10/2018,0.07,0.07,1,0.07,61644,10,285,2018.7761415525115,2026,2019,-0.986540904,0.16351465988272615
Buck Creek,12/10/2007,0.076,0.076,1,0.076,57627,10,286,2007.7788812785388,1894,2008,-0.983580102,0.180472113
Buck Creek,12/10/2010,0.134,0.134,1,0.134,58723,10,286,2010.7788812785388,1930,2011,-0.983580102,0.180472113
Buck Creek,13/10/2007,0.088,0.088,1,0.088,57628,10,287,2007.7816210045662,1894,2008,-0.980327843,0.19737608907670762
Buck Creek,13/10/2009,0.029,0.029,1,0.029,58359,10,287,2009.7816210045662,1918,2010,-0.980327843,0.19737608907621954
Buck Creek,14/10/2008,0.08,0.08,1,0.08,57995,10,288,2008.7849499089252,1906,2009,-0.97598537,0.21783607884643422
Buck Creek,15/10/2003,0.179,0.179,1,0.179,56169,10,289,2003.787100456621,1846,2004,-0.972952898,0.2310035884211028
Buck Creek,15/10/2005,0.063,0.063,1,0.063,56900,10,289,2005.787100456621,1870,2006,-0.972952898,0.23100358842061838
Buck Creek,15/10/2019,0.043,0.043,1,0.043,62013,10,289,2019.787100456621,2038,2020,-0.972952898,0.23100358842076715
Buck Creek,16/10/2002,0.146,0.146,1,0.146,55805,10,290,2002.7898401826485,1834,2003,-0.968832398,0.24771714750857268
Buck Creek,16/10/2007,0.092,0.092,1,0.092,57631,10,290,2007.7898401826485,1894,2008,-0.968832398,0.24771714750824794
Buck Creek,16/10/2011,0.239,0.239,1,0.239,59092,10,290,2011.7898401826485,1942,2012,-0.968832398,0.24771714750728324
Buck Creek,16/10/2014,0.182,0.182,1,0.182,60188,10,290,2014.7898401826485,1978,2015,-0.968832398,0.24771714750744087
Buck Creek,17/10/2002,0.322,0.322,1,0.322,55806,10,291,2002.7925799086759,1834,2003,-0.964424811,0.26435730265617213
Buck Creek,17/10/2006,0.168,0.168,1,0.168,57267,10,291,2006.7925799086759,1882,2007,-0.964424811,0.2643573026552118
Buck Creek,17/10/2013,0.09,0.09,1,0.09,59824,10,291,2013.7925799086759,1966,2014,-0.964424811,0.26435730265616264
Buck Creek,17/10/2017,0.062,0.062,1,0.062,61285,10,291,2017.7925799086759,2014,2018,-0.964424811,0.26435730265520235
Buck Creek,17/10/2019,0.101,0.101,1,0.101,62015,10,291,2019.7925799086759,2038,2020,-0.964424811,0.26435730265647644
Buck Creek,18/10/2004,0.05,0.05,1,0.05,56538,10,292,2004.795878870674,1858,2005,-0.958738433,0.2842896701442167
Buck Creek,18/10/2005,0.085,0.085,1,0.085,56903,10,292,2005.7953196347032,1870,2006,-0.959731445,0.2809191230298604
Buck Creek,19/10/2007,0.063,0.063,1,0.063,57634,10,293,2007.7980593607306,1894,2008,-0.954753689,0.2973977010057762
Buck Creek,02/10/2007,0.129,0.129,1,0.129,57617,10,276,2007.7514840182648,1894,2008,-0.999956528,0.009324227
Buck Creek,02/10/2010,0.204,0.204,1,0.204,58713,10,276,2010.7514840182648,1930,2011,-0.999956528,0.009324227
Buck Creek,02/10/2018,0.055,0.055,1,0.055,61635,10,276,2018.7514840182648,2026,2019,-0.999956528,0.009324227
Buck Creek,20/10/2007,0.175,0.175,1,0.175,57635,10,294,2007.800799086758,1894,2008,-0.94949302,0.3137881536232566
Buck Creek,20/10/2015,0.053,0.053,1,0.053,60557,10,294,2015.800799086758,1990,2016,-0.94949302,0.31378815362309287
Buck Creek,21/10/2003,0.119,0.119,1,0.119,56175,10,295,2003.8035388127853,1846,2004,-0.943950995,0.33008562403966446
Buck Creek,21/10/2007,0.129,0.129,1,0.129,57636,10,295,2007.8035388127853,1894,2008,-0.943950995,0.3300856240387245
Buck Creek,21/10/2014,0.126,0.126,1,0.126,60193,10,295,2014.8035388127853,1978,2015,-0.943950995,0.3300856240396552
Buck Creek,22/10/2001,0.074,0.074,1,0.074,55446,10,296,2001.8062785388129,1822,2002,-0.938129257,0.34628528296307565
Buck Creek,22/10/2002,0.22,0.22,1,0.22,55811,10,296,2002.8062785388129,1834,2003,-0.938129257,0.34628528296198885
Buck Creek,22/10/2013,0.136,0.136,1,0.136,59829,10,296,2013.8062785388129,1966,2014,-0.938129257,0.3462852829619797
Buck Creek,23/10/2005,0.069,0.069,1,0.069,56908,10,297,2005.8090182648402,1870,2006,-0.932029531,0.3623823300822866
Buck Creek,23/10/2007,0.098,0.098,1,0.098,57638,10,297,2007.8090182648402,1894,2008,-0.932029531,0.3623823300818226
Buck Creek,23/10/2012,0.322,0.322,1,0.322,59465,10,297,2012.8095400728598,1954,2013,-0.930836411,0.36543614430732857
Buck Creek,25/10/2005,0.092,0.092,1,0.092,56910,10,299,2005.814497716895,1870,2006,-0.919003427,0.3942495411204847
Buck Creek,25/10/2007,0.097,0.097,1,0.097,57640,10,299,2007.814497716895,1894,2008,-0.919003427,0.3942495411200272
Buck Creek,25/10/2008,0.119,0.119,1,0.119,58006,10,299,2008.815004553734,1906,2009,-0.917743262,0.3971741492264611
Buck Creek,25/10/2011,0.291,0.291,1,0.291,59101,10,299,2011.814497716895,1942,2012,-0.919003427,0.39424954112078375
Buck Creek,26/10/2008,0.203,0.203,1,0.203,58007,10,300,2008.8177367941712,1906,2009,-0.910790008,0.412869908
Buck Creek,26/10/2010,0.169,0.169,1,0.169,58737,10,300,2010.8172374429223,1930,2011,-0.912080909,0.41001026209921704
Buck Creek,27/10/2003,0.164,0.164,1,0.164,56181,10,301,2003.8199771689497,1846,2004,-0.904888122,0.4256494881879452
Buck Creek,27/10/2007,0.073,0.073,1,0.073,57642,10,301,2007.8199771689497,1894,2008,-0.904888122,0.4256494881870442
Buck Creek,27/10/2008,0.127,0.127,1,0.127,58008,10,301,2008.8204690346083,1906,2009,-0.90356834,0.4284439924587757
Buck Creek,27/10/2009,0.059,0.059,1,0.059,58373,10,301,2009.8199771689497,1918,2010,-0.904888122,0.42564948818659365
Buck Creek,28/10/2003,0.175,0.175,1,0.175,56182,10,302,2003.8227168949772,1846,2004,-0.897427197,0.44116258514793977
Buck Creek,28/10/2008,0.104,0.104,1,0.104,58009,10,302,2008.8232012750454,1906,2009,-0.896080386,0.44389181233697667
Buck Creek,28/10/2018,0.111,0.111,1,0.111,61661,10,302,2018.8227168949772,2026,2019,-0.897427197,0.4411625851470374
Buck Creek,28/10/2020,0.045,0.045,1,0.045,62392,10,302,2020.8232012750454,2050,2021,-0.896080386,0.44389181233592984
Buck Creek,29/10/2003,0.162,0.162,1,0.162,56183,10,303,2003.8254566210046,1846,2004,-0.889700345,0.45654495611125334
Buck Creek,29/10/2007,0.085,0.085,1,0.085,57644,10,303,2007.8254566210046,1894,2008,-0.889700345,0.45654495611036744
Buck Creek,29/10/2015,0.101,0.101,1,0.101,60566,10,303,2015.8254566210046,1990,2016,-0.889700345,0.4565449561118323
Buck Creek,29/10/2017,0.098,0.098,1,0.098,61297,10,303,2017.8254566210046,2014,2018,-0.889700345,0.4565449561113894
Buck Creek,29/10/2018,0.095,0.095,1,0.095,61662,10,303,2018.8254566210046,2026,2019,-0.889700345,0.4565449561103587
Buck Creek,29/10/2019,0.049,0.049,1,0.049,62027,10,303,2019.8254566210046,2038,2020,-0.889700345,0.4565449561109464
Buck Creek,03/10/2006,0.172,0.172,1,0.172,57253,10,277,2006.7542237442922,1882,2007,-0.999647873,0.026535453021780592
Buck Creek,03/10/2017,0.151,0.151,1,0.151,61271,10,277,2017.7542237442922,2014,2018,-0.999647873,0.026535453021770794
Buck Creek,30/10/2003,0.178,0.178,1,0.178,56184,10,304,2003.828196347032,1846,2004,-0.881709855,0.47179204295103716
Buck Creek,30/10/2005,0.139,0.139,1,0.139,56915,10,304,2005.828196347032,1870,2006,-0.881709855,0.471792043
Buck Creek,30/10/2007,0.094,0.094,1,0.094,57645,10,304,2007.828196347032,1894,2008,-0.881709855,0.4717920429517631
Buck Creek,30/10/2017,0.153,0.153,1,0.153,61298,10,304,2017.828196347032,2014,2018,-0.881709855,0.471792043
Buck Creek,30/10/2018,0.084,0.084,1,0.084,61663,10,304,2018.828196347032,2026,2019,-0.881709855,0.4717920429517544
Buck Creek,31/10/2003,0.162,0.162,1,0.162,56185,10,305,2003.8309360730593,1846,2004,-0.873458096,0.48689932762799076
Buck Creek,31/10/2006,0.468,0.468,1,0.468,57281,10,305,2006.8309360730593,1882,2007,-0.873458096,0.4868993276265441
Buck Creek,31/10/2013,0.216,0.216,1,0.216,59838,10,305,2013.8309360730593,1966,2014,-0.873458096,0.48689932762740523
Buck Creek,31/10/2017,0.143,0.143,1,0.143,61299,10,305,2017.8309360730593,2014,2018,-0.873458096,0.48689932762653554
Buck Creek,31/10/2019,0.045,0.045,1,0.045,62029,10,305,2019.8309360730593,2038,2020,-0.873458096,0.48689932762768945
Buck Creek,04/10/2005,0.151,0.151,1,0.151,56889,10,278,2005.7569634703195,1870,2006,-0.999043,0.043738816
Buck Creek,04/10/2016,0.204,0.204,1,0.204,60907,10,278,2016.7576275045537,2002,2017,-0.998851816,0.047906680885944276
Buck Creek,06/10/2010,0.111,0.111,1,0.111,58717,10,280,2010.7624429223745,1930,2011,-0.996945407,0.078101567
Buck Creek,06/10/2015,0.195,0.195,1,0.195,60543,10,280,2015.7624429223745,1990,2016,-0.996945407,0.078101567
Buck Creek,07/10/2003,0.111,0.111,1,0.111,56161,10,281,2003.7651826484018,1846,2004,-0.995453309,0.095250772
Buck Creek,07/10/2014,0.039,0.039,1,0.039,60179,10,281,2014.7651826484018,1978,2015,-0.995453309,0.095250772
Buck Creek,08/10/2001,0.132,0.132,1,0.132,55432,10,282,2001.7679223744292,1822,2002,-0.993666236,0.11237175161602116
Buck Creek,08/10/2002,0.15,0.15,1,0.15,55797,10,282,2002.7679223744292,1834,2003,-0.993666236,0.11237175161487006
Buck Creek,08/10/2005,0.093,0.093,1,0.093,56893,10,282,2005.7679223744292,1870,2006,-0.993666236,0.11237175161503173
Buck Creek,08/10/2013,0.109,0.109,1,0.109,59815,10,282,2013.7679223744292,1966,2014,-0.993666236,0.11237175161486032
Buck Creek,09/10/2005,0.088,0.088,1,0.088,56894,10,283,2005.7706621004565,1870,2006,-0.991584719,0.12945943335626814
Buck Creek,09/10/2012,0.097,0.097,1,0.097,59451,10,283,2012.7712887067396,1954,2013,-0.991067343,0.1333623716483536
Buck Creek,01/11/2005,0.158,0.158,1,0.158,56917,11,306,2005.8336757990867,1871,2006,-0.864947512,0.5018623335239997
Buck Creek,01/11/2013,0.4,0.4,1,0.4,59839,11,306,2013.8336757990867,1967,2014,-0.864947512,0.5018623335238505
Buck Creek,01/11/2016,0.102,0.102,1,0.102,60935,11,306,2016.8341302367942,2003,2017,-0.863511012,0.504329983
Buck Creek,01/11/2019,0.08,0.08,1,0.08,62030,11,306,2019.8336757990867,2039,2020,-0.864947512,0.5018623335241319
Buck Creek,10/11/2005,0.26,0.26,1,0.26,56926,11,315,2005.8583333333333,1871,2006,-0.777145961,0.6293203910500316
Buck Creek,10/11/2009,0.125,0.125,1,0.125,58387,11,315,2009.8583333333333,1919,2010,-0.777145961,0.6293203910492577
Buck Creek,10/11/2020,0.106,0.106,1,0.106,62405,11,315,2020.8587204007285,2051,2021,-0.775613147,0.6312085596103304
Buck Creek,12/11/2008,0.123,0.123,1,0.123,58024,11,317,2008.864184881603,1907,2009,-0.753488152,0.6574614851757388
Buck Creek,13/11/2007,0.178,0.178,1,0.178,57659,11,318,2007.8665525114154,1895,2008,-0.743624574,0.6685974072687687
Buck Creek,14/11/2006,0.44,0.44,1,0.44,57295,11,319,2006.869292237443,1883,2007,-0.732005593,0.6812986219861227
Buck Creek,14/11/2017,0.169,0.169,1,0.169,61313,11,319,2017.869292237443,2015,2018,-0.732005593,0.6812986219861156
Buck Creek,14/11/2018,0.108,0.108,1,0.108,61678,11,319,2018.869292237443,2027,2019,-0.732005593,0.6812986219865991
Buck Creek,14/11/2019,0.144,0.144,1,0.144,62043,11,319,2019.869292237443,2039,2020,-0.732005593,0.6812986219870826
Buck Creek,15/11/2005,0.218,0.218,1,0.218,56931,11,320,2005.8720319634704,1871,2006,-0.720169702,0.6937979532181462
Buck Creek,15/11/2016,0.176,0.176,1,0.176,60949,11,320,2016.8723816029144,2003,2017,-0.718643796,0.6953783821522957
Buck Creek,16/11/2004,0.263,0.263,1,0.263,56567,11,321,2004.8751138433515,1859,2005,-0.706600808,0.7076123929302613
Buck Creek,17/11/2015,0.132,0.132,1,0.132,60585,11,322,2015.877511415525,1991,2016,-0.695861287,0.718176211
Buck Creek,18/11/2003,0.238,0.238,1,0.238,56203,11,323,2003.8802511415524,1847,2004,-0.683395964,0.7300479134646732
Buck Creek,18/11/2014,0.287,0.287,1,0.287,60221,11,323,2014.8802511415524,1979,2015,-0.683395964,0.7300479134646666
Buck Creek,19/11/2002,0.235,0.235,1,0.235,55839,11,324,2002.882991,1835,2003,-0.670728137,0.7417032871179106
Buck Creek,19/11/2013,0.504,0.504,1,0.504,59857,11,324,2013.882991,1967,2014,-0.670728137,0.741703287
Buck Creek,02/11/2004,0.157,0.157,1,0.157,56553,11,307,2004.8368624772313,1859,2005,-0.854726277,0.519078984
Buck Creek,02/11/2013,0.465,0.465,1,0.465,59840,11,307,2013.8364155251143,1967,2014,-0.856180625,0.5166766267813682
Buck Creek,20/11/2001,0.252,0.252,1,0.252,55475,11,325,2001.8857305936074,1823,2002,-0.657861559,0.7531388780798987
Buck Creek,20/11/2012,0.396,0.396,1,0.396,59493,11,325,2012.8860428051003,1955,2013,-0.656382874,0.7544279437540033
Buck Creek,21/11/2007,0.21,0.21,1,0.21,57667,11,326,2007.8884703196347,1895,2008,-0.644800042,0.7643512977376979
Buck Creek,22/11/2007,0.279,0.279,1,0.279,57668,11,327,2007.891210045662,1895,2008,-0.631547456,0.7753372236097333
Buck Creek,22/11/2011,0.36,0.36,1,0.36,59129,11,327,2011.891210045662,1943,2012,-0.631547456,0.7753372236102533
Buck Creek,23/11/2007,0.265,0.265,1,0.265,57669,11,328,2007.8939497716894,1895,2008,-0.61810773,0.7860934003304122
Buck Creek,23/11/2010,0.291,0.291,1,0.291,58765,11,328,2010.8939497716894,1931,2011,-0.61810773,0.7860934003305128
Buck Creek,23/11/2020,0.179,0.179,1,0.179,62418,11,328,2020.8942395264116,2051,2021,-0.616675559,0.7872174131333742
Buck Creek,24/11/2009,0.161,0.161,1,0.161,58401,11,329,2009.8966894977168,1919,2010,-0.604484845,0.7966166406098609
Buck Creek,24/11/2020,0.14,0.14,1,0.14,62419,11,329,2020.8969717668488,2051,2021,-0.603071056,0.7976874708304298
Buck Creek,25/11/2008,0.216,0.216,1,0.216,58037,11,330,2008.899704007286,1907,2009,-0.589288826,0.8079224463670097
Buck Creek,26/11/2019,0.175,0.175,1,0.175,62055,11,331,2019.9021689497717,2039,2020,-0.576705799,0.8169519087470286
Buck Creek,27/11/2007,0.274,0.274,1,0.274,57673,11,332,2007.904908675799,1895,2008,-0.56255787,0.8267579108245247
Buck Creek,27/11/2018,0.139,0.139,1,0.139,61691,11,332,2018.904908675799,2027,2019,-0.56255787,0.8267579108245191
Buck Creek,28/11/2006,0.473,0.473,1,0.473,57309,11,333,2006.9076484018265,1883,2007,-0.548243242,0.8363189266891342
Buck Creek,28/11/2017,0.221,0.221,1,0.221,61327,11,333,2017.9076484018265,2015,2018,-0.548243242,0.8363189266891289
Buck Creek,29/11/2005,0.248,0.248,1,0.248,56945,11,334,2005.9103881278538,1871,2006,-0.533766159,0.8456321232075391
Buck Creek,29/11/2016,0.186,0.186,1,0.186,60963,11,334,2016.9106329690346,2003,2017,-0.532464622,0.8464522587617322
Buck Creek,03/11/2015,0.106,0.106,1,0.106,60571,11,308,2015.8391552511416,1991,2016,-0.847160034,0.5313378176031364
Buck Creek,30/11/2004,0.459,0.459,1,0.459,56581,11,335,2004.9133652094717,1859,2005,-0.517855683,0.8554679953621867
Buck Creek,04/11/2003,0.157,0.157,1,0.157,56189,11,309,2003.841894977169,1847,2004,-0.837888411,0.5458415615622024
Buck Creek,04/11/2014,0.218,0.218,1,0.218,60207,11,309,2014.841894977169,1979,2015,-0.837888411,0.5458415615621942
Buck Creek,05/11/2002,0.209,0.209,1,0.209,55825,11,310,2002.8446347031963,1835,2003,-0.828368504,0.5601835608848308
Buck Creek,05/11/2008,0.099,0.099,1,0.099,58017,11,310,2008.845059198543,1907,2009,-0.826871447,0.5623909760610671
Buck Creek,05/11/2013,0.389,0.389,1,0.389,59843,11,310,2013.8446347031963,1967,2014,-0.828368504,0.5601835608848227
Buck Creek,05/11/2020,0.122,0.122,1,0.122,62400,11,310,2020.845059198543,2051,2021,-0.826871447,0.5623909760601012
Buck Creek,06/11/2001,0.169,0.169,1,0.169,55461,11,311,2001.8473744292237,1823,2002,-0.818603133,0.5743595657301355
Buck Creek,06/11/2005,0.169,0.169,1,0.169,56922,11,311,2005.8473744292237,1871,2006,-0.818603133,0.5743595657308094
Buck Creek,06/11/2012,0.326,0.326,1,0.326,59479,11,311,2012.847791,1955,2013,-0.817095417,0.576502454
Buck Creek,06/11/2017,0.094,0.094,1,0.094,61305,11,311,2017.8473744292237,2015,2018,-0.818603133,0.5743595657298531
Buck Creek,08/11/2011,0.336,0.336,1,0.336,59115,11,313,2011.8528538812786,1943,2012,-0.798347647,0.6021968397924963
Buck Creek,09/11/2005,0.214,0.214,1,0.214,56925,11,314,2005.855593607306,1871,2006,-0.787863535,0.6158498602227747
Buck Creek,09/11/2010,0.241,0.241,1,0.241,58751,11,314,2010.855593607306,1931,2011,-0.787863535,0.6158498602239437
Buck Creek,01/12/2015,0.234,0.234,1,0.234,60599,12,336,2015.9158675799088,1992,2016,-0.504341829,0.8635040936504781
Buck Creek,10/12/2019,0.253,0.253,1,0.253,62069,12,345,2019.9405251141552,2040,2020,-0.36505486,0.930986009
Buck Creek,11/12/2007,0.33,0.33,1,0.33,57687,12,346,2007.9432648401826,1896,2008,-0.348975379,0.9371318929228584
Buck Creek,11/12/2018,0.196,0.196,1,0.196,61705,12,346,2018.9432648401826,2028,2019,-0.348975379,0.9371318929228549
Buck Creek,12/12/2006,0.533,0.533,1,0.533,57323,12,347,2006.9460045662101,1884,2007,-0.33279249,0.943000084
Buck Creek,12/12/2017,0.28,0.28,1,0.28,61341,12,347,2017.9460045662101,2016,2018,-0.33279249,0.9430000842118148
Buck Creek,13/12/2005,0.357,0.357,1,0.357,56959,12,348,2005.9487442922375,1872,2006,-0.316510987,0.9485888442242066
Buck Creek,13/12/2016,0.283,0.283,1,0.283,60977,12,348,2016.9488843351548,2004,2017,-0.315676186,0.9488669799198814
Buck Creek,14/12/2004,0.496,0.496,1,0.496,56595,12,349,2004.951616575592,1860,2005,-0.299341107,0.9541461636976958
Buck Creek,15/12/2015,0.197,0.197,1,0.197,60613,12,350,2015.9542237442922,1992,2016,-0.283671466,0.9589215294303582
Buck Creek,16/12/2003,0.41,0.41,1,0.41,56231,12,351,2003.9569634703196,1848,2004,-0.267123179,0.9636623928268501
Buck Creek,16/12/2014,0.468,0.468,1,0.468,60249,12,351,2014.9569634703196,1980,2015,-0.267123179,0.9636623928268475
Buck Creek,17/12/2002,0.417,0.417,1,0.417,55867,12,352,2002.959703196347,1836,2003,-0.250495738,0.9681177022583405
Buck Creek,17/12/2013,0.556,0.556,1,0.556,59885,12,352,2013.959703196347,1968,2014,-0.250495738,0.968117702
Buck Creek,18/12/2012,0.542,0.542,1,0.542,59521,12,353,2012.9625455373407,1956,2013,-0.23316714,0.9724366738777056
Buck Creek,19/12/2001,0.332,0.332,1,0.332,55504,12,354,2001.9651826484019,1824,2002,-0.217023122,0.9761664634184622
Buck Creek,02/12/2003,0.316,0.316,1,0.316,56217,12,337,2003.9186073059361,1848,2004,-0.489403302,0.872057572
Buck Creek,02/12/2014,0.462,0.462,1,0.462,60235,12,337,2014.9186073059361,1980,2015,-0.489403302,0.8720575717241232
Buck Creek,20/12/2011,0.846,0.846,1,0.846,59157,12,355,2011.9679223744292,1944,2012,-0.200187867,0.97975753
Buck Creek,21/12/2010,0.518,0.518,1,0.518,58793,12,356,2010.9706621004566,1932,2011,-0.183293292,0.9830582735300798
Buck Creek,22/12/2009,0.308,0.308,1,0.308,58429,12,357,2009.973401826484,1920,2010,-0.166344403,0.9860677155524509
Buck Creek,22/12/2020,0.218,0.218,1,0.218,62447,12,357,2020.9734744990892,2052,2021,-0.165894132,0.9861435681770354
Buck Creek,23/12/2019,0.253,0.253,1,0.253,62082,12,358,2019.9761415525113,2040,2020,-0.149346222,0.9887849644299406
Buck Creek,26/12/2006,0.62,0.62,1,0.62,57337,12,361,2006.9843607305936,1884,2007,-0.098106366,0.9951759347176669
Buck Creek,26/12/2007,0.165,0.165,1,0.165,57702,12,361,2007.9843607305936,1896,2008,-0.098106366,0.9951759347177316
Buck Creek,26/12/2017,0.304,0.304,1,0.304,61355,12,361,2017.9843607305936,2016,2018,-0.098106366,0.9951759347176659
Buck Creek,27/12/2005,0.512,0.512,1,0.512,56973,12,362,2005.987100456621,1872,2006,-0.080961512,0.9967172284752742
Buck Creek,27/12/2016,0.298,0.298,1,0.298,60991,12,362,2016.987135701275,2004,2017,-0.080740789,0.996735133
Buck Creek,28/12/2004,0.498,0.498,1,0.498,56609,12,363,2004.9898679417122,1860,2005,-0.063618607,0.9979742846477391
Buck Creek,03/12/2002,0.37,0.37,1,0.37,55853,12,338,2002.9213470319635,1836,2003,-0.474319754,0.8803526403178549
Buck Creek,03/12/2013,0.515,0.515,1,0.515,59871,12,338,2013.9213470319635,1968,2014,-0.474319754,0.8803526403178502
Buck Creek,30/12/2014,0.647,0.647,1,0.647,60263,12,365,2014.9953196347033,1980,2015,-0.029403364,0.9995676276198895
Buck Creek,30/12/2015,0.216,0.216,1,0.216,60628,12,365,2015.9953196347033,1992,2016,-0.029403364,0.9995676276198554
Buck Creek,31/12/2003,0.469,0.469,1,0.469,56246,12,366,2003.9980593607306,1848,2004,-0.012193094,0.9999256614662911
Buck Creek,31/12/2013,0.672,0.672,1,0.672,59899,12,366,2013.9980593607306,1968,2014,-0.012193094,0.9999256614662829
Buck Creek,04/12/2001,0.318,0.318,1,0.318,55489,12,339,2001.9240867579908,1824,2002,-0.459095655,0.8883868414255699
Buck Creek,04/12/2012,0.535,0.535,1,0.535,59507,12,339,2012.9242941712205,1956,2013,-0.457937505,0.8889843875417365
Buck Creek,06/12/2011,0.647,0.647,1,0.647,59143,12,341,2011.9295662100456,1944,2012,-0.428243888,0.9036631963571925
Buck Creek,07/12/2010,0.5,0.5,1,0.5,58779,12,342,2010.9323059360731,1932,2011,-0.412625363,0.9109008234679614
Buck Creek,08/12/2009,0.232,0.232,1,0.232,58415,12,343,2009.9350456621005,1920,2010,-0.396884567,0.9178685310058767
Buck Creek,08/12/2020,0.188,0.188,1,0.188,62433,12,343,2020.935223132969,2052,2021,-0.395860822,0.9183105192489365
Buck Creek,09/12/2008,0.269,0.269,1,0.269,58051,12,344,2008.937955373406,1908,2009,-0.38003847,0.9249706814905138
Buck Creek,01/02/2011,0.463,0.463,1,0.463,58835,2,32,2011.0857305936072,1934,2011,0.5129872361097009,0.858396235
Buck Creek,10/02/2004,0.564,0.564,1,0.564,56287,2,41,2004.110086520947,1850,2004,0.6378427674517043,0.7701666079554158
Buck Creek,10/02/2015,0.61,0.61,1,0.61,60305,2,41,2015.1103881278539,1982,2015,0.639301127,0.7689564804924075
Buck Creek,11/02/2003,0.661,0.661,1,0.661,55923,2,42,2003.1131278538812,1838,2003,0.6524427295032891,0.7578380333015083
Buck Creek,11/02/2014,0.673,0.673,1,0.673,59941,2,42,2014.1131278538812,1970,2014,0.6524427295032816,0.7578380333015147
Buck Creek,12/02/2013,0.764,0.764,1,0.764,59577,2,43,2013.1158675799086,1958,2013,0.6653909990483694,0.7464950223446991
Buck Creek,13/02/2018,0.413,0.413,1,0.413,61404,2,44,2018.1186073059362,2018,2018,0.678142099,0.7349308088018518
Buck Creek,14/02/2012,0.881,0.881,1,0.881,59213,2,45,2012.1210154826958,1946,2012,0.6891842998520147,0.7245860893209919
Buck Creek,15/02/2011,0.475,0.475,1,0.475,58849,2,46,2011.1240867579909,1934,2011,0.7030377352437575,0.7111525453960833
Buck Creek,16/02/2010,0.42,0.42,1,0.42,58485,2,47,2010.1268264840182,1922,2010,0.7151748946621396,0.6989455415445452
Buck Creek,17/02/2009,0.522,0.522,1,0.522,58121,2,48,2009.1295662100456,1910,2009,0.7271001323244869,0.6865314250445594
Buck Creek,17/02/2021,0.323,0.323,1,0.323,62504,2,48,2021.1295662100456,2054,2021,0.7271001323236849,0.6865314250454089
Buck Creek,18/02/2020,0.323,0.323,1,0.323,62139,2,49,2020.1319444444443,2042,2020,0.7372773368089377,0.675590208
Buck Creek,19/02/2008,0.511,0.511,1,0.511,57757,2,50,2008.1346766848817,1898,2008,0.7487661015856865,0.6628343119635355
Buck Creek,19/02/2019,0.302,0.302,1,0.302,61775,2,50,2019.1350456621005,2030,2019,0.7503007714044622,0.6610966286632152
Buck Creek,02/02/2010,0.462,0.462,1,0.462,58471,2,33,2010.0884703196348,1922,2010,0.5276871116244882,0.849438822
Buck Creek,20/02/2007,0.615,0.615,1,0.615,57393,2,51,2007.137785388128,1886,2007,0.7615692979704085,0.6480834856628112
Buck Creek,20/02/2018,0.438,0.438,1,0.438,61411,2,51,2018.137785388128,2018,2018,0.7615692979704022,0.6480834856628186
Buck Creek,21/02/2006,0.608,0.608,1,0.608,57029,2,52,2006.1405251141553,1874,2006,0.7726121551185422,0.6348783015374534
Buck Creek,21/02/2017,0.358,0.358,1,0.358,61047,2,52,2017.1405251141553,2006,2017,0.772612155,0.6348783015374609
Buck Creek,21/02/2018,0.518,0.518,1,0.518,61412,2,52,2018.1405251141553,2018,2018,0.7726121551189554,0.6348783015369506
Buck Creek,22/02/2005,0.514,0.514,1,0.514,56665,2,53,2005.1432648401826,1862,2005,0.7834260706107699,0.6214849892695471
Buck Creek,23/02/2016,0.428,0.428,1,0.428,60683,2,54,2016.1456056466302,1994,2016,0.7924816360168938,0.6098957751747321
Buck Creek,24/02/2004,0.546,0.546,1,0.546,56301,2,55,2004.1483378870673,1850,2004,0.8028345340208051,0.5962019045454289
Buck Creek,24/02/2015,0.626,0.626,1,0.626,60319,2,55,2015.1487442922376,1982,2015,0.8043543278305223,0.5941499097873437
Buck Creek,24/02/2017,0.44,0.44,1,0.44,61050,2,55,2017.1487442922376,2006,2017,0.8043543278313072,0.5941499097862811
Buck Creek,25/02/2003,0.738,0.738,1,0.738,55937,2,56,2003.151484018265,1838,2003,0.8144624680644797,0.5802162425461013
Buck Creek,25/02/2014,0.813,0.813,1,0.813,59955,2,56,2014.151484018265,1970,2014,0.8144624680644741,0.5802162425461093
Buck Creek,26/02/2002,0.615,0.615,1,0.615,55573,2,57,2002.1542237442923,1826,2002,0.8243292654915952,0.5661106447101018
Buck Creek,26/02/2013,0.693,0.693,1,0.693,59591,2,57,2013.1542237442923,1958,2013,0.8243292654915897,0.5661106447101099
Buck Creek,28/02/2012,0.722,0.722,1,0.722,59227,2,59,2012.159266848816,1946,2012,0.8418506765072203,0.5397105135758756
Buck Creek,03/02/2009,0.414,0.414,1,0.414,58107,2,34,2009.0912100456621,1910,2009,0.5422306220596748,0.8402297022248012
Buck Creek,04/02/2020,0.323,0.323,1,0.323,62125,2,35,2020.0936930783241,2042,2020,0.5552728228538788,0.8316682585020814
Buck Creek,04/02/2021,0.297,0.297,1,0.297,62491,2,35,2021.0939497716895,2054,2021,0.556613458,0.8307716043115854
Buck Creek,05/02/2002,0.685,0.685,1,0.685,55552,2,36,2002.0966894977169,1826,2002,0.5708313570773224,0.821067331
Buck Creek,05/02/2008,0.504,0.504,1,0.504,57743,2,36,2008.0964253187615,1898,2008,0.5694676937027459,0.8220137138934336
Buck Creek,05/02/2019,0.336,0.336,1,0.336,61761,2,36,2019.0966894977169,2030,2019,0.5708313570775815,0.8210673308425849
Buck Creek,06/02/2007,0.673,0.673,1,0.673,57379,2,37,2007.0994292237442,1886,2007,0.5848801066447641,0.8111197574040527
Buck Creek,07/02/2006,0.634,0.634,1,0.634,57015,2,38,2006.1021689497718,1874,2006,0.5987555436165372,0.8009318316738729
Buck Creek,07/02/2017,0.388,0.388,1,0.388,61033,2,38,2017.1021689497718,2006,2017,0.5987555436165293,0.8009318316738787
Buck Creek,08/02/2005,0.358,0.358,1,0.358,56651,2,39,2005.1049086757992,1862,2005,0.6124535563970517,0.7905065725574985
Buck Creek,08/02/2019,0.302,0.302,1,0.302,61764,2,39,2019.1049086757992,2030,2019,0.6124535563957346,0.7905065725585189
Buck Creek,09/02/2016,0.428,0.428,1,0.428,60669,2,40,2016.107354,1994,2016,0.6245278458976848,0.7810025414160939
Buck Creek,01/03/2011,0.759,0.759,1,0.759,58863,3,61,2011.1624429223743,1935,2011,0.8524527262323313,0.522804313
Buck Creek,10/03/2015,0.63,0.63,1,0.63,60333,3,70,2015.187100456621,1983,2015,0.9229159318793259,0.38500153594929404
Buck Creek,11/03/2003,0.596,0.596,1,0.596,55951,3,71,2003.1898401826484,1839,2003,0.9294063604839008,0.3690580131795941
Buck Creek,11/03/2014,0.713,0.713,1,0.713,59969,3,71,2014.1898401826484,1971,2014,0.9294063604838971,0.3690580131796032
Buck Creek,11/03/2020,0.449,0.449,1,0.449,62161,3,71,2020.192053734062,2043,2020,0.9344492213622416,0.3560964092707204
Buck Creek,12/03/2002,0.699,0.699,1,0.699,55587,3,72,2002.1925799086757,1827,2002,0.9356213859256182,0.35300513055566973
Buck Creek,12/03/2010,0.512,0.512,1,0.512,58509,3,72,2010.1925799086757,1923,2010,0.9356213859255573,0.3530051305558311
Buck Creek,12/03/2013,0.804,0.804,1,0.804,59605,3,72,2013.1925799086757,1959,2013,0.9356213859256147,0.3530051305556789
Buck Creek,12/03/2021,0.486,0.486,1,0.486,62527,3,72,2021.1925799086757,2055,2021,0.9356213859255539,0.35300513055584026
Buck Creek,13/03/2012,1.109,1.109,1,1.109,59241,3,73,2012.1975182149363,1947,2012,0.9461224242735367,0.3238091386708624
Buck Creek,15/03/2002,0.651,0.651,1,0.651,55590,3,75,2002.200799086758,1827,2002,0.9525960381014779,0.3042380452760105
Buck Creek,15/03/2011,0.92,0.92,1,0.92,58877,3,75,2011.200799086758,1935,2011,0.9525960381010729,0.3042380452772784
Buck Creek,15/03/2019,0.375,0.375,1,0.375,61799,3,75,2019.200799086758,2031,2019,0.9525960381010204,0.3042380452774427
Buck Creek,16/03/2010,0.563,0.563,1,0.563,58513,3,76,2010.2035388127854,1923,2010,0.9576918585482808,0.28779559425109297
Buck Creek,16/03/2021,0.361,0.361,1,0.361,62531,3,76,2021.2035388127854,2055,2021,0.957691859,0.28779559425110235
Buck Creek,17/03/2009,0.504,0.504,1,0.504,58149,3,77,2009.2062785388127,1911,2009,0.9625038942291071,0.27126786317919016
Buck Creek,17/03/2020,0.391,0.391,1,0.391,62167,3,77,2020.2084471766848,2043,2020,0.9661107121353693,0.25812805329388283
Buck Creek,18/03/2008,0.482,0.482,1,0.482,57785,3,78,2008.2111794171221,1899,2008,0.970399465,0.24150544246854308
Buck Creek,19/03/2009,0.519,0.519,1,0.519,58151,3,79,2009.2117579908677,1911,2009,0.9712709921654771,0.23797617481144973
Buck Creek,19/03/2019,0.333,0.333,1,0.333,61803,3,79,2019.2117579908677,2031,2019,0.9712709921653175,0.23797617481210084
Buck Creek,02/03/2010,0.433,0.433,1,0.433,58499,3,62,2010.165182648402,1923,2010,0.8613256430002775,0.5080532813693447
Buck Creek,02/03/2021,0.354,0.354,1,0.354,62517,3,62,2021.165182648402,2055,2021,0.8613256430002725,0.5080532813693531
Buck Creek,20/03/2007,0.927,0.927,1,0.927,57421,3,80,2007.214497716895,1887,2007,0.9752234565406734,0.22122208256153209
Buck Creek,20/03/2018,0.395,0.395,1,0.395,61439,3,80,2018.214497716895,2019,2018,0.9752234565406712,0.22122208256154163
Buck Creek,20/03/2020,0.337,0.337,1,0.337,62170,3,80,2020.2166438979964,2043,2020,0.9781178469248067,0.20805162226519716
Buck Creek,21/03/2006,0.762,0.762,1,0.762,57057,3,81,2006.2172374429224,1875,2006,0.978886941,0.20440243743354383
Buck Creek,21/03/2017,0.428,0.428,1,0.428,61075,3,81,2017.2172374429224,2007,2017,0.978886941,0.20440243743355344
Buck Creek,22/03/2005,0.736,0.736,1,0.736,56693,3,82,2005.2199771689498,1863,2005,0.98226036,0.18752222345197586
Buck Creek,22/03/2010,0.545,0.545,1,0.545,58519,3,82,2010.2199771689498,1923,2010,0.9822603604500711,0.1875222234523051
Buck Creek,22/03/2016,0.437,0.437,1,0.437,60711,3,82,2016.2221083788706,1995,2016,0.9846832907370661,0.17435256506063396
Buck Creek,23/03/2004,0.68,0.68,1,0.68,56329,3,83,2004.2248406193078,1851,2004,0.9875311890197997,0.15742347573707202
Buck Creek,23/03/2010,0.615,0.615,1,0.615,58520,3,83,2010.222716894977,1923,2010,0.9853427147974891,0.1705864425900077
Buck Creek,24/03/2015,0.679,0.679,1,0.679,60347,3,84,2015.2254566210045,1983,2015,0.9881330908333315,0.15360011328175258
Buck Creek,25/03/2003,0.913,0.913,1,0.913,55965,3,85,2003.228196347032,1839,2003,0.9906306617086359,0.13656826894527935
Buck Creek,25/03/2014,0.706,0.706,1,0.706,59983,3,85,2014.228196347032,1971,2014,0.9906306617086346,0.13656826894528906
Buck Creek,26/03/2013,0.799,0.799,1,0.799,59619,3,86,2013.2309360730594,1959,2013,0.9928346873393018,0.11949595648335089
Buck Creek,26/03/2021,0.427,0.427,1,0.427,62541,3,86,2021.2309360730594,2055,2021,0.9928346873392812,0.11949595648352214
Buck Creek,27/03/2002,0.589,0.589,1,0.589,55602,3,87,2002.2336757990868,1827,2002,0.9947445146248542,0.10238823479171401
Buck Creek,27/03/2012,0.913,0.913,1,0.913,59255,3,87,2012.2357695810565,1947,2012,0.9960053773474947,0.089293271
Buck Creek,28/03/2003,0.939,0.939,1,0.939,55968,3,88,2003.2364155251141,1839,2003,0.9963595776424622,0.085250173
Buck Creek,28/03/2009,0.426,0.426,1,0.426,58160,3,88,2009.2364155251141,1911,2009,0.996359578,0.085250173
Buck Creek,29/03/2003,0.95,0.95,1,0.95,55969,3,89,2003.2391552511415,1839,2003,0.997679398,0.06808685
Buck Creek,29/03/2009,0.514,0.514,1,0.514,58161,3,89,2009.2391552511415,1911,2009,0.9976793978139971,0.06808685
Buck Creek,29/03/2011,0.739,0.739,1,0.739,58891,3,89,2011.2391552511415,1935,2011,0.9976793978139632,0.06808685
Buck Creek,03/03/2002,0.641,0.641,1,0.641,55578,3,63,2002.1679223744293,1827,2002,0.8699433303898262,0.4931517027348255
Buck Creek,03/03/2009,0.563,0.563,1,0.563,58135,3,63,2009.1679223744293,1911,2009,0.8699433303903124,0.4931517027339678
Buck Creek,03/03/2020,0.337,0.337,1,0.337,62153,3,63,2020.1701958105646,2043,2020,0.8768987249935736,0.48067517733355547
Buck Creek,30/03/2002,0.563,0.563,1,0.563,55605,3,90,2002.2418949771688,1827,2002,0.9987035840483182,0.050903352
Buck Creek,30/03/2003,0.914,0.914,1,0.914,55970,3,90,2003.2418949771688,1839,2003,0.9987035840483518,0.050903352
Buck Creek,30/03/2009,0.55,0.55,1,0.55,58162,3,90,2009.2418949771688,1911,2009,0.9987035840482757,0.050903352
Buck Creek,30/03/2010,0.528,0.528,1,0.528,58527,3,90,2010.2418949771688,1923,2010,0.9987035840483094,0.050903351648604586
Buck Creek,30/03/2018,0.445,0.445,1,0.445,61449,3,90,2018.2418949771688,2019,2018,0.9987035840483006,0.050903352
Buck Creek,30/03/2021,0.363,0.363,1,0.363,62545,3,90,2021.2418949771688,2055,2021,0.9987035840483088,0.050903352
Buck Creek,31/03/2009,0.547,0.547,1,0.547,58163,3,91,2009.2446347031964,1911,2009,0.9994318328569636,0.033704769279292786
Buck Creek,04/03/2008,0.496,0.496,1,0.496,57771,3,64,2008.172928051002,1899,2008,0.8850209405531022,0.46555121606811684
Buck Creek,05/03/2011,0.675,0.675,1,0.675,58867,3,65,2011.173401826484,1935,2011,0.8864028789986669,0.46291460994753103
Buck Creek,05/03/2019,0.307,0.307,1,0.307,61789,3,65,2019.173401826484,2031,2019,0.886402879,0.4629146099476839
Buck Creek,06/03/2004,1.004,1.004,1,1.004,56312,3,66,2004.1783925318762,1851,2004,0.9004805956819838,0.43489619083204173
Buck Creek,06/03/2007,0.668,0.668,1,0.668,57407,3,66,2007.1761415525114,1887,2007,0.8942398628970964,0.4475880557005315
Buck Creek,06/03/2011,0.87,0.87,1,0.87,58868,3,66,2011.1761415525114,1935,2011,0.8942398628974649,0.4475880556997953
Buck Creek,06/03/2018,0.398,0.398,1,0.398,61425,3,66,2018.1761415525114,2019,2018,0.8942398628970921,0.4475880557005402
Buck Creek,07/03/2006,0.601,0.601,1,0.601,57043,3,67,2006.1788812785387,1875,2006,0.9018118642257803,0.43212887145112494
Buck Creek,07/03/2017,0.444,0.444,1,0.444,61061,3,67,2017.1788812785387,2007,2017,0.901811864,0.4321288714511338
Buck Creek,08/03/2011,1.007,1.007,1,1.007,58870,3,68,2011.1816210045663,1935,2011,0.9091166392365254,0.416541638
Buck Creek,08/03/2016,0.468,0.468,1,0.468,60697,3,68,2016.1838570127504,1995,2016,0.9148788259601516,0.40372853975137146
Buck Creek,09/03/2004,0.832,0.832,1,0.832,56315,3,69,2004.1865892531875,1851,2004,0.9216745537103701,0.3879639378122534
Buck Creek,09/03/2005,0.64,0.64,1,0.64,56680,3,69,2005.1843607305937,1863,2005,0.9161520233667043,0.40083097445318966
Buck Creek,01/04/2008,0.5,0.5,1,0.5,57799,4,92,2008.2494307832424,1900,2008,0.9999936043508348,0.003576487
Buck Creek,01/04/2013,0.683,0.683,1,0.683,59625,4,92,2013.2473744292238,1960,2013,0.9998639284438976,0.016496199463405168
Buck Creek,10/04/2011,0.71,0.71,1,0.71,58903,4,101,2011.2720319634702,1936,2011,0.9904337329667219,-0.137989205
Buck Creek,10/04/2012,0.707,0.707,1,0.707,59269,4,101,2012.2740209471767,1948,2012,0.9886319642351306,-0.150355709
Buck Creek,10/04/2013,0.787,0.787,1,0.787,59634,4,101,2013.2720319634702,1960,2013,0.9904337329667906,-0.137989205
Buck Creek,10/04/2019,0.353,0.353,1,0.353,61825,4,101,2019.2720319634702,2032,2019,0.9904337329667456,-0.137989205
Buck Creek,11/04/2011,0.762,0.762,1,0.762,58904,4,102,2011.2747716894978,1936,2011,0.9879117321959704,-0.155017449
Buck Creek,11/04/2017,0.396,0.396,1,0.396,61096,4,102,2017.2747716894978,2008,2017,0.987911732,-0.155017449
Buck Creek,12/04/2003,0.811,0.811,1,0.811,55983,4,103,2003.2775114155252,1840,2003,0.9850969918583377,-0.171999758
Buck Creek,12/04/2008,0.437,0.437,1,0.437,57810,4,103,2008.279485428051,1900,2008,0.9828879476910668,-0.184204458
Buck Creek,12/04/2011,0.893,0.893,1,0.893,58905,4,103,2011.2775114155252,1936,2011,0.9850969918583674,-0.171999758
Buck Creek,13/04/2002,0.584,0.584,1,0.584,55619,4,104,2002.2802511415525,1828,2002,0.9819903460217192,-0.188931099
Buck Creek,13/04/2004,0.617,0.617,1,0.617,56350,4,104,2004.282217668488,1852,2004,0.9795810024309028,-0.201049894
Buck Creek,13/04/2010,0.302,0.302,1,0.302,58541,4,104,2010.2802511415525,1924,2010,0.9819903460217518,-0.188931099
Buck Creek,13/04/2018,0.368,0.368,1,0.368,61463,4,104,2018.2802511415525,2020,2018,0.9819903460217844,-0.188931099
Buck Creek,13/04/2020,0.206,0.206,1,0.206,62194,4,104,2020.282217668488,2044,2020,0.9795810024309722,-0.201049893
Buck Creek,13/04/2021,0.155,0.155,1,0.155,62559,4,104,2021.2802511415525,2056,2021,0.9819903460217536,-0.188931099
Buck Creek,14/04/2002,0.654,0.654,1,0.654,55620,4,105,2002.2829908675799,1828,2002,0.9785927152527146,-0.205806457
Buck Creek,14/04/2004,0.736,0.736,1,0.736,56351,4,105,2004.2849499089252,1852,2004,0.9759853701533137,-0.217836079
Buck Creek,14/04/2008,0.434,0.434,1,0.434,57812,4,105,2008.2849499089252,1900,2008,0.9759853701531342,-0.217836079
Buck Creek,14/04/2009,0.395,0.395,1,0.395,58177,4,105,2009.2829908675799,1912,2009,0.9785927152525117,-0.205806457
Buck Creek,14/04/2018,0.372,0.372,1,0.372,61464,4,105,2018.2829908675799,2020,2018,0.9785927152527856,-0.205806457
Buck Creek,15/04/2003,0.85,0.85,1,0.85,55986,4,106,2003.2857305936072,1840,2003,0.9749051063423012,-0.222620829
Buck Creek,15/04/2004,0.755,0.755,1,0.755,56352,4,106,2004.2876821493626,1852,2004,0.9721021105070248,-0.234558067
Buck Creek,15/04/2013,0.728,0.728,1,0.728,59639,4,106,2013.2857305936072,1960,2013,0.9749051063424504,-0.222620829
Buck Creek,15/04/2019,0.267,0.267,1,0.267,61830,4,106,2019.2857305936072,2032,2019,0.974905106,-0.222620829
Buck Creek,16/04/2003,1.018,1.018,1,1.018,55987,4,107,2003.2884703196346,1840,2003,0.9709286120088672,-0.239369234
Buck Creek,16/04/2011,0.512,0.512,1,0.512,58909,4,107,2011.2884703196346,1936,2011,0.970928612,-0.239369234
Buck Creek,16/04/2013,0.697,0.697,1,0.697,59640,4,107,2013.2884703196346,1960,2013,0.9709286120085922,-0.239369234
Buck Creek,16/04/2018,0.393,0.393,1,0.393,61466,4,107,2018.2884703196346,2020,2018,0.9709286120086724,-0.239369234
Buck Creek,17/04/2007,0.826,0.826,1,0.826,57449,4,108,2007.2912100456622,1888,2007,0.9666644105726906,-0.256046709
Buck Creek,17/04/2011,0.508,0.508,1,0.508,58910,4,108,2011.2912100456622,1936,2011,0.9666644105724798,-0.256046709
Buck Creek,17/04/2013,0.731,0.731,1,0.731,59641,4,108,2013.2912100456622,1960,2013,0.9666644105726073,-0.256046709
Buck Creek,17/04/2018,0.399,0.399,1,0.399,61467,4,108,2018.2912100456622,2020,2018,0.9666644105726931,-0.256046709
Buck Creek,18/04/2006,0.388,0.388,1,0.388,57085,4,109,2006.2939497716895,1876,2006,0.9621137656096792,-0.272648312
Buck Creek,18/04/2017,0.287,0.287,1,0.287,61103,4,109,2017.2939497716895,2008,2017,0.9621137656096819,-0.272648312
Buck Creek,19/04/2003,0.868,0.868,1,0.868,55990,4,110,2003.296689497717,1840,2003,0.9572780255741733,-0.289169123
Buck Creek,19/04/2005,0.524,0.524,1,0.524,56721,4,110,2005.296689497717,1864,2005,0.9572780255743173,-0.289169123
Buck Creek,19/04/2013,0.724,0.724,1,0.724,59643,4,110,2013.296689497717,1960,2013,0.9572780255738411,-0.289169123
Buck Creek,19/04/2016,0.295,0.295,1,0.295,60739,4,110,2016.298611111111,1996,2016,0.9537169507482401,-0.3007058
Buck Creek,02/04/2019,0.318,0.318,1,0.318,61817,4,93,2019.2501141552511,2032,2019,0.9999997427700635,-7.17E-04
Buck Creek,20/04/2004,0.594,0.594,1,0.594,56357,4,111,2004.3013433515482,1852,2004,0.9484144034538552,-0.317033309
Buck Creek,20/04/2005,0.461,0.461,1,0.461,56722,4,111,2005.2994292237443,1864,2005,0.9521586233995174,-0.305604247
Buck Creek,20/04/2011,0.609,0.609,1,0.609,58913,4,111,2011.2994292237443,1936,2011,0.9521586233994179,-0.305604247
Buck Creek,20/04/2019,0.204,0.204,1,0.204,61835,4,111,2019.2994292237443,2032,2019,0.9521586233994707,-0.305604247
Buck Creek,21/04/2011,0.704,0.704,1,0.704,58914,4,112,2011.3021689497716,1936,2011,0.9467570760757867,-0.321948814
Buck Creek,21/04/2015,0.816,0.816,1,0.816,60375,4,112,2015.3021689497716,1984,2015,0.9467570760761073,-0.321948814
Buck Creek,21/04/2017,0.223,0.223,1,0.223,61106,4,112,2017.3021689497716,2008,2017,0.9467570760756819,-0.321948814
Buck Creek,22/04/2003,0.783,0.783,1,0.783,55993,4,113,2003.3049086757992,1840,2003,0.9410749841971768,-0.338197981
Buck Creek,22/04/2006,0.288,0.288,1,0.288,57089,4,113,2006.3049086757992,1876,2006,0.9410749841971218,-0.338197981
Buck Creek,22/04/2012,0.64,0.64,1,0.64,59281,4,113,2012.3068078324227,1948,2012,0.9369724476855396,-0.349403252
Buck Creek,22/04/2014,0.79,0.79,1,0.79,60011,4,113,2014.3049086757992,1972,2014,0.941074984,-0.338197981
Buck Creek,23/04/2005,0.454,0.454,1,0.454,56725,4,114,2005.3076484018266,1864,2005,0.9351140314908878,-0.354346932
Buck Creek,23/04/2006,0.4,0.4,1,0.4,57090,4,114,2006.3076484018266,1876,2006,0.9351140314912982,-0.354346932
Buck Creek,23/04/2007,0.896,0.896,1,0.896,57455,4,114,2007.3076484018266,1888,2007,0.9351140314910642,-0.354346932
Buck Creek,23/04/2012,0.797,0.797,1,0.797,59282,4,114,2012.3095400728598,1948,2012,0.9308364112091773,-0.365436144
Buck Creek,23/04/2013,0.724,0.724,1,0.724,59647,4,114,2013.3076484018266,1960,2013,0.9351140314909488,-0.354346932
Buck Creek,23/04/2018,0.302,0.302,1,0.302,61473,4,114,2018.3076484018266,2020,2018,0.9351140314910676,-0.354346932
Buck Creek,24/04/2012,0.925,0.925,1,0.925,59283,4,115,2012.312272313297,1948,2012,0.9244260529706083,-0.381361341
Buck Creek,24/04/2018,0.316,0.316,1,0.316,61474,4,115,2018.310388127854,2020,2018,0.928875984,-0.370390882
Buck Creek,24/04/2020,0.23,0.23,1,0.23,62205,4,115,2020.312272313297,2044,2020,0.924426053,-0.381361341
Buck Creek,25/04/2005,0.617,0.617,1,0.617,56727,4,116,2005.3131278538813,1864,2005,0.9223626911404565,-0.386325078
Buck Creek,25/04/2006,0.386,0.386,1,0.386,57092,4,116,2006.3131278538813,1876,2006,0.9223626911402013,-0.386325078
Buck Creek,25/04/2018,0.328,0.328,1,0.328,61475,4,116,2018.3131278538813,2020,2018,0.9223626911406526,-0.386325078
Buck Creek,26/04/2005,0.484,0.484,1,0.484,56728,4,117,2005.3158675799086,1864,2005,0.9155760819932094,-0.402144797
Buck Creek,26/04/2011,0.588,0.588,1,0.588,58919,4,117,2011.3158675799086,1936,2011,0.9155760819930785,-0.402144797
Buck Creek,27/04/2010,0.234,0.234,1,0.234,58555,4,118,2010.318607305936,1924,2010,0.9085181678925238,-0.417845353
Buck Creek,27/04/2021,0.133,0.133,1,0.133,62573,4,118,2021.318607305936,2056,2021,0.9085181678925279,-0.417845353
Buck Creek,28/04/2009,0.218,0.218,1,0.218,58191,4,119,2009.3213470319636,1912,2009,0.9011910402513845,-0.433422091
Buck Creek,28/04/2011,0.454,0.454,1,0.454,58921,4,119,2011.3213470319636,1936,2011,0.90119104,-0.433422091
Buck Creek,29/04/2008,0.178,0.178,1,0.178,57827,4,120,2008.3259335154828,1900,2008,0.8883283536999137,-0.459208815
Buck Creek,03/04/2002,0.648,0.648,1,0.648,55609,4,94,2002.2528538812785,1828,2002,0.9998392355906837,-0.017930504
Buck Creek,03/04/2007,1.072,1.072,1,1.072,57435,4,94,2007.2528538812785,1888,2007,0.9998392355906898,-0.017930504
Buck Creek,03/04/2018,0.379,0.379,1,0.379,61453,4,94,2018.2528538812785,2020,2018,0.9998392355906899,-0.017930504
Buck Creek,30/04/2019,0.134,0.134,1,0.134,61845,4,121,2019.3268264840183,2032,2019,0.8857379082225174,-0.464185693
Buck Creek,04/04/2003,0.942,0.942,1,0.942,55975,4,95,2003.2555936073059,1840,2003,0.9993824544675057,-0.035138436
Buck Creek,04/04/2006,0.631,0.631,1,0.631,57071,4,95,2006.2555936073059,1876,2006,0.999382454,-0.035138436
Buck Creek,04/04/2017,0.365,0.365,1,0.365,61089,4,95,2017.2555936073059,2008,2017,0.9993824544675003,-0.035138436
Buck Creek,04/04/2018,0.375,0.375,1,0.375,61454,4,95,2018.2555936073059,2020,2018,0.9993824544674771,-0.035138436
Buck Creek,05/04/2005,0.951,0.951,1,0.951,56707,4,96,2005.2583333333334,1864,2005,0.9986295347546006,-0.052335956
Buck Creek,05/04/2008,0.479,0.479,1,0.479,57803,4,96,2008.2603597449909,1900,2008,0.9978822508109011,-0.065046241
Buck Creek,05/04/2016,0.375,0.375,1,0.375,60725,4,96,2016.2603597449909,1996,2016,0.9978822508109123,-0.065046241
Buck Creek,06/04/2004,0.836,0.836,1,0.836,56343,4,97,2004.263091985428,1852,2004,0.996618605,-0.082166632
Buck Creek,07/04/2003,0.864,0.864,1,0.864,55978,4,98,2003.2638127853882,1840,2003,0.99623626,-0.08667938
Buck Creek,07/04/2015,0.899,0.899,1,0.899,60361,4,98,2015.2638127853882,1984,2015,0.9962362596713592,-0.08667938
Buck Creek,07/04/2017,0.421,0.421,1,0.421,61092,4,98,2017.2638127853882,2008,2017,0.9962362596712447,-0.08667938
Buck Creek,07/04/2021,0.234,0.234,1,0.234,62553,4,98,2021.2638127853882,2056,2021,0.99623626,-0.08667938
Buck Creek,08/04/2003,0.788,0.788,1,0.788,55979,4,99,2003.2665525114155,1840,2003,0.9945966134799933,-0.103815107
Buck Creek,08/04/2008,0.438,0.438,1,0.438,57806,4,99,2008.2685564663025,1900,2008,0.9932106491324082,-0.116329732
Buck Creek,08/04/2014,0.819,0.819,1,0.819,59997,4,99,2014.2665525114155,1972,2014,0.9945966134799944,-0.103815107
Buck Creek,08/04/2019,0.27,0.27,1,0.27,61823,4,99,2019.2665525114155,2032,2019,0.9945966134800291,-0.103815107
Buck Creek,09/04/2002,0.55,0.55,1,0.55,55615,4,100,2002.2692922374429,1828,2002,0.9926622468468902,-0.120920071
Buck Creek,09/04/2008,0.447,0.447,1,0.447,57807,4,100,2008.2712887067396,1900,2008,0.9910673427311337,-0.133362372
Buck Creek,09/04/2011,0.689,0.689,1,0.689,58902,4,100,2011.2692922374429,1936,2011,0.9926622468470511,-0.120920071
Buck Creek,09/04/2013,0.712,0.712,1,0.712,59633,4,100,2013.2692922374429,1960,2013,0.9926622468468914,-0.120920071
Buck Creek,09/04/2019,0.353,0.353,1,0.353,61824,4,100,2019.2692922374429,2032,2019,0.992662247,-0.120920071
Buck Creek,01/05/2007,0.742,0.742,1,0.742,57463,5,122,2007.3295662100456,1889,2007,0.8776164829307868,-0.479363441
Buck Creek,01/05/2018,0.309,0.309,1,0.309,61481,5,122,2018.3295662100456,2021,2018,0.8776164829307914,-0.479363441
Buck Creek,10/05/2007,0.405,0.405,1,0.405,57472,5,131,2007.3542237442923,1889,2007,0.7931349695927942,-0.60904591
Buck Creek,10/05/2011,0.314,0.314,1,0.314,58933,5,131,2011.3542237442923,1937,2011,0.7931349695934006,-0.60904591
Buck Creek,10/05/2019,0.081,0.081,1,0.081,61855,5,131,2019.3542237442923,2033,2019,0.7931349695935057,-0.60904591
Buck Creek,11/05/2003,0.274,0.274,1,0.274,56012,5,132,2003.3569634703197,1841,2003,0.7825337339321345,-0.622608188
Buck Creek,11/05/2007,0.536,0.536,1,0.536,57473,5,132,2007.3569634703197,1889,2007,0.782533734,-0.622608188
Buck Creek,11/05/2010,0.199,0.199,1,0.199,58569,5,132,2010.3569634703197,1925,2010,0.7825337339315207,-0.622608188
Buck Creek,11/05/2021,0.09,0.09,1,0.09,62587,5,132,2021.3569634703197,2057,2021,0.7825337339315268,-0.622608188
Buck Creek,12/05/2003,0.442,0.442,1,0.442,56013,5,133,2003.359703196347,1841,2003,0.771700617,-0.635985973
Buck Creek,12/05/2009,0.161,0.161,1,0.161,58205,5,133,2009.359703196347,1913,2009,0.771700617,-0.635985973
Buck Creek,13/05/2002,0.223,0.223,1,0.223,55649,5,134,2002.3624429223744,1829,2002,0.7606388277941043,-0.649175303
Buck Creek,13/05/2006,0.174,0.174,1,0.174,57110,5,134,2006.3624429223744,1877,2006,0.7606388277935698,-0.649175303
Buck Creek,14/05/2002,0.309,0.309,1,0.309,55650,5,135,2002.3651826484017,1829,2002,0.7493516452499861,-0.662172267
Buck Creek,14/05/2003,0.434,0.434,1,0.434,56015,5,135,2003.3651826484017,1841,2003,0.7493516452507532,-0.662172267
Buck Creek,14/05/2019,0.087,0.087,1,0.087,61859,5,135,2019.3651826484017,2033,2019,0.7493516452497772,-0.662172267
Buck Creek,15/05/2002,0.333,0.333,1,0.333,55651,5,136,2002.3679223744293,1829,2002,0.737842414,-0.674973016
Buck Creek,15/05/2007,0.484,0.484,1,0.484,57477,5,136,2007.3679223744293,1889,2007,0.7378424136412483,-0.674973016
Buck Creek,15/05/2018,0.174,0.174,1,0.174,61495,5,136,2018.3679223744293,2021,2018,0.7378424136412548,-0.674973016
Buck Creek,16/05/2006,0.193,0.193,1,0.193,57113,5,137,2006.3706621004567,1877,2006,0.7261145434016122,-0.687573756
Buck Creek,16/05/2009,0.132,0.132,1,0.132,58209,5,137,2009.3706621004567,1913,2009,0.7261145434015004,-0.687573756
Buck Creek,16/05/2014,0.459,0.459,1,0.459,60035,5,137,2014.3706621004567,1973,2014,0.7261145434017308,-0.687573756
Buck Creek,16/05/2017,0.14,0.14,1,0.14,61131,5,137,2017.3706621004567,2009,2017,0.726114543,-0.687573756
Buck Creek,17/05/2002,0.332,0.332,1,0.332,55653,5,138,2002.373401826484,1829,2002,0.71417151,-0.699970753
Buck Creek,17/05/2005,0.112,0.112,1,0.112,56749,5,138,2005.373401826484,1865,2005,0.7141715097531961,-0.699970753
Buck Creek,17/05/2009,0.187,0.187,1,0.187,58210,5,138,2009.373401826484,1913,2009,0.7141715097526199,-0.699970753
Buck Creek,17/05/2014,0.519,0.519,1,0.519,60036,5,138,2014.373401826484,1973,2014,0.7141715097528545,-0.699970753
Buck Creek,17/05/2016,0.14,0.14,1,0.14,60767,5,138,2016.3751138433515,1997,2016,0.7066008076496862,-0.707612393
Buck Creek,18/05/2004,0.239,0.239,1,0.239,56385,5,139,2004.3778460837887,1853,2004,0.6943495807233244,-0.719637867
Buck Creek,19/05/2015,0.277,0.277,1,0.277,60403,5,140,2015.3788812785388,1985,2015,0.6896541708479231,-0.724138885
Buck Creek,02/05/2003,0.458,0.458,1,0.458,56003,5,123,2003.332305936073,1841,2003,0.869235001,-0.494399144
Buck Creek,02/05/2006,0.312,0.312,1,0.312,57099,5,123,2006.332305936073,1877,2006,0.8692350009346436,-0.494399144
Buck Creek,02/05/2017,0.139,0.139,1,0.139,61117,5,123,2017.332305936073,2009,2017,0.8692350009346484,-0.494399144
Buck Creek,20/05/2003,0.325,0.325,1,0.325,56021,5,141,2003.3816210045661,1841,2003,0.6770871306081232,-0.735902859
Buck Creek,20/05/2011,0.17,0.17,1,0.17,58943,5,141,2011.3816210045661,1937,2011,0.6770871306082501,-0.735902859
Buck Creek,20/05/2014,0.44,0.44,1,0.44,60039,5,141,2014.3816210045661,1973,2014,0.6770871306081304,-0.735902859
Buck Creek,20/05/2019,0.081,0.081,1,0.081,61865,5,141,2019.3816210045661,2033,2019,0.677087131,-0.735902859
Buck Creek,20/05/2020,0.127,0.127,1,0.127,62231,5,141,2020.3833105646631,2045,2020,0.6692369136420959,-0.743049092
Buck Creek,21/05/2002,0.269,0.269,1,0.269,55657,5,142,2002.3843607305937,1829,2002,0.6643194548374268,-0.747448769
Buck Creek,21/05/2011,0.251,0.251,1,0.251,58944,5,142,2011.3843607305937,1937,2011,0.6643194548384217,-0.747448769
Buck Creek,21/05/2013,0.283,0.283,1,0.283,59675,5,142,2013.3843607305937,1961,2013,0.6643194548374342,-0.747448769
Buck Creek,22/05/2004,0.185,0.185,1,0.185,56389,5,143,2004.3887750455374,1853,2004,0.6433353959259709,-0.765584462
Buck Creek,22/05/2012,0.409,0.409,1,0.409,59311,5,143,2012.3887750455374,1949,2012,0.643335396,-0.765584462
Buck Creek,23/05/2004,0.185,0.185,1,0.185,56390,5,144,2004.3915072859745,1853,2004,0.6300983236496911,-0.776515359
Buck Creek,23/05/2014,0.298,0.298,1,0.298,60042,5,144,2014.3898401826484,1973,2014,0.6381973883944352,-0.769872777
Buck Creek,24/05/2004,0.284,0.284,1,0.284,56391,5,145,2004.3942395264116,1853,2004,0.6166755585067274,-0.787217413
Buck Creek,24/05/2011,0.21,0.21,1,0.21,58947,5,145,2011.3925799086758,1937,2011,0.6248507382526163,-0.780744231
Buck Creek,24/05/2013,0.137,0.137,1,0.137,59678,5,145,2013.3925799086758,1961,2013,0.6248507382515849,-0.780744231
Buck Creek,24/05/2014,0.39,0.39,1,0.39,60043,5,145,2014.3925799086758,1973,2014,0.6248507382524893,-0.780744231
Buck Creek,25/05/2004,0.311,0.311,1,0.311,56392,5,146,2004.3969717668488,1853,2004,0.6030710562447331,-0.797687471
Buck Creek,25/05/2010,0.181,0.181,1,0.181,58583,5,146,2010.3953196347031,1925,2010,0.6113189313506456,-0.791384334
Buck Creek,25/05/2013,0.22,0.22,1,0.22,59679,5,146,2013.3953196347031,1961,2013,0.6113189313505168,-0.791384334
Buck Creek,25/05/2021,0.126,0.126,1,0.126,62601,5,146,2021.3953196347031,2057,2021,0.6113189313506534,-0.791384334
Buck Creek,26/05/2009,0.181,0.181,1,0.181,58219,5,147,2009.3980593607305,1913,2009,0.5976059774559659,-0.801789932
Buck Creek,26/05/2014,0.403,0.403,1,0.403,60045,5,147,2014.3980593607305,1973,2014,0.5976059774562347,-0.801789932
Buck Creek,27/05/2008,0.118,0.118,1,0.118,57855,5,148,2008.4024362477232,1901,2008,0.5753329299829493,-0.817919323
Buck Creek,28/05/2019,0.063,0.063,1,0.063,61873,5,149,2019.4035388127854,2033,2019,0.5696529349398723,-0.821885353
Buck Creek,29/05/2007,0.342,0.342,1,0.342,57491,5,150,2007.4062785388128,1889,2007,0.5554211294072756,-0.831569221
Buck Creek,29/05/2018,0.195,0.195,1,0.195,61509,5,150,2018.4062785388128,2021,2018,0.5554211294072837,-0.831569221
Buck Creek,03/05/2005,0.571,0.571,1,0.571,56735,5,124,2005.3350456621004,1865,2005,0.860595946,-0.509288345
Buck Creek,03/05/2016,0.183,0.183,1,0.183,60753,5,124,2016.3368624772313,1997,2016,0.8547262770362912,-0.519078984
Buck Creek,30/05/2006,0.129,0.129,1,0.129,57127,5,151,2006.4090182648401,1877,2006,0.5410247406070677,-0.841006677
Buck Creek,30/05/2017,0.078,0.078,1,0.078,61145,5,151,2017.4090182648401,2009,2017,0.541024741,-0.841006677
Buck Creek,31/05/2005,0.242,0.242,1,0.242,56763,5,152,2005.4117579908675,1865,2005,0.5264680345014882,-0.850194924
Buck Creek,31/05/2016,0.228,0.228,1,0.228,60781,5,152,2016.4133652094717,1997,2016,0.5178556834797987,-0.855467995
Buck Creek,04/05/2004,0.395,0.395,1,0.395,56371,5,125,2004.3395947176684,1853,2004,0.8456896501543354,-0.533675009
Buck Creek,04/05/2011,0.33,0.33,1,0.33,58927,5,125,2011.337785388128,1937,2011,0.8517018776100189,-0.524026633
Buck Creek,05/05/2011,0.389,0.389,1,0.389,58928,5,126,2011.3405251141553,1937,2011,0.8425554317235945,-0.53860964
Buck Creek,05/05/2015,0.484,0.484,1,0.484,60389,5,126,2015.3405251141553,1985,2015,0.8425554317241308,-0.53860964
Buck Creek,06/05/2003,0.391,0.391,1,0.391,56007,5,127,2003.3432648401827,1841,2003,0.833159318,-0.553033046
Buck Creek,06/05/2014,0.638,0.638,1,0.638,60025,5,127,2014.3432648401827,1973,2014,0.8331593184798024,-0.553033046
Buck Creek,07/05/2002,0.295,0.295,1,0.295,55643,5,128,2002.346005,1829,2002,0.8235163221483428,-0.567292576
Buck Creek,07/05/2013,0.378,0.378,1,0.378,59661,5,128,2013.346005,1961,2013,0.8235163221483484,-0.567292576
Buck Creek,08/05/2012,0.573,0.573,1,0.573,59297,5,129,2012.3505236794172,1949,2012,0.807078585,-0.590444035
Buck Creek,01/06/2004,0.235,0.235,1,0.235,56399,6,153,2004.4160974499089,1854,2004,0.5030941305532056,-0.864231622
Buck Creek,01/06/2015,0.196,0.196,1,0.196,60416,6,153,2015.414497716895,1986,2015,0.5117553245520852,-0.85913124
Buck Creek,10/06/2008,0.207,0.207,1,0.207,57869,6,162,2008.4406876138432,1902,2008,0.36410411833790207,-0.931358251
Buck Creek,11/06/2013,0.158,0.158,1,0.158,59696,6,163,2013.4418949771689,1962,2013,0.35702834409981027,-0.934093551
Buck Creek,11/06/2019,0.056,0.056,1,0.056,61887,6,163,2019.4418949771689,2034,2019,0.35702834410120543,-0.934093551
Buck Creek,12/06/2007,0.315,0.315,1,0.315,57505,6,164,2007.4446347031962,1890,2007,0.34089656152754366,-0.940100811
Buck Creek,12/06/2018,0.263,0.263,1,0.263,61523,6,164,2018.4446347031962,2022,2018,0.3408965615275529,-0.940100811
Buck Creek,13/06/2006,0.162,0.162,1,0.162,57141,6,165,2006.4473744292238,1878,2006,0.3246637639438358,-0.945829499
Buck Creek,13/06/2014,0.193,0.193,1,0.193,60063,6,165,2014.4473744292238,1974,2014,0.32466376394399893,-0.945829499
Buck Creek,13/06/2017,0.16,0.16,1,0.16,61159,6,165,2017.4473744292238,2010,2017,0.32466376394384505,-0.945829499
Buck Creek,14/06/2005,0.178,0.178,1,0.178,56777,6,166,2005.4501141552512,1866,2005,0.30833476148349026,-0.951277917
Buck Creek,14/06/2016,0.141,0.141,1,0.141,60795,6,166,2016.451616575592,1998,2016,0.2993411069345253,-0.954146164
Buck Creek,15/06/2004,0.239,0.239,1,0.239,56413,6,167,2004.454348816029,1854,2004,0.2829178106567416,-0.959144156
Buck Creek,16/06/2005,0.145,0.145,1,0.145,56779,6,168,2005.455593607306,1866,2005,0.2754075235367449,-0.96132757
Buck Creek,16/06/2015,0.147,0.147,1,0.147,60431,6,168,2015.455593607306,1986,2015,0.27540752353738934,-0.96132757
Buck Creek,17/06/2003,0.242,0.242,1,0.242,56049,6,169,2003.4583333333333,1842,2003,0.25881904510345943,-0.965925826
Buck Creek,17/06/2005,0.16,0.16,1,0.16,56780,6,169,2005.4583333333333,1866,2005,0.2588190451039403,-0.965925826
Buck Creek,17/06/2006,0.157,0.157,1,0.157,57145,6,169,2006.4583333333333,1878,2006,0.2588190451033023,-0.965925826
Buck Creek,17/06/2014,0.204,0.204,1,0.204,60067,6,169,2014.4583333333333,1974,2014,0.2588190451034689,-0.965925826
Buck Creek,18/06/2002,0.109,0.109,1,0.109,55685,6,170,2002.4610730593608,1830,2002,0.24215387300069943,-0.970237858
Buck Creek,18/06/2005,0.185,0.185,1,0.185,56781,6,170,2005.4610730593608,1866,2005,0.24215387300054156,-0.970237858
Buck Creek,18/06/2006,0.108,0.108,1,0.108,57146,6,170,2006.4610730593608,1878,2006,0.24215387299990068,-0.970237858
Buck Creek,18/06/2013,0.144,0.144,1,0.144,59703,6,170,2013.4610730593608,1962,2013,0.24215387300070892,-0.970237858
Buck Creek,19/06/2007,0.313,0.313,1,0.313,57512,6,171,2007.4638127853882,1890,2007,0.225416945,-0.974262388
Buck Creek,19/06/2012,0.28,0.28,1,0.28,59339,6,171,2012.4652777777778,1950,2012,0.216439614,-0.976296007
Buck Creek,20/06/2007,0.416,0.416,1,0.416,57513,6,172,2007.4665525114156,1890,2007,0.20861322205278718,-0.977998223
Buck Creek,20/06/2019,0.099,0.099,1,0.099,61896,6,172,2019.4665525114156,2034,2019,0.20861322205215072,-0.977998223
Buck Creek,21/06/2011,0.176,0.176,1,0.176,58975,6,173,2011.469292237443,1938,2011,0.19174768202589507,-0.981444255
Buck Creek,21/06/2019,0.073,0.073,1,0.073,61897,6,173,2019.469292237443,2034,2019,0.19174768202606435,-0.981444255
Buck Creek,22/06/2010,0.146,0.146,1,0.146,58611,6,174,2010.4720319634703,1926,2010,0.17482532302223483,-0.984599465
Buck Creek,22/06/2021,0.049,0.049,1,0.049,62629,6,174,2021.4720319634703,2058,2021,0.1748253230222445,-0.984599465
Buck Creek,23/06/2009,0.148,0.148,1,0.148,58247,6,175,2009.4747716894976,1914,2009,0.15785115950232168,-0.987462916
Buck Creek,23/06/2015,0.111,0.111,1,0.111,60438,6,175,2015.4747716894976,1986,2015,0.15785115950379658,-0.987462916
Buck Creek,23/06/2017,0.123,0.123,1,0.123,61169,6,175,2017.4747716894976,2010,2017,0.15785116,-0.987462916
Buck Creek,23/06/2020,0.231,0.231,1,0.231,62265,6,175,2020.4762067395263,2046,2020,0.14894122117346678,-0.988846051
Buck Creek,24/06/2008,0.287,0.287,1,0.287,57883,6,176,2008.4789389799635,1902,2008,0.1319444169556886,-0.991257116
Buck Creek,25/06/2019,0.07,0.07,1,0.07,61901,6,177,2019.4802511415526,2034,2019,0.1237675520191849,-0.992311238
Buck Creek,26/06/2006,0.149,0.149,1,0.149,57154,6,178,2006.482991,1878,2006,0.10666820776393386,-0.994294671
Buck Creek,26/06/2007,0.388,0.388,1,0.388,57519,6,178,2007.482991,1890,2007,0.10666820776327707,-0.994294671
Buck Creek,26/06/2018,0.252,0.252,1,0.252,61537,6,178,2018.482991,2022,2018,0.10666820776328681,-0.994294671
Buck Creek,27/06/2006,0.148,0.148,1,0.148,57155,6,179,2006.4857305936073,1878,2006,0.089537255,-0.995983474
Buck Creek,27/06/2017,0.101,0.101,1,0.101,61173,6,179,2017.4857305936073,2010,2017,0.089537255,-0.995983474
Buck Creek,28/06/2005,0.323,0.323,1,0.323,56791,6,180,2005.4884703196346,1866,2005,0.072379771,-0.997377145
Buck Creek,28/06/2006,0.224,0.224,1,0.224,57156,6,180,2006.4884703196346,1878,2006,0.072379771,-0.997377145
Buck Creek,28/06/2008,0.178,0.178,1,0.178,57887,6,180,2008.4898679417122,1902,2008,0.063618607,-0.997974285
Buck Creek,28/06/2010,0.106,0.106,1,0.106,58617,6,180,2010.4884703196346,1926,2010,0.072379771,-0.997377145
Buck Creek,28/06/2013,0.131,0.131,1,0.131,59713,6,180,2013.4884703196346,1962,2013,0.072379771,-0.997377145
Buck Creek,28/06/2016,0.385,0.385,1,0.385,60809,6,180,2016.4898679417122,1998,2016,0.063618607,-0.997974285
Buck Creek,29/06/2004,0.335,0.335,1,0.335,56427,6,181,2004.4926001821493,1854,2004,0.046477677192857676,-0.998919329
Buck Creek,29/06/2008,0.074,0.074,1,0.074,57888,6,181,2008.4926001821493,1902,2008,0.046477677,-0.998919329
Buck Creek,29/06/2010,0.099,0.099,1,0.099,58618,6,181,2010.491210045662,1926,2010,0.055200839,-0.998475271
Buck Creek,03/06/2003,0.19,0.19,1,0.19,56035,6,155,2003.4199771689498,1842,2003,0.4818793768445147,-0.876237563
Buck Creek,03/06/2014,0.314,0.314,1,0.314,60053,6,155,2014.4199771689498,1974,2014,0.4818793768445233,-0.876237563
Buck Creek,30/06/2015,0.098,0.098,1,0.098,60445,6,182,2015.4939497716896,1986,2015,0.038005550332541826,-0.999277528
Buck Creek,04/06/2002,0.164,0.164,1,0.164,55671,6,156,2002.4227168949772,1830,2002,0.46672499197189415,-0.8844025
Buck Creek,04/06/2013,0.196,0.196,1,0.196,59689,6,156,2013.4227168949772,1962,2013,0.4667249919719028,-0.8844025
Buck Creek,05/06/2012,0.288,0.288,1,0.288,59325,6,157,2012.4270264116576,1950,2012,0.44260942795558705,-0.8967145
Buck Creek,05/06/2016,0.239,0.239,1,0.239,60786,6,157,2016.4270264116576,1998,2016,0.4426094279564799,-0.8967145
Buck Creek,05/06/2018,0.175,0.175,1,0.175,61516,6,157,2018.4254566210045,2022,2018,0.45143230641273835,-0.89230537
Buck Creek,06/06/2017,0.104,0.104,1,0.104,61152,6,158,2017.4281963470319,2010,2017,0.43600585171715067,-0.89994383
Buck Creek,06/06/2019,0.056,0.056,1,0.056,61882,6,158,2019.4281963470319,2034,2019,0.43600585171759876,-0.89994383
Buck Creek,07/06/2011,0.176,0.176,1,0.176,58961,6,159,2011.4309360730595,1938,2011,0.42045019907761333,-0.907315618
Buck Creek,08/06/2010,0.113,0.113,1,0.113,58597,6,160,2010.4336757990868,1926,2010,0.4047699579703277,-0.914418548
Buck Creek,08/06/2021,0.203,0.203,1,0.203,62615,6,160,2021.4336757990868,2058,2021,0.4047699579703367,-0.914418548
Buck Creek,09/06/2009,0.186,0.186,1,0.186,58233,6,161,2009.4364155251142,1914,2009,0.38896977479051564,-0.921250517
Buck Creek,09/06/2015,0.228,0.228,1,0.228,60424,6,161,2015.4364155251142,1986,2015,0.3889697747902159,-0.921250517
Buck Creek,09/06/2020,0.186,0.186,1,0.186,62251,6,161,2020.437955373406,2046,2020,0.38003846961068033,-0.924970681
Buck Creek,01/07/2003,0.297,0.297,1,0.297,56063,7,183,2003.496689497717,1843,2003,0.020798999410293572,-0.999783677
Buck Creek,01/07/2013,0.075,0.075,1,0.075,59716,7,183,2013.496689497717,1963,2013,0.020798999410963786,-0.999783677
Buck Creek,01/07/2014,0.189,0.189,1,0.189,60081,7,183,2014.496689497717,1975,2014,0.020798999,-0.999783677
Buck Creek,01/07/2017,0.045,0.045,1,0.045,61177,7,183,2017.496689497717,2011,2017,0.020798999410140715,-0.999783677
Buck Creek,10/07/2007,0.308,0.308,1,0.308,57533,7,192,2007.5213470319634,1891,2007,-0.133725557,-0.991018403
Buck Creek,10/07/2009,0.05,0.05,1,0.05,58264,7,192,2009.5213470319634,1915,2009,-0.133725557,-0.991018403
Buck Creek,10/07/2018,0.259,0.259,1,0.259,61551,7,192,2018.5213470319634,2023,2018,-0.133725557,-0.991018403
Buck Creek,11/07/2006,0.237,0.237,1,0.237,57169,7,193,2006.524086757991,1879,2006,-0.150764497,-0.988569707
Buck Creek,11/07/2009,0.056,0.056,1,0.056,58265,7,193,2009.524086757991,1915,2009,-0.150764497,-0.988569707
Buck Creek,11/07/2017,0.136,0.136,1,0.136,61187,7,193,2017.524086757991,2011,2017,-0.150764497,-0.988569707
Buck Creek,11/07/2021,0.069,0.069,1,0.069,62648,7,193,2021.524086757991,2059,2021,-0.150764497,-0.988569707
Buck Creek,12/07/2005,0.145,0.145,1,0.145,56805,7,194,2005.5268264840183,1867,2005,-0.167758762,-0.985828077
Buck Creek,12/07/2009,0.042,0.042,1,0.042,58266,7,194,2009.5268264840183,1915,2009,-0.167758762,-0.985828077
Buck Creek,12/07/2016,0.165,0.165,1,0.165,60823,7,194,2016.5281193078324,1999,2016,-0.175761072,-0.984432855
Buck Creek,13/07/2004,0.307,0.307,1,0.307,56441,7,195,2004.5308515482695,1855,2004,-0.192634272,-0.981270624
Buck Creek,13/07/2005,0.098,0.098,1,0.098,56806,7,195,2005.5295662100457,1867,2005,-0.184703317,-0.982794325
Buck Creek,13/07/2009,0.032,0.032,1,0.032,58267,7,195,2009.5295662100457,1915,2009,-0.184703317,-0.982794325
Buck Creek,13/07/2020,0.577,0.577,1,0.577,62285,7,195,2020.5308515482695,2047,2020,-0.192634272,-0.981270624
Buck Creek,14/07/2005,0.092,0.092,1,0.092,56807,7,196,2005.532305936073,1867,2005,-0.20159314,-0.979469349
Buck Creek,14/07/2015,0.238,0.238,1,0.238,60459,7,196,2015.532305936073,1987,2015,-0.20159314,-0.979469349
Buck Creek,15/07/2003,0.399,0.399,1,0.399,56077,7,197,2003.5350456621004,1843,2003,-0.218423226,-0.975854136
Buck Creek,15/07/2005,0.074,0.074,1,0.074,56808,7,197,2005.5350456621004,1867,2005,-0.218423226,-0.975854136
Buck Creek,15/07/2014,0.255,0.255,1,0.255,60095,7,197,2014.5350456621004,1975,2014,-0.218423226,-0.975854136
Buck Creek,16/07/2002,0.332,0.332,1,0.332,55713,7,198,2002.5377853881278,1831,2002,-0.235188589,-0.971949756
Buck Creek,16/07/2010,0.188,0.188,1,0.188,58635,7,198,2010.5377853881278,1927,2010,-0.235188589,-0.971949756
Buck Creek,16/07/2013,0.164,0.164,1,0.164,59731,7,198,2013.5377853881278,1963,2013,-0.235188589,-0.971949756
Buck Creek,17/07/2012,0.295,0.295,1,0.295,59367,7,199,2012.5417805100183,1951,2012,-0.259509904,-0.965740446
Buck Creek,19/07/2011,0.2,0.2,1,0.2,59003,7,201,2011.546005,1939,2011,-0.285046763,-0.958513611
Buck Creek,02/07/2002,0.19,0.19,1,0.19,55699,7,184,2002.4994292237443,1831,2002,0.003586285,-0.999993569
Buck Creek,02/07/2013,0.077,0.077,1,0.077,59717,7,184,2013.4994292237443,1963,2013,0.003586285,-0.999993569
Buck Creek,20/07/2008,0.192,0.192,1,0.192,57909,7,202,2008.5499772313296,1903,2008,-0.308880933,-0.951100714
Buck Creek,20/07/2010,0.182,0.182,1,0.182,58639,7,202,2010.5487442922374,1927,2010,-0.301503766,-0.953464986
Buck Creek,20/07/2021,0.029,0.029,1,0.029,62657,7,202,2021.5487442922374,2059,2021,-0.301503766,-0.953464986
Buck Creek,21/07/2008,0.055,0.055,1,0.055,57910,7,203,2008.5527094717668,1903,2008,-0.325162327,-0.945658216
Buck Creek,21/07/2009,0.165,0.165,1,0.165,58275,7,203,2009.5514840182648,1915,2009,-0.317871427,-0.948133828
Buck Creek,21/07/2020,0.19,0.19,1,0.19,62293,7,203,2020.5527094717668,2047,2020,-0.325162327,-0.945658216
Buck Creek,22/07/2008,0.048,0.048,1,0.048,57911,7,204,2008.555441712204,1903,2008,-0.341347895,-0.939937027
Buck Creek,23/07/2012,0.314,0.314,1,0.314,59373,7,205,2012.5581739526413,1951,2012,-0.357432865,-0.933938835
Buck Creek,23/07/2019,0.094,0.094,1,0.094,61929,7,205,2019.5569634703197,2035,2019,-0.350319351,-0.936630318
Buck Creek,24/07/2007,0.323,0.323,1,0.323,57547,7,206,2007.559703196347,1891,2007,-0.366389999,-0.930461374
Buck Creek,24/07/2012,0.364,0.364,1,0.364,59374,7,206,2012.5609061930784,1951,2012,-0.373412499,-0.927665406
Buck Creek,24/07/2018,0.311,0.311,1,0.311,61565,7,206,2018.559703196347,2023,2018,-0.366389999,-0.930461374
Buck Creek,25/07/2017,0.143,0.143,1,0.143,61201,7,207,2017.5624429223744,2011,2017,-0.382352077,-0.924016715
Buck Creek,26/07/2005,0.302,0.302,1,0.302,56819,7,208,2005.5651826484018,1867,2005,-0.398200857,-0.917298249
Buck Creek,26/07/2006,0.189,0.189,1,0.189,57184,7,208,2006.5651826484018,1879,2006,-0.398200857,-0.917298249
Buck Creek,26/07/2012,0.245,0.245,1,0.245,59376,7,208,2012.5663706739526,1951,2012,-0.40503695,-0.914300317
Buck Creek,26/07/2016,0.353,0.353,1,0.353,60837,7,208,2016.5663706739526,1999,2016,-0.40503695,-0.914300317
Buck Creek,27/07/2004,0.158,0.158,1,0.158,56455,7,209,2004.5691029143898,1855,2004,-0.420672447,-0.907212595
Buck Creek,27/07/2005,0.147,0.147,1,0.147,56820,7,209,2005.5679223744291,1867,2005,-0.41393164,-0.910307968
Buck Creek,27/07/2012,0.284,0.284,1,0.284,59377,7,209,2012.5691029143898,1951,2012,-0.420672447,-0.907212595
Buck Creek,27/07/2014,0.251,0.251,1,0.251,60107,7,209,2014.5679223744291,1975,2014,-0.41393164,-0.910307968
Buck Creek,28/07/2005,0.116,0.116,1,0.116,56821,7,210,2005.5706621004567,1867,2005,-0.429539767,-0.903047944
Buck Creek,28/07/2006,0.153,0.153,1,0.153,57186,7,210,2006.5706621004567,1879,2006,-0.429539767,-0.903047944
Buck Creek,28/07/2014,0.14,0.14,1,0.14,60108,7,210,2014.5706621004567,1975,2014,-0.429539767,-0.903047944
Buck Creek,28/07/2015,0.293,0.293,1,0.293,60473,7,210,2015.5706621004567,1987,2015,-0.429539767,-0.903047944
Buck Creek,29/07/2003,0.361,0.361,1,0.361,56091,7,211,2003.573401826484,1843,2003,-0.445020612,-0.895520326
Buck Creek,29/07/2006,0.102,0.102,1,0.102,57187,7,211,2006.573401826484,1879,2006,-0.445020612,-0.895520326
Buck Creek,29/07/2014,0.129,0.129,1,0.129,60109,7,211,2014.573401826484,1975,2014,-0.445020612,-0.895520326
Buck Creek,03/07/2012,0.298,0.298,1,0.298,59353,7,185,2012.503529143898,1951,2012,-0.022172448,-0.999754161
Buck Creek,03/07/2021,0.042,0.042,1,0.042,62640,7,185,2021.5021689497717,2059,2021,-0.013627492,-0.999907141
Buck Creek,30/07/2002,0.354,0.354,1,0.354,55727,7,212,2002.5761415525114,1831,2002,-0.460369588,-0.887727347
Buck Creek,30/07/2013,0.216,0.216,1,0.216,59745,7,212,2013.5761415525114,1963,2013,-0.460369588,-0.887727347
Buck Creek,31/07/2009,0.05,0.05,1,0.05,58285,7,213,2009.5788812785388,1915,2009,-0.475582146,-0.879671315
Buck Creek,31/07/2012,0.244,0.244,1,0.244,59381,7,213,2012.5800318761385,1951,2012,-0.481929174,-0.876210175
Buck Creek,05/07/2011,0.139,0.139,1,0.139,58989,7,187,2011.5076484018264,1939,2011,-0.048037831,-0.998845517
Buck Creek,06/07/2010,0.162,0.162,1,0.162,58625,7,188,2010.510388127854,1927,2010,-0.065224197,-0.997870635
Buck Creek,06/07/2018,0.23,0.23,1,0.23,61547,7,188,2018.510388127854,2023,2018,-0.065224197,-0.997870635
Buck Creek,07/07/2009,0.094,0.094,1,0.094,58261,7,189,2009.5131278538813,1915,2009,-0.082391236,-0.996600062
Buck Creek,07/07/2020,0.266,0.266,1,0.266,62279,7,189,2020.5144581056466,2047,2020,-0.090718062,-0.995876615
Buck Creek,08/07/2008,0.263,0.263,1,0.263,57897,7,190,2008.5171903460837,1903,2008,-0.107800241,-0.994172575
Buck Creek,08/07/2021,0.035,0.035,1,0.035,62645,7,190,2021.5158675799087,2059,2021,-0.099533861,-0.995034176
Buck Creek,09/07/2016,0.125,0.125,1,0.125,60820,7,191,2016.519922586521,1999,2016,-0.124850651,-0.992175546
Buck Creek,09/07/2019,0.162,0.162,1,0.162,61915,7,191,2019.518607305936,2035,2019,-0.116646992,-0.993173439
Buck Creek,09/07/2021,0.049,0.049,1,0.049,62646,7,191,2021.518607305936,2059,2021,-0.116646992,-0.993173439
Buck Creek,10/08/2004,0.235,0.235,1,0.235,56469,8,223,2004.607354,1856,2004,-0.624527846,-0.781002541
Buck Creek,10/08/2017,0.105,0.105,1,0.105,61217,8,223,2017.6062785388128,2012,2017,-0.619234758,-0.785205906
Buck Creek,11/08/2009,0.118,0.118,1,0.118,58296,8,224,2009.6090182648402,1916,2009,-0.632659041,-0.77443046
Buck Creek,11/08/2015,0.213,0.213,1,0.213,60487,8,224,2015.6090182648402,1988,2015,-0.632659041,-0.77443046
Buck Creek,12/08/2003,0.104,0.104,1,0.104,56105,8,225,2003.6117579908675,1844,2003,-0.645895853,-0.763425535
Buck Creek,12/08/2014,0.301,0.301,1,0.301,60123,8,225,2014.6117579908675,1976,2014,-0.645895853,-0.763425535
Buck Creek,13/08/2004,0.057,0.057,1,0.057,56472,8,226,2004.6155510018216,1856,2004,-0.663904816,-0.747817086
Buck Creek,13/08/2013,0.21,0.21,1,0.21,59759,8,226,2013.614497716895,1964,2013,-0.658941272,-0.75219439
Buck Creek,14/08/2002,0.385,0.385,1,0.385,55742,8,227,2002.6172374429225,1832,2002,-0.671791433,-0.740740353
Buck Creek,14/08/2004,0.049,0.049,1,0.049,56473,8,227,2004.6182832422587,1856,2004,-0.676644263,-0.736310085
Buck Creek,14/08/2012,0.241,0.241,1,0.241,59395,8,227,2012.6182832422587,1952,2012,-0.676644263,-0.736310085
Buck Creek,15/08/2018,0.274,0.274,1,0.274,61587,8,228,2018.6199771689498,2024,2018,-0.684442527,-0.729066819
Buck Creek,16/08/2011,0.223,0.223,1,0.223,59031,8,229,2011.6227168949772,1940,2011,-0.696890806,-0.717177247
Buck Creek,16/08/2016,0.13,0.13,1,0.13,60858,8,229,2016.623747723133,2000,2016,-0.701521231,-0.712648555
Buck Creek,17/08/2010,0.132,0.132,1,0.132,58667,8,230,2010.6254566210046,1928,2010,-0.709132582,-0.70507516
Buck Creek,17/08/2018,0.26,0.26,1,0.26,61589,8,230,2018.6254566210046,2024,2018,-0.709132582,-0.70507516
Buck Creek,17/08/2021,0.036,0.036,1,0.036,62685,8,230,2021.6254566210046,2060,2021,-0.709132582,-0.70507516
Buck Creek,18/08/2008,0.07,0.07,1,0.07,57938,8,231,2008.6292122040072,1904,2008,-0.725571293,-0.688147004
Buck Creek,18/08/2009,0.144,0.144,1,0.144,58303,8,231,2009.628196347032,1916,2009,-0.721164226,-0.692764144
Buck Creek,18/08/2020,0.286,0.286,1,0.286,62321,8,231,2020.6292122040072,2048,2020,-0.725571293,-0.688147004
Buck Creek,18/08/2021,0.106,0.106,1,0.106,62686,8,231,2021.628196347032,2060,2021,-0.721164226,-0.692764144
Buck Creek,19/08/2008,0.052,0.052,1,0.052,57939,8,232,2008.6319444444443,1904,2008,-0.737277337,-0.675590208
Buck Creek,19/08/2021,0.031,0.031,1,0.031,62687,8,232,2021.6309360730593,2060,2021,-0.732982174,-0.680247847
Buck Creek,02/08/2009,0.069,0.069,1,0.069,58287,8,215,2009.5843607305935,1916,2009,-0.505580021,-0.862779718
Buck Creek,02/08/2011,0.258,0.258,1,0.258,59017,8,215,2011.5843607305935,1940,2011,-0.505580021,-0.862779718
Buck Creek,20/08/2019,0.182,0.182,1,0.182,61957,8,233,2019.6336757990869,2036,2019,-0.744582923,-0.667529977
Buck Creek,21/08/2007,0.374,0.374,1,0.374,57575,8,234,2007.6364155251142,1892,2007,-0.755963036,-0.654614305
Buck Creek,21/08/2018,0.234,0.234,1,0.234,61593,8,234,2018.6364155251142,2024,2018,-0.755963036,-0.654614305
Buck Creek,22/08/2006,0.218,0.218,1,0.218,57211,8,235,2006.6391552511416,1880,2006,-0.767119141,-0.641504655
Buck Creek,22/08/2010,0.182,0.182,1,0.182,58672,8,235,2010.6391552511416,1928,2010,-0.767119141,-0.641504655
Buck Creek,22/08/2017,0.154,0.154,1,0.154,61229,8,235,2017.6391552511416,2012,2017,-0.767119141,-0.641504655
Buck Creek,23/08/2010,0.225,0.225,1,0.225,58673,8,236,2010.641894977169,1928,2010,-0.778047932,-0.628204915
Buck Creek,23/08/2016,0.116,0.116,1,0.116,60865,8,236,2016.642873406193,2000,2016,-0.78189519,-0.623409907
Buck Creek,24/08/2004,0.087,0.087,1,0.087,56483,8,237,2004.6456056466302,1856,2004,-0.792481636,-0.609895775
Buck Creek,24/08/2005,0.286,0.286,1,0.286,56848,8,237,2005.6446347031963,1868,2005,-0.788746171,-0.614719023
Buck Creek,25/08/2015,0.287,0.287,1,0.287,60501,8,238,2015.6473744292236,1988,2015,-0.799210687,-0.601050977
Buck Creek,26/08/2003,0.365,0.365,1,0.365,56119,8,239,2003.6501141552512,1844,2003,-0.80943838,-0.587204827
Buck Creek,26/08/2014,0.151,0.151,1,0.151,60137,8,239,2014.6501141552512,1976,2014,-0.80943838,-0.587204827
Buck Creek,27/08/2002,0.337,0.337,1,0.337,55755,8,240,2002.6528538812786,1832,2002,-0.819426219,-0.573184675
Buck Creek,27/08/2013,0.108,0.108,1,0.108,59773,8,240,2013.6528538812786,1964,2013,-0.819426219,-0.573184675
Buck Creek,28/08/2011,0.335,0.335,1,0.335,59043,8,241,2011.655593607306,1940,2011,-0.829171244,-0.558994676
Buck Creek,28/08/2012,0.224,0.224,1,0.224,59409,8,241,2012.656534608379,1952,2012,-0.832461779,-0.554082472
Buck Creek,29/08/2004,0.093,0.093,1,0.093,56488,8,242,2004.659266848816,1856,2004,-0.841850677,-0.539710514
Buck Creek,29/08/2011,0.417,0.417,1,0.417,59044,8,242,2011.6583333333333,1940,2011,-0.838670568,-0.544639035
Buck Creek,03/08/2010,0.238,0.238,1,0.238,58653,8,216,2010.587100456621,1928,2010,-0.520356448,-0.853949159
Buck Creek,03/08/2021,0.077,0.077,1,0.077,62671,8,216,2021.587100456621,2060,2021,-0.520356448,-0.853949159
Buck Creek,30/08/2004,0.094,0.094,1,0.094,56489,8,243,2004.6619990892532,1856,2004,-0.850991477,-0.5251795
Buck Creek,30/08/2011,0.322,0.322,1,0.322,59045,8,243,2011.6610730593607,1940,2011,-0.847921376,-0.530122006
Buck Creek,31/08/2004,0.054,0.054,1,0.054,56490,8,244,2004.6647313296903,1856,2004,-0.859881485,-0.510493713
Buck Creek,31/08/2005,0.142,0.142,1,0.142,56855,8,244,2005.663812785388,1868,2005,-0.856920926,-0.51544789
Buck Creek,31/08/2010,0.162,0.162,1,0.162,58681,8,244,2010.663812785388,1928,2010,-0.856920926,-0.51544789
Buck Creek,31/08/2021,0.088,0.088,1,0.088,62699,8,244,2021.663812785388,2060,2021,-0.856920926,-0.51544789
Buck Creek,04/08/2009,0.052,0.052,1,0.052,58289,8,217,2009.5898401826485,1916,2009,-0.534978683,-0.844865557
Buck Creek,04/08/2017,0.106,0.106,1,0.106,61211,8,217,2017.5898401826485,2012,2017,-0.534978683,-0.844865557
Buck Creek,04/08/2020,0.169,0.169,1,0.169,62307,8,217,2020.590960837887,2048,2020,-0.540914311,-0.841077707
Buck Creek,05/08/2008,0.147,0.147,1,0.147,57925,8,218,2008.5936930783241,1904,2008,-0.555272823,-0.831668259
Buck Creek,05/08/2020,0.111,0.111,1,0.111,62308,8,218,2020.5936930783241,2048,2020,-0.555272823,-0.831668259
Buck Creek,06/08/2019,0.26,0.26,1,0.26,61943,8,219,2019.5953196347032,2036,2019,-0.563743289,-0.825950061
Buck Creek,07/08/2007,0.405,0.405,1,0.405,57561,8,220,2007.5980593607305,1892,2007,-0.577877137,-0.816123774
Buck Creek,07/08/2018,0.26,0.26,1,0.26,61579,8,220,2018.5980593607305,2024,2018,-0.577877137,-0.816123774
Buck Creek,08/08/2003,0.247,0.247,1,0.247,56101,8,221,2003.600799086758,1844,2003,-0.591839747,-0.806055652
Buck Creek,08/08/2006,0.217,0.217,1,0.217,57197,8,221,2006.600799086758,1880,2006,-0.591839747,-0.806055652
Buck Creek,08/08/2017,0.064,0.064,1,0.064,61215,8,221,2017.600799086758,2012,2017,-0.591839747,-0.806055652
Buck Creek,09/08/2003,0.148,0.148,1,0.148,56102,8,222,2003.6035388127855,1844,2003,-0.605626983,-0.795748677
Buck Creek,09/08/2005,0.325,0.325,1,0.325,56833,8,222,2005.6035388127855,1868,2005,-0.605626983,-0.795748677
Buck Creek,09/08/2016,0.283,0.283,1,0.283,60851,8,222,2016.6046220400729,2000,2016,-0.611028873,-0.79160831
Buck Creek,01/09/2005,0.122,0.122,1,0.122,56856,9,245,2005.6665525114156,1869,2005,-0.865666552,-0.500621035
Buck Creek,01/09/2009,0.049,0.049,1,0.049,58317,9,245,2009.6665525114156,1917,2009,-0.865666552,-0.500621035
Buck Creek,01/09/2020,0.221,0.221,1,0.221,62335,9,245,2020.6674635701274,2049,2020,-0.868518083,-0.495657481
Buck Creek,10/09/2002,0.398,0.398,1,0.398,55769,9,254,2002.691210045662,1833,2002,-0.932548416,-0.361044945
Buck Creek,10/09/2006,0.189,0.189,1,0.189,57230,9,254,2006.691210045662,1881,2006,-0.932548416,-0.361044945
Buck Creek,10/09/2013,0.22,0.22,1,0.22,59787,9,254,2013.691210045662,1965,2013,-0.932548416,-0.361044945
Buck Creek,11/09/2012,0.195,0.195,1,0.195,59423,9,255,2012.6947859744992,1953,2012,-0.940424397,-0.340002874
Buck Creek,11/09/2018,0.109,0.109,1,0.109,61614,9,255,2018.6939497716894,2025,2018,-0.938625044,-0.344939165
Buck Creek,13/09/2011,0.155,0.155,1,0.155,59059,9,257,2011.6994292237443,1941,2011,-0.949942177,-0.312425767
Buck Creek,14/09/2010,0.137,0.137,1,0.137,58695,9,258,2010.7021689497717,1929,2010,-0.955179329,-0.296027785
Buck Creek,14/09/2021,0.106,0.106,1,0.106,62713,9,258,2021.7021689497717,2061,2021,-0.955179329,-0.296027785
Buck Creek,15/09/2009,0.197,0.197,1,0.197,58331,9,259,2009.704908675799,1917,2009,-0.960133441,-0.279542083
Buck Creek,15/09/2020,0.186,0.186,1,0.186,62349,9,259,2020.7057149362477,2049,2020,-0.961537242,-0.274674593
Buck Creek,16/09/2008,0.119,0.119,1,0.119,57967,9,260,2008.7084471766848,1905,2008,-0.966110712,-0.258128053
Buck Creek,17/09/2019,0.188,0.188,1,0.188,61985,9,261,2019.7103881278538,2037,2019,-0.969186755,-0.246327086
Buck Creek,18/09/2007,0.228,0.228,1,0.228,57603,9,262,2007.7131278538814,1893,2007,-0.973283276,-0.229607634
Buck Creek,18/09/2018,0.266,0.266,1,0.266,61621,9,262,2018.7131278538814,2025,2018,-0.973283276,-0.229607634
Buck Creek,19/09/2006,0.178,0.178,1,0.178,57239,9,263,2006.7158675799087,1881,2006,-0.977091391,-0.212820143
Buck Creek,19/09/2017,0.155,0.155,1,0.155,61257,9,263,2017.7158675799087,2013,2017,-0.977091391,-0.212820143
Buck Creek,02/09/2008,0.251,0.251,1,0.251,57953,9,246,2008.6701958105646,1905,2008,-0.876898725,-0.480675177
Buck Creek,02/09/2014,0.23,0.23,1,0.23,60144,9,246,2014.669292237443,1977,2014,-0.874155662,-0.485645836
Buck Creek,02/09/2019,0.059,0.059,1,0.059,61970,9,246,2019.669292237443,2037,2019,-0.874155662,-0.485645836
Buck Creek,20/09/2005,0.251,0.251,1,0.251,56875,9,264,2005.718607305936,1869,2005,-0.980609973,-0.195969589
Buck Creek,20/09/2016,0.237,0.237,1,0.237,60893,9,264,2016.7193761384335,2001,2016,-0.981545202,-0.191230272
Buck Creek,21/09/2004,0.115,0.115,1,0.115,56511,9,265,2004.7221083788706,1857,2004,-0.984683291,-0.174352565
Buck Creek,22/09/2015,0.227,0.227,1,0.227,60529,9,266,2015.7240867579908,1989,2015,-0.986774454,-0.162099282
Buck Creek,23/09/2002,0.312,0.312,1,0.312,55782,9,267,2002.7268264840184,1833,2002,-0.989418525,-0.145089565
Buck Creek,23/09/2003,0.168,0.168,1,0.168,56147,9,267,2003.7268264840184,1845,2003,-0.989418525,-0.145089565
Buck Creek,23/09/2014,0.111,0.111,1,0.111,60165,9,267,2014.7268264840184,1977,2014,-0.989418525,-0.145089565
Buck Creek,23/09/2019,0.141,0.141,1,0.141,61991,9,267,2019.7268264840184,2037,2019,-0.989418525,-0.145089565
Buck Creek,24/09/2002,0.392,0.392,1,0.392,55783,9,268,2002.7295662100457,1833,2002,-0.991769411,-0.128036855
Buck Creek,24/09/2013,0.199,0.199,1,0.199,59801,9,268,2013.7295662100457,1965,2013,-0.991769411,-0.128036855
Buck Creek,25/09/2012,0.13,0.13,1,0.13,59437,9,269,2012.7330373406194,1953,2012,-0.994325776,-0.10637787
Buck Creek,27/09/2002,0.228,0.228,1,0.228,55786,9,271,2002.7377853881278,1833,2002,-0.99705642,-0.076671352
Buck Creek,27/09/2003,0.157,0.157,1,0.157,56151,9,271,2003.7377853881278,1845,2003,-0.99705642,-0.076671352
Buck Creek,27/09/2011,0.125,0.125,1,0.125,59073,9,271,2011.7377853881278,1941,2011,-0.99705642,-0.076671352
Buck Creek,28/09/2002,0.347,0.347,1,0.347,55787,9,272,2002.7405251141552,1833,2002,-0.998228466,-0.059497305
Buck Creek,28/09/2003,0.141,0.141,1,0.141,56152,9,272,2003.7405251141552,1845,2003,-0.998228466,-0.059497305
Buck Creek,28/09/2021,0.038,0.038,1,0.038,62727,9,272,2021.7405251141552,2061,2021,-0.998228466,-0.059497305
Buck Creek,29/09/2003,0.108,0.108,1,0.108,56153,9,273,2003.7432648401827,1845,2003,-0.999104716,-0.042305628
Buck Creek,29/09/2009,0.034,0.034,1,0.034,58345,9,273,2009.7432648401827,1917,2009,-0.999104716,-0.042305628
Buck Creek,29/09/2020,0.134,0.134,1,0.134,62363,9,273,2020.7439663023679,2049,2020,-0.99928147,-0.03790176
Buck Creek,03/09/2014,0.113,0.113,1,0.113,60145,9,247,2014.6720319634703,1977,2014,-0.882385741,-0.47052673
Buck Creek,03/09/2019,0.06,0.06,1,0.06,61971,9,247,2019.6720319634703,2037,2019,-0.882385741,-0.47052673
Buck Creek,30/09/2008,0.146,0.146,1,0.146,57981,9,274,2008.746698542805,1905,2008,-0.999784858,-0.02074218
Buck Creek,30/09/2010,0.152,0.152,1,0.152,58711,9,274,2010.746005,1929,2010,-0.99968491,-0.025101414
Buck Creek,30/09/2015,0.181,0.181,1,0.181,60537,9,274,2015.746005,1989,2015,-0.99968491,-0.025101414
Buck Creek,30/09/2020,0.967,0.967,1,0.967,62364,9,274,2020.746698542805,2049,2020,-0.999784858,-0.02074218
Buck Creek,04/09/2007,0.372,0.372,1,0.372,57589,9,248,2007.6747716894977,1893,2007,-0.89035435,-0.455268196
Buck Creek,04/09/2018,0.252,0.252,1,0.252,61607,9,248,2018.6747716894977,2025,2018,-0.89035435,-0.455268196
Buck Creek,05/09/2006,0.248,0.248,1,0.248,57225,9,249,2006.677511415525,1881,2006,-0.898059128,-0.439874757
Buck Creek,05/09/2017,0.081,0.081,1,0.081,61243,9,249,2017.677511415525,2013,2017,-0.898059128,-0.439874757
Buck Creek,06/09/2005,0.161,0.161,1,0.161,56861,9,250,2005.6802511415526,1869,2005,-0.905497792,-0.424350973
Buck Creek,06/09/2016,0.319,0.319,1,0.319,60879,9,250,2016.6811247723133,2001,2016,-0.907813479,-0.419374161
Buck Creek,07/09/2004,0.12,0.12,1,0.12,56497,9,251,2004.6838570127504,1857,2004,-0.914878826,-0.40372854
Buck Creek,08/09/2015,0.323,0.323,1,0.323,60515,9,252,2015.6857305936073,1989,2015,-0.919568039,-0.39293081
Buck Creek,09/09/2003,0.374,0.374,1,0.374,56133,9,253,2003.6884703196347,1845,2003,-0.926195453,-0.377043741
Buck Creek,09/09/2004,0.051,0.051,1,0.051,56499,9,253,2004.6893214936247,1857,2004,-0.92819866,-0.372085001
Buck Creek,09/09/2006,0.213,0.213,1,0.213,57229,9,253,2006.6884703196347,1881,2006,-0.926195453,-0.377043741
Buck Creek,09/09/2007,0.297,0.297,1,0.297,57594,9,253,2007.6884703196347,1893,2007,-0.926195453,-0.377043741
Buck Creek,09/09/2014,0.235,0.235,1,0.235,60151,9,253,2014.6884703196347,1977,2014,-0.926195453,-0.377043741
North Buck Creek,10/01/2006,0.204,0.204,1,0.204,56987,1,10,2006.0254566210047,1873,2006,0.15926752913192363,0.9872354603458143
North Buck Creek,10/01/2017,0.073,0.073,1,0.073,61005,1,10,2017.0254566210047,2005,2017,0.15926752913191394,0.9872354603458159
North Buck Creek,11/01/2005,0.241,0.241,1,0.241,56623,1,11,2005.028196347032,1861,2005,0.1762375675177652,0.9843476620561564
North Buck Creek,12/01/2016,0.08,0.08,1,0.08,60641,1,12,2016.0308515482695,1993,2016,0.19263427207034825,0.9812706238464123
North Buck Creek,12/01/2018,0.431,0.431,1,0.431,61372,1,12,2018.0309360730594,2017,2018,0.19315538290719636,0.9811681803105797
North Buck Creek,12/01/2020,0.2,0.2,1,0.2,62102,1,12,2020.0308515482695,2041,2020,0.19263427206937117,0.981270624
North Buck Creek,13/01/2004,0.626,0.626,1,0.626,56259,1,13,2004.0335837887067,1849,2004,0.20945070207604388,0.9778192079315339
North Buck Creek,13/01/2015,0.237,0.237,1,0.237,60277,1,13,2015.0336757990867,1981,2015,0.21001596219016216,0.9776979572574244
North Buck Creek,14/01/2003,0.323,0.323,1,0.323,55895,1,14,2003.036415525114,1837,2003,0.22681430920876247,0.9739380211995792
North Buck Creek,14/01/2014,0.349,0.349,1,0.349,59913,1,14,2014.036415525114,1969,2014,0.22681430920875292,0.9739380211995814
North Buck Creek,15/01/2013,0.262,0.262,1,0.262,59549,1,15,2013.0391552511417,1957,2013,0.24354544625601157,0.9698894862859171
North Buck Creek,17/01/2012,0.323,0.323,1,0.323,59185,1,17,2012.0445127504554,1945,2012,0.2760498840634312,0.9611433095582397
North Buck Creek,18/01/2011,0.238,0.238,1,0.238,58821,1,18,2011.0473744292237,1933,2011,0.2932861279575387,0.9560247105319372
North Buck Creek,19/01/2010,0.221,0.221,1,0.221,58457,1,19,2010.050114155251,1921,2010,0.3096990682893374,0.9508346265785215
North Buck Creek,02/01/2013,0.182,0.182,1,0.182,59536,1,2,2013.0035388127853,1957,2013,0.022233184391712187,0.9997528122049991
North Buck Creek,20/01/2009,0.167,0.167,1,0.167,58093,1,20,2009.0528538812785,1909,2009,0.3260202381033452,0.94536279
North Buck Creek,21/01/2020,0.126,0.126,1,0.126,62111,1,21,2020.055441712204,2041,2020,0.3413478948111453,0.939937027
North Buck Creek,21/01/2021,0.144,0.144,1,0.144,62477,1,21,2021.055593607306,2053,2021,0.34224480108593847,0.9396108216328962
North Buck Creek,22/01/2002,0.13,0.13,1,0.13,55538,1,22,2002.0583333333334,1825,2002,0.3583679495455675,0.9335804264970992
North Buck Creek,22/01/2008,0.22,0.22,1,0.22,57729,1,22,2008.0581739526413,1897,2008,0.3574328653696521,0.9339388345890968
North Buck Creek,22/01/2019,0.088,0.088,1,0.088,61747,1,22,2019.0583333333334,2029,2019,0.3583679495458621,0.9335804264969861
North Buck Creek,23/01/2007,0.379,0.379,1,0.379,57365,1,23,2007.0610730593608,1885,2007,0.3743849058470606,0.9272733913328299
North Buck Creek,23/01/2018,0.273,0.273,1,0.273,61383,1,23,2018.0610730593608,2017,2018,0.3743849058470515,0.9272733913328336
North Buck Creek,24/01/2006,0.269,0.269,1,0.269,57001,1,24,2006.063812785388,1873,2006,0.39029092382245334,0.9206915850499644
North Buck Creek,25/01/2005,0.419,0.419,1,0.419,56637,1,25,2005.0665525114155,1861,2005,0.40608129017394523,0.9138369579802866
North Buck Creek,25/01/2017,0.076,0.076,1,0.076,61020,1,25,2017.0665525114155,2005,2017,0.4060812901728777,0.913836958
North Buck Creek,26/01/2016,0.134,0.134,1,0.134,60655,1,26,2016.0691029143898,1993,2016,0.420672447,0.9072125947259663
North Buck Creek,27/01/2004,0.696,0.696,1,0.696,56273,1,27,2004.0718351548269,1849,2004,0.43618397087158384,0.8998575129178493
North Buck Creek,27/01/2015,0.259,0.259,1,0.259,60291,1,27,2015.0720319634704,1981,2015,0.4372963875554076,0.8993174464175543
North Buck Creek,28/01/2003,0.433,0.433,1,0.433,55909,1,28,2003.0747716894978,1837,2003,0.4527118688794147,0.8916568643686357
North Buck Creek,28/01/2014,0.333,0.333,1,0.333,59927,1,28,2014.0747716894978,1969,2014,0.45271186887940595,0.8916568643686401
North Buck Creek,29/01/2013,0.274,0.274,1,0.274,59563,1,29,2013.0775114155251,1957,2013,0.4679932019063279,0.8837320651472724
North Buck Creek,03/01/2012,0.316,0.316,1,0.316,59171,1,3,2012.0062613843352,1945,2012,0.03933129,0.9992262254342382
North Buck Creek,31/01/2012,0.389,0.389,1,0.389,59199,1,31,2012.0827641165756,1945,2012,0.49689947379780774,0.8678081083623624
North Buck Creek,04/01/2011,0.19,0.19,1,0.19,58807,1,4,2011.0090182648403,1933,2011,0.056633112,0.9983950573897034
North Buck Creek,05/01/2010,0.153,0.153,1,0.153,58443,1,5,2010.0117579908676,1921,2010,0.073810451,0.9972722884605321
North Buck Creek,05/01/2021,0.097,0.097,1,0.097,62461,1,5,2021.0117579908676,2053,2021,0.073810451,0.9972722884605327
North Buck Creek,06/01/2009,0.116,0.116,1,0.116,58079,1,6,2009.014497716895,1909,2009,0.090965918,0.995854006
North Buck Creek,07/01/2020,0.092,0.092,1,0.092,62097,1,7,2020.0171903460837,2041,2020,0.10780024132269872,0.9941725745416476
North Buck Creek,08/01/2002,0.136,0.136,1,0.136,55524,1,8,2002.0199771689497,1825,2002,0.12519091171478103,0.9921326703742912
North Buck Creek,08/01/2008,0.371,0.371,1,0.371,57715,1,8,2008.019922586521,1897,2008,0.12485065095763347,0.9921755464409789
North Buck Creek,08/01/2019,0.062,0.062,1,0.062,61733,1,8,2019.0199771689497,2029,2019,0.1251909117150941,0.9921326703742517
North Buck Creek,09/01/2007,0.328,0.328,1,0.328,57351,1,9,2007.022716894977,1885,2007,0.1422502963381232,0.9898307194625332
North Buck Creek,09/01/2018,0.125,0.125,1,0.125,61369,1,9,2018.022716894977,2017,2018,0.1422502963381135,0.9898307194625346
North Buck Creek,11/10/2007,0.034,0.034,1,0.034,57626,10,285,2007.7761415525115,1894,2008,-0.986540904,0.1635146598827358
North Buck Creek,15/10/2003,0.084,0.084,1,0.084,56169,10,289,2003.787100456621,1846,2004,-0.972952898,0.2310035884211028
North Buck Creek,16/10/2002,0.239,0.239,1,0.239,55805,10,290,2002.7898401826485,1834,2003,-0.968832398,0.24771714750857268
North Buck Creek,16/10/2011,0.029,0.029,1,0.029,59092,10,290,2011.7898401826485,1942,2012,-0.968832398,0.24771714750728324
North Buck Creek,16/10/2014,0.049,0.049,1,0.049,60188,10,290,2014.7898401826485,1978,2015,-0.968832398,0.24771714750744087
North Buck Creek,17/10/2006,0.029,0.029,1,0.029,57267,10,291,2006.7925799086759,1882,2007,-0.964424811,0.2643573026552118
North Buck Creek,19/10/2007,0.15,0.15,1,0.15,57634,10,293,2007.7980593607306,1894,2008,-0.954753689,0.2973977010057762
North Buck Creek,21/10/2003,0.034,0.034,1,0.034,56175,10,295,2003.8035388127853,1846,2004,-0.943950995,0.33008562403966446
North Buck Creek,24/10/2007,0.077,0.077,1,0.077,57639,10,298,2007.8117579908676,1894,2008,-0.925653625,0.37837199549502026
North Buck Creek,25/10/2011,0.029,0.029,1,0.029,59101,10,299,2011.814497716895,1942,2012,-0.919003427,0.39424954112078375
North Buck Creek,26/10/2003,0.046,0.046,1,0.046,56180,10,300,2003.8172374429223,1846,2004,-0.912080909,0.4100102620983178
North Buck Creek,27/10/2003,0.082,0.082,1,0.082,56181,10,301,2003.8199771689497,1846,2004,-0.904888122,0.4256494881879452
North Buck Creek,28/10/2003,0.049,0.049,1,0.049,56182,10,302,2003.8227168949772,1846,2004,-0.897427197,0.44116258514793977
North Buck Creek,29/10/2003,0.06,0.06,1,0.06,56183,10,303,2003.8254566210046,1846,2004,-0.889700345,0.45654495611125334
North Buck Creek,03/10/2006,0.055,0.055,1,0.055,57253,10,277,2006.7542237442922,1882,2007,-0.999647873,0.026535453021780592
North Buck Creek,30/10/2005,0.043,0.043,1,0.043,56915,10,304,2005.828196347032,1870,2006,-0.881709855,0.471792043
North Buck Creek,30/10/2017,0.035,0.035,1,0.035,61298,10,304,2017.828196347032,2014,2018,-0.881709855,0.471792043
North Buck Creek,31/10/2006,0.146,0.146,1,0.146,57281,10,305,2006.8309360730593,1882,2007,-0.873458096,0.4868993276265441
North Buck Creek,31/10/2013,0.052,0.052,1,0.052,59838,10,305,2013.8309360730593,1966,2014,-0.873458096,0.48689932762740523
North Buck Creek,04/10/2016,0.053,0.053,1,0.053,60907,10,278,2016.7576275045537,2002,2017,-0.998851816,0.047906680885944276
North Buck Creek,05/10/2004,0.13,0.13,1,0.13,56525,10,279,2004.7603597449909,1858,2005,-0.997882251,0.065046241
North Buck Creek,07/10/2005,0.13,0.13,1,0.13,56892,10,281,2005.7651826484018,1870,2006,-0.995453309,0.095250772
North Buck Creek,07/10/2013,0.052,0.052,1,0.052,59814,10,281,2013.7651826484018,1966,2014,-0.995453309,0.095250772
North Buck Creek,08/10/2005,0.038,0.038,1,0.038,56893,10,282,2005.7679223744292,1870,2006,-0.993666236,0.11237175161503173
North Buck Creek,01/11/2005,0.043,0.043,1,0.043,56917,11,306,2005.8336757990867,1871,2006,-0.864947512,0.5018623335239997
North Buck Creek,01/11/2013,0.205,0.205,1,0.205,59839,11,306,2013.8336757990867,1967,2014,-0.864947512,0.5018623335238505
North Buck Creek,10/11/2005,0.112,0.112,1,0.112,56926,11,315,2005.8583333333333,1871,2006,-0.777145961,0.6293203910500316
North Buck Creek,13/11/2007,0.049,0.049,1,0.049,57659,11,318,2007.8665525114154,1895,2008,-0.743624574,0.6685974072687687
North Buck Creek,14/11/2006,0.08,0.08,1,0.08,57295,11,319,2006.869292237443,1883,2007,-0.732005593,0.6812986219861227
North Buck Creek,14/11/2019,0.035,0.035,1,0.035,62043,11,319,2019.869292237443,2039,2020,-0.732005593,0.6812986219870826
North Buck Creek,15/11/2005,0.056,0.056,1,0.056,56931,11,320,2005.8720319634704,1871,2006,-0.720169702,0.6937979532181462
North Buck Creek,16/11/2004,0.066,0.066,1,0.066,56567,11,321,2004.8751138433515,1859,2005,-0.706600808,0.7076123929302613
North Buck Creek,18/11/2003,0.073,0.073,1,0.073,56203,11,323,2003.8802511415524,1847,2004,-0.683395964,0.7300479134646732
North Buck Creek,18/11/2013,0.2,0.2,1,0.2,59856,11,323,2013.8802511415524,1967,2014,-0.683395964,0.7300479134642152
North Buck Creek,18/11/2014,0.087,0.087,1,0.087,60221,11,323,2014.8802511415524,1979,2015,-0.683395964,0.7300479134646666
North Buck Creek,19/11/2002,0.045,0.045,1,0.045,55839,11,324,2002.882991,1835,2003,-0.670728137,0.7417032871179106
North Buck Creek,19/11/2013,0.118,0.118,1,0.118,59857,11,324,2013.882991,1967,2014,-0.670728137,0.741703287
North Buck Creek,02/11/2003,0.05,0.05,1,0.05,56187,11,307,2003.8364155251143,1847,2004,-0.856180625,0.516676627
North Buck Creek,02/11/2013,0.085,0.085,1,0.085,59840,11,307,2013.8364155251143,1967,2014,-0.856180625,0.5166766267813682
North Buck Creek,20/11/2012,0.118,0.118,1,0.118,59493,11,325,2012.8860428051003,1955,2013,-0.656382874,0.7544279437540033
North Buck Creek,22/11/2011,0.102,0.102,1,0.102,59129,11,327,2011.891210045662,1943,2012,-0.631547456,0.7753372236102533
North Buck Creek,23/11/2010,0.06,0.06,1,0.06,58765,11,328,2010.8939497716894,1931,2011,-0.61810773,0.7860934003305128
North Buck Creek,25/11/2008,0.074,0.074,1,0.074,58037,11,330,2008.899704007286,1907,2009,-0.589288826,0.8079224463670097
North Buck Creek,26/11/2019,0.045,0.045,1,0.045,62055,11,331,2019.9021689497717,2039,2020,-0.576705799,0.8169519087470286
North Buck Creek,27/11/2007,0.126,0.126,1,0.126,57673,11,332,2007.904908675799,1895,2008,-0.56255787,0.8267579108245247
North Buck Creek,27/11/2018,0.029,0.029,1,0.029,61691,11,332,2018.904908675799,2027,2019,-0.56255787,0.8267579108245191
North Buck Creek,28/11/2006,0.213,0.213,1,0.213,57309,11,333,2006.9076484018265,1883,2007,-0.548243242,0.8363189266891342
North Buck Creek,28/11/2017,0.05,0.05,1,0.05,61327,11,333,2017.9076484018265,2015,2018,-0.548243242,0.8363189266891289
North Buck Creek,29/11/2005,0.091,0.091,1,0.091,56945,11,334,2005.9103881278538,1871,2006,-0.533766159,0.8456321232075391
North Buck Creek,30/11/2004,0.155,0.155,1,0.155,56581,11,335,2004.9133652094717,1859,2005,-0.517855683,0.8554679953621867
North Buck Creek,04/11/2003,0.048,0.048,1,0.048,56189,11,309,2003.841894977169,1847,2004,-0.837888411,0.5458415615622024
North Buck Creek,05/11/2013,0.081,0.081,1,0.081,59843,11,310,2013.8446347031963,1967,2014,-0.828368504,0.5601835608848227
North Buck Creek,05/11/2020,0.031,0.031,1,0.031,62400,11,310,2020.845059198543,2051,2021,-0.826871447,0.5623909760601012
North Buck Creek,06/11/2005,0.066,0.066,1,0.066,56922,11,311,2005.8473744292237,1871,2006,-0.818603133,0.5743595657308094
North Buck Creek,06/11/2012,0.046,0.046,1,0.046,59479,11,311,2012.847791,1955,2013,-0.817095417,0.576502454
North Buck Creek,08/11/2011,0.083,0.083,1,0.083,59115,11,313,2011.8528538812786,1943,2012,-0.798347647,0.6021968397924963
North Buck Creek,09/11/2005,0.081,0.081,1,0.081,56925,11,314,2005.855593607306,1871,2006,-0.787863535,0.6158498602227747
North Buck Creek,10/12/2019,0.108,0.108,1,0.108,62069,12,345,2019.9405251141552,2040,2020,-0.36505486,0.930986009
North Buck Creek,11/12/2007,0.155,0.155,1,0.155,57687,12,346,2007.9432648401826,1896,2008,-0.348975379,0.9371318929228584
North Buck Creek,11/12/2018,0.035,0.035,1,0.035,61705,12,346,2018.9432648401826,2028,2019,-0.348975379,0.9371318929228549
North Buck Creek,12/12/2006,0.28,0.28,1,0.28,57323,12,347,2006.9460045662101,1884,2007,-0.33279249,0.943000084
North Buck Creek,12/12/2017,0.076,0.076,1,0.076,61341,12,347,2017.9460045662101,2016,2018,-0.33279249,0.9430000842118148
North Buck Creek,13/12/2005,0.137,0.137,1,0.137,56959,12,348,2005.9487442922375,1872,2006,-0.316510987,0.9485888442242066
North Buck Creek,13/12/2016,0.05,0.05,1,0.05,60977,12,348,2016.9488843351548,2004,2017,-0.315676186,0.9488669799198814
North Buck Creek,14/12/2004,0.216,0.216,1,0.216,56595,12,349,2004.951616575592,1860,2005,-0.299341107,0.9541461636976958
North Buck Creek,16/12/2003,0.15,0.15,1,0.15,56231,12,351,2003.9569634703196,1848,2004,-0.267123179,0.9636623928268501
North Buck Creek,16/12/2014,0.147,0.147,1,0.147,60249,12,351,2014.9569634703196,1980,2015,-0.267123179,0.9636623928268475
North Buck Creek,17/12/2002,0.197,0.197,1,0.197,55867,12,352,2002.959703196347,1836,2003,-0.250495738,0.9681177022583405
North Buck Creek,17/12/2013,0.179,0.179,1,0.179,59885,12,352,2013.959703196347,1968,2014,-0.250495738,0.968117702
North Buck Creek,18/12/2012,0.158,0.158,1,0.158,59521,12,353,2012.9625455373407,1956,2013,-0.23316714,0.9724366738777056
North Buck Creek,19/12/2001,0.057,0.057,1,0.057,55504,12,354,2001.9651826484019,1824,2002,-0.217023122,0.9761664634184622
North Buck Creek,02/12/2003,0.102,0.102,1,0.102,56217,12,337,2003.9186073059361,1848,2004,-0.489403302,0.872057572
North Buck Creek,02/12/2014,0.151,0.151,1,0.151,60235,12,337,2014.9186073059361,1980,2015,-0.489403302,0.8720575717241232
North Buck Creek,20/12/2011,0.274,0.274,1,0.274,59157,12,355,2011.9679223744292,1944,2012,-0.200187867,0.97975753
North Buck Creek,21/12/2010,0.168,0.168,1,0.168,58793,12,356,2010.9706621004566,1932,2011,-0.183293292,0.9830582735300798
North Buck Creek,22/12/2009,0.139,0.139,1,0.139,58429,12,357,2009.973401826484,1920,2010,-0.166344403,0.9860677155524509
North Buck Creek,22/12/2020,0.095,0.095,1,0.095,62447,12,357,2020.9734744990892,2052,2021,-0.165894132,0.9861435681770354
North Buck Creek,23/12/2019,0.092,0.092,1,0.092,62082,12,358,2019.9761415525113,2040,2020,-0.149346222,0.9887849644299406
North Buck Creek,26/12/2006,0.322,0.322,1,0.322,57337,12,361,2006.9843607305936,1884,2007,-0.098106366,0.9951759347176669
North Buck Creek,26/12/2007,0.203,0.203,1,0.203,57702,12,361,2007.9843607305936,1896,2008,-0.098106366,0.9951759347177316
North Buck Creek,26/12/2017,0.088,0.088,1,0.088,61355,12,361,2017.9843607305936,2016,2018,-0.098106366,0.9951759347176659
North Buck Creek,27/12/2005,0.263,0.263,1,0.263,56973,12,362,2005.987100456621,1872,2006,-0.080961512,0.9967172284752742
North Buck Creek,27/12/2016,0.112,0.112,1,0.112,60991,12,362,2016.987135701275,2004,2017,-0.080740789,0.996735133
North Buck Creek,28/12/2004,0.238,0.238,1,0.238,56609,12,363,2004.9898679417122,1860,2005,-0.063618607,0.9979742846477391
North Buck Creek,03/12/2002,0.141,0.141,1,0.141,55853,12,338,2002.9213470319635,1836,2003,-0.474319754,0.8803526403178549
North Buck Creek,03/12/2013,0.144,0.144,1,0.144,59871,12,338,2013.9213470319635,1968,2014,-0.474319754,0.8803526403178502
North Buck Creek,30/12/2014,0.246,0.246,1,0.246,60263,12,365,2014.9953196347033,1980,2015,-0.029403364,0.9995676276198895
North Buck Creek,30/12/2015,0.036,0.036,1,0.036,60628,12,365,2015.9953196347033,1992,2016,-0.029403364,0.9995676276198554
North Buck Creek,31/12/2003,0.189,0.189,1,0.189,56246,12,366,2003.9980593607306,1848,2004,-0.012193094,0.9999256614662911
North Buck Creek,31/12/2013,0.245,0.245,1,0.245,59899,12,366,2013.9980593607306,1968,2014,-0.012193094,0.9999256614662829
North Buck Creek,04/12/2012,0.115,0.115,1,0.115,59507,12,339,2012.9242941712205,1956,2013,-0.457937505,0.8889843875417365
North Buck Creek,06/12/2011,0.204,0.204,1,0.204,59143,12,341,2011.9295662100456,1944,2012,-0.428243888,0.9036631963571925
North Buck Creek,07/12/2010,0.122,0.122,1,0.122,58779,12,342,2010.9323059360731,1932,2011,-0.412625363,0.9109008234679614
North Buck Creek,08/12/2009,0.073,0.073,1,0.073,58415,12,343,2009.9350456621005,1920,2010,-0.396884567,0.9178685310058767
North Buck Creek,08/12/2020,0.06,0.06,1,0.06,62433,12,343,2020.935223132969,2052,2021,-0.395860822,0.9183105192489365
North Buck Creek,09/12/2008,0.09,0.09,1,0.09,58051,12,344,2008.937955373406,1908,2009,-0.38003847,0.9249706814905138
North Buck Creek,01/02/2011,0.252,0.252,1,0.252,58835,2,32,2011.0857305936072,1934,2011,0.5129872361097009,0.858396235
North Buck Creek,10/02/2004,0.304,0.304,1,0.304,56287,2,41,2004.110086520947,1850,2004,0.6378427674517043,0.7701666079554158
North Buck Creek,10/02/2015,0.281,0.281,1,0.281,60305,2,41,2015.1103881278539,1982,2015,0.639301127,0.7689564804924075
North Buck Creek,11/02/2003,0.396,0.396,1,0.396,55923,2,42,2003.1131278538812,1838,2003,0.6524427295032891,0.7578380333015083
North Buck Creek,11/02/2014,0.328,0.328,1,0.328,59941,2,42,2014.1131278538812,1970,2014,0.6524427295032816,0.7578380333015147
North Buck Creek,12/02/2013,0.265,0.265,1,0.265,59577,2,43,2013.1158675799086,1958,2013,0.6653909990483694,0.7464950223446991
North Buck Creek,14/02/2012,0.475,0.475,1,0.475,59213,2,45,2012.1210154826958,1946,2012,0.6891842998520147,0.7245860893209919
North Buck Creek,15/02/2011,0.259,0.259,1,0.259,58849,2,46,2011.1240867579909,1934,2011,0.7030377352437575,0.7111525453960833
North Buck Creek,16/02/2010,0.248,0.248,1,0.248,58485,2,47,2010.1268264840182,1922,2010,0.7151748946621396,0.6989455415445452
North Buck Creek,17/02/2009,0.217,0.217,1,0.217,58121,2,48,2009.1295662100456,1910,2009,0.7271001323244869,0.6865314250445594
North Buck Creek,17/02/2021,0.228,0.228,1,0.228,62504,2,48,2021.1295662100456,2054,2021,0.7271001323236849,0.6865314250454089
North Buck Creek,18/02/2020,0.169,0.169,1,0.169,62139,2,49,2020.1319444444443,2042,2020,0.7372773368089377,0.675590208
North Buck Creek,19/02/2008,0.35,0.35,1,0.35,57757,2,50,2008.1346766848817,1898,2008,0.7487661015856865,0.6628343119635355
North Buck Creek,19/02/2019,0.101,0.101,1,0.101,61775,2,50,2019.1350456621005,2030,2019,0.7503007714044622,0.6610966286632152
North Buck Creek,02/02/2010,0.186,0.186,1,0.186,58471,2,33,2010.0884703196348,1922,2010,0.5276871116244882,0.849438822
North Buck Creek,20/02/2007,0.473,0.473,1,0.473,57393,2,51,2007.137785388128,1886,2007,0.7615692979704085,0.6480834856628112
North Buck Creek,20/02/2018,0.3,0.3,1,0.3,61411,2,51,2018.137785388128,2018,2018,0.7615692979704022,0.6480834856628186
North Buck Creek,21/02/2006,0.288,0.288,1,0.288,57029,2,52,2006.1405251141553,1874,2006,0.7726121551185422,0.6348783015374534
North Buck Creek,21/02/2017,0.09,0.09,1,0.09,61047,2,52,2017.1405251141553,2006,2017,0.772612155,0.6348783015374609
North Buck Creek,21/02/2018,0.267,0.267,1,0.267,61412,2,52,2018.1405251141553,2018,2018,0.7726121551189554,0.6348783015369506
North Buck Creek,22/02/2005,0.294,0.294,1,0.294,56665,2,53,2005.1432648401826,1862,2005,0.7834260706107699,0.6214849892695471
North Buck Creek,23/02/2016,0.12,0.12,1,0.12,60683,2,54,2016.1456056466302,1994,2016,0.7924816360168938,0.6098957751747321
North Buck Creek,24/02/2004,0.304,0.304,1,0.304,56301,2,55,2004.1483378870673,1850,2004,0.8028345340208051,0.5962019045454289
North Buck Creek,24/02/2015,0.314,0.314,1,0.314,60319,2,55,2015.1487442922376,1982,2015,0.8043543278305223,0.5941499097873437
North Buck Creek,24/02/2017,0.151,0.151,1,0.151,61050,2,55,2017.1487442922376,2006,2017,0.8043543278313072,0.5941499097862811
North Buck Creek,25/02/2003,0.442,0.442,1,0.442,55937,2,56,2003.151484018265,1838,2003,0.8144624680644797,0.5802162425461013
North Buck Creek,25/02/2014,0.353,0.353,1,0.353,59955,2,56,2014.151484018265,1970,2014,0.8144624680644741,0.5802162425461093
North Buck Creek,26/02/2002,0.263,0.263,1,0.263,55573,2,57,2002.1542237442923,1826,2002,0.8243292654915952,0.5661106447101018
North Buck Creek,26/02/2013,0.265,0.265,1,0.265,59591,2,57,2013.1542237442923,1958,2013,0.8243292654915897,0.5661106447101099
North Buck Creek,28/02/2012,0.389,0.389,1,0.389,59227,2,59,2012.159266848816,1946,2012,0.8418506765072203,0.5397105135758756
North Buck Creek,03/02/2009,0.186,0.186,1,0.186,58107,2,34,2009.0912100456621,1910,2009,0.5422306220596748,0.8402297022248012
North Buck Creek,04/02/2020,0.151,0.151,1,0.151,62125,2,35,2020.0936930783241,2042,2020,0.5552728228538788,0.8316682585020814
North Buck Creek,04/02/2021,0.189,0.189,1,0.189,62491,2,35,2021.0939497716895,2054,2021,0.556613458,0.8307716043115854
North Buck Creek,05/02/2002,0.248,0.248,1,0.248,55552,2,36,2002.0966894977169,1826,2002,0.5708313570773224,0.821067331
North Buck Creek,05/02/2008,0.388,0.388,1,0.388,57743,2,36,2008.0964253187615,1898,2008,0.5694676937027459,0.8220137138934336
North Buck Creek,05/02/2019,0.192,0.192,1,0.192,61761,2,36,2019.0966894977169,2030,2019,0.5708313570775815,0.8210673308425849
North Buck Creek,06/02/2007,0.5,0.5,1,0.5,57379,2,37,2007.0994292237442,1886,2007,0.5848801066447641,0.8111197574040527
North Buck Creek,06/02/2018,0.143,0.143,1,0.143,61397,2,37,2018.0994292237442,2018,2018,0.5848801066447561,0.8111197574040585
North Buck Creek,07/02/2006,0.248,0.248,1,0.248,57015,2,38,2006.1021689497718,1874,2006,0.5987555436165372,0.8009318316738729
North Buck Creek,07/02/2017,0.088,0.088,1,0.088,61033,2,38,2017.1021689497718,2006,2017,0.5987555436165293,0.8009318316738787
North Buck Creek,08/02/2005,0.664,0.664,1,0.664,56651,2,39,2005.1049086757992,1862,2005,0.6124535563970517,0.7905065725574985
North Buck Creek,08/02/2019,0.245,0.245,1,0.245,61764,2,39,2019.1049086757992,2030,2019,0.6124535563957346,0.7905065725585189
North Buck Creek,09/02/2016,0.125,0.125,1,0.125,60669,2,40,2016.107354,1994,2016,0.6245278458976848,0.7810025414160939
North Buck Creek,01/03/2011,0.344,0.344,1,0.344,58863,3,61,2011.1624429223743,1935,2011,0.8524527262323313,0.522804313
North Buck Creek,10/03/2015,0.372,0.372,1,0.372,60333,3,70,2015.187100456621,1983,2015,0.9229159318793259,0.38500153594929404
North Buck Creek,11/03/2003,0.399,0.399,1,0.399,55951,3,71,2003.1898401826484,1839,2003,0.9294063604839008,0.3690580131795941
North Buck Creek,11/03/2014,0.316,0.316,1,0.316,59969,3,71,2014.1898401826484,1971,2014,0.9294063604838971,0.3690580131796032
North Buck Creek,11/03/2016,0.174,0.174,1,0.174,60700,3,71,2016.192053734062,1995,2016,0.9344492213625962,0.3560964092697899
North Buck Creek,11/03/2020,0.183,0.183,1,0.183,62161,3,71,2020.192053734062,2043,2020,0.9344492213622416,0.3560964092707204
North Buck Creek,12/03/2002,0.35,0.35,1,0.35,55587,3,72,2002.1925799086757,1827,2002,0.9356213859256182,0.35300513055566973
North Buck Creek,12/03/2010,0.507,0.507,1,0.507,58509,3,72,2010.1925799086757,1923,2010,0.9356213859255573,0.3530051305558311
North Buck Creek,12/03/2013,0.603,0.603,1,0.603,59605,3,72,2013.1925799086757,1959,2013,0.9356213859256147,0.3530051305556789
North Buck Creek,12/03/2021,0.329,0.329,1,0.329,62527,3,72,2021.1925799086757,2055,2021,0.9356213859255539,0.35300513055584026
North Buck Creek,13/03/2012,0.637,0.637,1,0.637,59241,3,73,2012.1975182149363,1947,2012,0.9461224242735367,0.3238091386708624
North Buck Creek,15/03/2011,0.232,0.232,1,0.232,58877,3,75,2011.200799086758,1935,2011,0.9525960381010729,0.3042380452772784
North Buck Creek,15/03/2019,0.281,0.281,1,0.281,61799,3,75,2019.200799086758,2031,2019,0.9525960381010204,0.3042380452774427
North Buck Creek,16/03/2002,0.358,0.358,1,0.358,55591,3,76,2002.2035388127854,1827,2002,0.9576918585483304,0.28779559425092777
North Buck Creek,16/03/2010,0.302,0.302,1,0.302,58513,3,76,2010.2035388127854,1923,2010,0.9576918585482808,0.28779559425109297
North Buck Creek,16/03/2021,0.099,0.099,1,0.099,62531,3,76,2021.2035388127854,2055,2021,0.957691859,0.28779559425110235
North Buck Creek,17/03/2009,0.235,0.235,1,0.235,58149,3,77,2009.2062785388127,1911,2009,0.9625038942291071,0.27126786317919016
North Buck Creek,17/03/2020,0.134,0.134,1,0.134,62167,3,77,2020.2084471766848,2043,2020,0.9661107121353693,0.25812805329388283
North Buck Creek,18/03/2008,0.281,0.281,1,0.281,57785,3,78,2008.2111794171221,1899,2008,0.970399465,0.24150544246854308
North Buck Creek,19/03/2019,0.141,0.141,1,0.141,61803,3,79,2019.2117579908677,2031,2019,0.9712709921653175,0.23797617481210084
North Buck Creek,02/03/2010,0.27,0.27,1,0.27,58499,3,62,2010.165182648402,1923,2010,0.8613256430002775,0.5080532813693447
North Buck Creek,02/03/2021,0.2,0.2,1,0.2,62517,3,62,2021.165182648402,2055,2021,0.8613256430002725,0.5080532813693531
North Buck Creek,20/03/2007,0.442,0.442,1,0.442,57421,3,80,2007.214497716895,1887,2007,0.9752234565406734,0.22122208256153209
North Buck Creek,20/03/2018,0.141,0.141,1,0.141,61439,3,80,2018.214497716895,2019,2018,0.9752234565406712,0.22122208256154163
North Buck Creek,20/03/2020,0.116,0.116,1,0.116,62170,3,80,2020.2166438979964,2043,2020,0.9781178469248067,0.20805162226519716
North Buck Creek,21/03/2006,0.346,0.346,1,0.346,57057,3,81,2006.2172374429224,1875,2006,0.978886941,0.20440243743354383
North Buck Creek,21/03/2017,0.132,0.132,1,0.132,61075,3,81,2017.2172374429224,2007,2017,0.978886941,0.20440243743355344
North Buck Creek,22/03/2005,0.417,0.417,1,0.417,56693,3,82,2005.2199771689498,1863,2005,0.98226036,0.18752222345197586
North Buck Creek,22/03/2016,0.113,0.113,1,0.113,60711,3,82,2016.2221083788706,1995,2016,0.9846832907370661,0.17435256506063396
North Buck Creek,23/03/2004,0.349,0.349,1,0.349,56329,3,83,2004.2248406193078,1851,2004,0.9875311890197997,0.15742347573707202
North Buck Creek,24/03/2015,0.34,0.34,1,0.34,60347,3,84,2015.2254566210045,1983,2015,0.9881330908333315,0.15360011328175258
North Buck Creek,25/03/2003,0.822,0.822,1,0.822,55965,3,85,2003.228196347032,1839,2003,0.9906306617086359,0.13656826894527935
North Buck Creek,25/03/2014,0.326,0.326,1,0.326,59983,3,85,2014.228196347032,1971,2014,0.9906306617086346,0.13656826894528906
North Buck Creek,26/03/2009,0.192,0.192,1,0.192,58158,3,86,2009.2309360730594,1911,2009,0.9928346873392034,0.11949595648416823
North Buck Creek,26/03/2013,0.273,0.273,1,0.273,59619,3,86,2013.2309360730594,1959,2013,0.9928346873393018,0.11949595648335089
North Buck Creek,26/03/2015,0.353,0.353,1,0.353,60349,3,86,2015.2309360730594,1983,2015,0.9928346873392423,0.11949595648384519
North Buck Creek,26/03/2021,0.182,0.182,1,0.182,62541,3,86,2021.2309360730594,2055,2021,0.9928346873392812,0.11949595648352214
North Buck Creek,27/03/2002,0.283,0.283,1,0.283,55602,3,87,2002.2336757990868,1827,2002,0.9947445146248542,0.10238823479171401
North Buck Creek,27/03/2009,0.181,0.181,1,0.181,58159,3,87,2009.2336757990868,1911,2009,0.994744515,0.10238823479254268
North Buck Creek,27/03/2012,0.273,0.273,1,0.273,59255,3,87,2012.2357695810565,1947,2012,0.9960053773474947,0.089293271
North Buck Creek,28/03/2016,0.123,0.123,1,0.123,60717,3,88,2016.2385018214936,1995,2016,0.9973914514089005,0.072182357
North Buck Creek,29/03/2003,0.524,0.524,1,0.524,55969,3,89,2003.2391552511415,1839,2003,0.997679398,0.06808685
North Buck Creek,29/03/2011,0.217,0.217,1,0.217,58891,3,89,2011.2391552511415,1935,2011,0.9976793978139632,0.06808685
North Buck Creek,29/03/2020,0.087,0.087,1,0.087,62179,3,89,2020.2412340619308,2043,2020,0.99848359,0.05505017
North Buck Creek,03/03/2009,0.235,0.235,1,0.235,58135,3,63,2009.1679223744293,1911,2009,0.8699433303903124,0.4931517027339678
North Buck Creek,03/03/2020,0.153,0.153,1,0.153,62153,3,63,2020.1701958105646,2043,2020,0.8768987249935736,0.48067517733355547
North Buck Creek,30/03/2002,0.302,0.302,1,0.302,55605,3,90,2002.2418949771688,1827,2002,0.9987035840483182,0.050903352
North Buck Creek,30/03/2003,0.561,0.561,1,0.561,55970,3,90,2003.2418949771688,1839,2003,0.9987035840483518,0.050903352
North Buck Creek,30/03/2010,0.193,0.193,1,0.193,58527,3,90,2010.2418949771688,1923,2010,0.9987035840483094,0.050903351648604586
North Buck Creek,30/03/2018,0.251,0.251,1,0.251,61449,3,90,2018.2418949771688,2019,2018,0.9987035840483006,0.050903352
North Buck Creek,30/03/2021,0.388,0.388,1,0.388,62545,3,90,2021.2418949771688,2055,2021,0.9987035840483088,0.050903352
North Buck Creek,31/03/2009,0.225,0.225,1,0.225,58163,3,91,2009.2446347031964,1911,2009,0.9994318328569636,0.033704769279292786
North Buck Creek,04/03/2008,0.305,0.305,1,0.305,57771,3,64,2008.172928051002,1899,2008,0.8850209405531022,0.46555121606811684
North Buck Creek,05/03/2019,0.115,0.115,1,0.115,61789,3,65,2019.173401826484,2031,2019,0.886402879,0.4629146099476839
North Buck Creek,06/03/2004,0.853,0.853,1,0.853,56312,3,66,2004.1783925318762,1851,2004,0.9004805956819838,0.43489619083204173
North Buck Creek,06/03/2007,0.505,0.505,1,0.505,57407,3,66,2007.1761415525114,1887,2007,0.8942398628970964,0.4475880557005315
North Buck Creek,06/03/2018,0.123,0.123,1,0.123,61425,3,66,2018.1761415525114,2019,2018,0.8942398628970921,0.4475880557005402
North Buck Creek,07/03/2006,0.333,0.333,1,0.333,57043,3,67,2006.1788812785387,1875,2006,0.9018118642257803,0.43212887145112494
North Buck Creek,07/03/2017,0.112,0.112,1,0.112,61061,3,67,2017.1788812785387,2007,2017,0.901811864,0.4321288714511338
North Buck Creek,08/03/2016,0.167,0.167,1,0.167,60697,3,68,2016.1838570127504,1995,2016,0.9148788259601516,0.40372853975137146
North Buck Creek,09/03/2004,0.44,0.44,1,0.44,56315,3,69,2004.1865892531875,1851,2004,0.9216745537103701,0.3879639378122534
North Buck Creek,09/03/2005,0.496,0.496,1,0.496,56680,3,69,2005.1843607305937,1863,2005,0.9161520233667043,0.40083097445318966
North Buck Creek,01/04/2008,0.413,0.413,1,0.413,57799,4,92,2008.2494307832424,1900,2008,0.9999936043508348,0.003576487
North Buck Creek,01/04/2016,0.119,0.119,1,0.119,60721,4,92,2016.2494307832424,1996,2016,0.9999936043508342,0.003576487
North Buck Creek,10/04/2011,0.259,0.259,1,0.259,58903,4,101,2011.2720319634702,1936,2011,0.9904337329667219,-0.137989205
North Buck Creek,10/04/2012,0.322,0.322,1,0.322,59269,4,101,2012.2740209471767,1948,2012,0.9886319642351306,-0.150355709
North Buck Creek,10/04/2015,0.703,0.703,1,0.703,60364,4,101,2015.2720319634702,1984,2015,0.9904337329668593,-0.137989205
North Buck Creek,11/04/2011,0.265,0.265,1,0.265,58904,4,102,2011.2747716894978,1936,2011,0.9879117321959704,-0.155017449
North Buck Creek,11/04/2017,0.076,0.076,1,0.076,61096,4,102,2017.2747716894978,2008,2017,0.987911732,-0.155017449
North Buck Creek,12/04/2008,0.155,0.155,1,0.155,57810,4,103,2008.279485428051,1900,2008,0.9828879476910668,-0.184204458
North Buck Creek,12/04/2011,0.27,0.27,1,0.27,58905,4,103,2011.2775114155252,1936,2011,0.9850969918583674,-0.171999758
North Buck Creek,12/04/2021,0.038,0.038,1,0.038,62558,4,103,2021.2775114155252,2056,2021,0.9850969918581698,-0.171999758
North Buck Creek,13/04/2002,0.264,0.264,1,0.264,55619,4,104,2002.2802511415525,1828,2002,0.9819903460217192,-0.188931099
North Buck Creek,13/04/2010,0.088,0.088,1,0.088,58541,4,104,2010.2802511415525,1924,2010,0.9819903460217518,-0.188931099
North Buck Creek,13/04/2018,0.155,0.155,1,0.155,61463,4,104,2018.2802511415525,2020,2018,0.9819903460217844,-0.188931099
North Buck Creek,14/04/2002,0.294,0.294,1,0.294,55620,4,105,2002.2829908675799,1828,2002,0.9785927152527146,-0.205806457
North Buck Creek,14/04/2008,0.174,0.174,1,0.174,57812,4,105,2008.2849499089252,1900,2008,0.9759853701531342,-0.217836079
North Buck Creek,14/04/2009,0.133,0.133,1,0.133,58177,4,105,2009.2829908675799,1912,2009,0.9785927152525117,-0.205806457
North Buck Creek,14/04/2020,0.062,0.062,1,0.062,62195,4,105,2020.2849499089252,2044,2020,0.9759853701533887,-0.217836079
North Buck Creek,15/04/2003,0.445,0.445,1,0.445,55986,4,106,2003.2857305936072,1840,2003,0.9749051063423012,-0.222620829
North Buck Creek,15/04/2015,0.582,0.582,1,0.582,60369,4,106,2015.2857305936072,1984,2015,0.9749051063421563,-0.222620829
North Buck Creek,15/04/2019,0.091,0.091,1,0.091,61830,4,106,2019.2857305936072,2032,2019,0.974905106,-0.222620829
North Buck Creek,16/04/2003,0.433,0.433,1,0.433,55987,4,107,2003.2884703196346,1840,2003,0.9709286120088672,-0.239369234
North Buck Creek,16/04/2018,0.189,0.189,1,0.189,61466,4,107,2018.2884703196346,2020,2018,0.9709286120086724,-0.239369234
North Buck Creek,17/04/2007,0.399,0.399,1,0.399,57449,4,108,2007.2912100456622,1888,2007,0.9666644105726906,-0.256046709
North Buck Creek,17/04/2018,0.169,0.169,1,0.169,61467,4,108,2018.2912100456622,2020,2018,0.9666644105726931,-0.256046709
North Buck Creek,18/04/2006,0.101,0.101,1,0.101,57085,4,109,2006.2939497716895,1876,2006,0.9621137656096792,-0.272648312
North Buck Creek,19/04/2005,0.223,0.223,1,0.223,56721,4,110,2005.296689497717,1864,2005,0.9572780255743173,-0.289169123
North Buck Creek,19/04/2016,0.034,0.034,1,0.034,60739,4,110,2016.298611111111,1996,2016,0.9537169507482401,-0.3007058
North Buck Creek,02/04/2019,0.133,0.133,1,0.133,61817,4,93,2019.2501141552511,2032,2019,0.9999997427700635,-7.17E-04
North Buck Creek,20/04/2004,0.169,0.169,1,0.169,56357,4,111,2004.3013433515482,1852,2004,0.9484144034538552,-0.317033309
North Buck Creek,20/04/2005,0.314,0.314,1,0.314,56722,4,111,2005.2994292237443,1864,2005,0.9521586233995174,-0.305604247
North Buck Creek,20/04/2019,0.084,0.084,1,0.084,61835,4,111,2019.2994292237443,2032,2019,0.9521586233994707,-0.305604247
North Buck Creek,21/04/2015,0.349,0.349,1,0.349,60375,4,112,2015.3021689497716,1984,2015,0.9467570760761073,-0.321948814
North Buck Creek,21/04/2017,0.029,0.029,1,0.029,61106,4,112,2017.3021689497716,2008,2017,0.9467570760756819,-0.321948814
North Buck Creek,22/04/2002,0.084,0.084,1,0.084,55628,4,113,2002.3049086757992,1828,2002,0.9410749841974002,-0.338197981
North Buck Creek,22/04/2003,0.248,0.248,1,0.248,55993,4,113,2003.3049086757992,1840,2003,0.9410749841971768,-0.338197981
North Buck Creek,22/04/2006,0.138,0.138,1,0.138,57089,4,113,2006.3049086757992,1876,2006,0.9410749841971218,-0.338197981
North Buck Creek,22/04/2012,0.221,0.221,1,0.221,59281,4,113,2012.3068078324227,1948,2012,0.9369724476855396,-0.349403252
North Buck Creek,22/04/2014,0.217,0.217,1,0.217,60011,4,113,2014.3049086757992,1972,2014,0.941074984,-0.338197981
North Buck Creek,23/04/2005,0.321,0.321,1,0.321,56725,4,114,2005.3076484018266,1864,2005,0.9351140314908878,-0.354346932
North Buck Creek,23/04/2006,0.153,0.153,1,0.153,57090,4,114,2006.3076484018266,1876,2006,0.9351140314912982,-0.354346932
North Buck Creek,23/04/2012,0.316,0.316,1,0.316,59282,4,114,2012.3095400728598,1948,2012,0.9308364112091773,-0.365436144
North Buck Creek,23/04/2013,0.165,0.165,1,0.165,59647,4,114,2013.3076484018266,1960,2013,0.9351140314909488,-0.354346932
North Buck Creek,23/04/2018,0.104,0.104,1,0.104,61473,4,114,2018.3076484018266,2020,2018,0.9351140314910676,-0.354346932
North Buck Creek,24/04/2012,0.242,0.242,1,0.242,59283,4,115,2012.312272313297,1948,2012,0.9244260529706083,-0.381361341
North Buck Creek,24/04/2020,0.08,0.08,1,0.08,62205,4,115,2020.312272313297,2044,2020,0.924426053,-0.381361341
North Buck Creek,25/04/2005,0.26,0.26,1,0.26,56727,4,116,2005.3131278538813,1864,2005,0.9223626911404565,-0.386325078
North Buck Creek,25/04/2018,0.103,0.103,1,0.103,61475,4,116,2018.3131278538813,2020,2018,0.9223626911406526,-0.386325078
North Buck Creek,26/04/2005,0.209,0.209,1,0.209,56728,4,117,2005.3158675799086,1864,2005,0.9155760819932094,-0.402144797
North Buck Creek,26/04/2006,0.092,0.092,1,0.092,57093,4,117,2006.3158675799086,1876,2006,0.9155760819929437,-0.402144797
North Buck Creek,26/04/2011,0.116,0.116,1,0.116,58919,4,117,2011.3158675799086,1936,2011,0.9155760819930785,-0.402144797
North Buck Creek,26/04/2018,0.105,0.105,1,0.105,61476,4,117,2018.3158675799086,2020,2018,0.915576082,-0.402144797
North Buck Creek,27/04/2010,0.104,0.104,1,0.104,58555,4,118,2010.318607305936,1924,2010,0.9085181678925238,-0.417845353
North Buck Creek,28/04/2009,0.046,0.046,1,0.046,58191,4,119,2009.3213470319636,1912,2009,0.9011910402513845,-0.433422091
North Buck Creek,29/04/2008,0.038,0.038,1,0.038,57827,4,120,2008.3259335154828,1900,2008,0.8883283536999137,-0.459208815
North Buck Creek,03/04/2007,0.48,0.48,1,0.48,57435,4,94,2007.2528538812785,1888,2007,0.9998392355906898,-0.017930504
North Buck Creek,03/04/2015,0.949,0.949,1,0.949,60357,4,94,2015.2528538812785,1984,2015,0.9998392355906928,-0.017930504
North Buck Creek,03/04/2018,0.129,0.129,1,0.129,61453,4,94,2018.2528538812785,2020,2018,0.9998392355906899,-0.017930504
North Buck Creek,04/04/2006,0.237,0.237,1,0.237,57071,4,95,2006.2555936073059,1876,2006,0.999382454,-0.035138436
North Buck Creek,04/04/2008,0.266,0.266,1,0.266,57802,4,95,2008.2576275045537,1900,2008,0.9988518157997749,-0.047906681
North Buck Creek,04/04/2017,0.133,0.133,1,0.133,61089,4,95,2017.2555936073059,2008,2017,0.9993824544675003,-0.035138436
North Buck Creek,04/04/2018,0.176,0.176,1,0.176,61454,4,95,2018.2555936073059,2020,2018,0.9993824544674771,-0.035138436
North Buck Creek,05/04/2005,0.493,0.493,1,0.493,56707,4,96,2005.2583333333334,1864,2005,0.9986295347546006,-0.052335956
North Buck Creek,05/04/2016,0.083,0.083,1,0.083,60725,4,96,2016.2603597449909,1996,2016,0.9978822508109123,-0.065046241
North Buck Creek,05/04/2017,0.137,0.137,1,0.137,61090,4,96,2017.2583333333334,2008,2017,0.9986295347545665,-0.052335956
North Buck Creek,06/04/2004,0.346,0.346,1,0.346,56343,4,97,2004.263091985428,1852,2004,0.996618605,-0.082166632
North Buck Creek,07/04/2015,0.631,0.631,1,0.631,60361,4,98,2015.2638127853882,1984,2015,0.9962362596713592,-0.08667938
North Buck Creek,07/04/2017,0.113,0.113,1,0.113,61092,4,98,2017.2638127853882,2008,2017,0.9962362596712447,-0.08667938
North Buck Creek,07/04/2021,0.059,0.059,1,0.059,62553,4,98,2021.2638127853882,2056,2021,0.99623626,-0.08667938
North Buck Creek,08/04/2003,0.468,0.468,1,0.468,55979,4,99,2003.2665525114155,1840,2003,0.9945966134799933,-0.103815107
North Buck Creek,08/04/2014,0.636,0.636,1,0.636,59997,4,99,2014.2665525114155,1972,2014,0.9945966134799944,-0.103815107
North Buck Creek,09/04/2002,0.232,0.232,1,0.232,55615,4,100,2002.2692922374429,1828,2002,0.9926622468468902,-0.120920071
North Buck Creek,09/04/2008,0.195,0.195,1,0.195,57807,4,100,2008.2712887067396,1900,2008,0.9910673427311337,-0.133362372
North Buck Creek,09/04/2013,0.274,0.274,1,0.274,59633,4,100,2013.2692922374429,1960,2013,0.9926622468468914,-0.120920071
North Buck Creek,09/04/2019,0.137,0.137,1,0.137,61824,4,100,2019.2692922374429,2032,2019,0.992662247,-0.120920071
North Buck Creek,01/05/2007,0.203,0.203,1,0.203,57463,5,122,2007.3295662100456,1889,2007,0.8776164829307868,-0.479363441
North Buck Creek,01/05/2018,0.105,0.105,1,0.105,61481,5,122,2018.3295662100456,2021,2018,0.8776164829307914,-0.479363441
North Buck Creek,10/05/2011,0.052,0.052,1,0.052,58933,5,131,2011.3542237442923,1937,2011,0.7931349695934006,-0.60904591
North Buck Creek,10/05/2019,0.05,0.05,1,0.05,61855,5,131,2019.3542237442923,2033,2019,0.7931349695935057,-0.60904591
North Buck Creek,11/05/2003,0.224,0.224,1,0.224,56012,5,132,2003.3569634703197,1841,2003,0.7825337339321345,-0.622608188
North Buck Creek,11/05/2010,0.05,0.05,1,0.05,58569,5,132,2010.3569634703197,1925,2010,0.7825337339315207,-0.622608188
North Buck Creek,12/05/2003,0.151,0.151,1,0.151,56013,5,133,2003.359703196347,1841,2003,0.771700617,-0.635985973
North Buck Creek,12/05/2009,0.032,0.032,1,0.032,58205,5,133,2009.359703196347,1913,2009,0.771700617,-0.635985973
North Buck Creek,13/05/2002,0.161,0.161,1,0.161,55649,5,134,2002.3624429223744,1829,2002,0.7606388277941043,-0.649175303
North Buck Creek,14/05/2002,0.103,0.103,1,0.103,55650,5,135,2002.3651826484017,1829,2002,0.7493516452499861,-0.662172267
North Buck Creek,14/05/2003,0.127,0.127,1,0.127,56015,5,135,2003.3651826484017,1841,2003,0.7493516452507532,-0.662172267
North Buck Creek,15/05/2007,0.199,0.199,1,0.199,57477,5,136,2007.3679223744293,1889,2007,0.7378424136412483,-0.674973016
North Buck Creek,15/05/2018,0.052,0.052,1,0.052,61495,5,136,2018.3679223744293,2021,2018,0.7378424136412548,-0.674973016
North Buck Creek,16/05/2006,0.035,0.035,1,0.035,57113,5,137,2006.3706621004567,1877,2006,0.7261145434016122,-0.687573756
North Buck Creek,16/05/2009,0.097,0.097,1,0.097,58209,5,137,2009.3706621004567,1913,2009,0.7261145434015004,-0.687573756
North Buck Creek,16/05/2014,0.239,0.239,1,0.239,60035,5,137,2014.3706621004567,1973,2014,0.7261145434017308,-0.687573756
North Buck Creek,17/05/2005,0.385,0.385,1,0.385,56749,5,138,2005.373401826484,1865,2005,0.7141715097531961,-0.699970753
North Buck Creek,17/05/2009,0.049,0.049,1,0.049,58210,5,138,2009.373401826484,1913,2009,0.7141715097526199,-0.699970753
North Buck Creek,17/05/2014,0.172,0.172,1,0.172,60036,5,138,2014.373401826484,1973,2014,0.7141715097528545,-0.699970753
North Buck Creek,18/05/2004,0.094,0.094,1,0.094,56385,5,139,2004.3778460837887,1853,2004,0.6943495807233244,-0.719637867
North Buck Creek,19/05/2015,0.034,0.034,1,0.034,60403,5,140,2015.3788812785388,1985,2015,0.6896541708479231,-0.724138885
North Buck Creek,02/05/2006,0.106,0.106,1,0.106,57099,5,123,2006.332305936073,1877,2006,0.8692350009346436,-0.494399144
North Buck Creek,20/05/2003,0.13,0.13,1,0.13,56021,5,141,2003.3816210045661,1841,2003,0.6770871306081232,-0.735902859
North Buck Creek,20/05/2014,0.078,0.078,1,0.078,60039,5,141,2014.3816210045661,1973,2014,0.6770871306081304,-0.735902859
North Buck Creek,20/05/2020,0.036,0.036,1,0.036,62231,5,141,2020.3833105646631,2045,2020,0.6692369136420959,-0.743049092
North Buck Creek,21/05/2013,0.042,0.042,1,0.042,59675,5,142,2013.3843607305937,1961,2013,0.6643194548374342,-0.747448769
North Buck Creek,22/05/2004,0.133,0.133,1,0.133,56389,5,143,2004.3887750455374,1853,2004,0.6433353959259709,-0.765584462
North Buck Creek,22/05/2012,0.148,0.148,1,0.148,59311,5,143,2012.3887750455374,1949,2012,0.643335396,-0.765584462
North Buck Creek,23/05/2004,0.265,0.265,1,0.265,56390,5,144,2004.3915072859745,1853,2004,0.6300983236496911,-0.776515359
North Buck Creek,23/05/2014,0.199,0.199,1,0.199,60042,5,144,2014.3898401826484,1973,2014,0.6381973883944352,-0.769872777
North Buck Creek,24/05/2004,0.139,0.139,1,0.139,56391,5,145,2004.3942395264116,1853,2004,0.6166755585067274,-0.787217413
North Buck Creek,24/05/2014,0.141,0.141,1,0.141,60043,5,145,2014.3925799086758,1973,2014,0.6248507382524893,-0.780744231
North Buck Creek,25/05/2010,0.076,0.076,1,0.076,58583,5,146,2010.3953196347031,1925,2010,0.6113189313506456,-0.791384334
North Buck Creek,25/05/2014,0.067,0.067,1,0.067,60044,5,146,2014.3953196347031,1973,2014,0.6113189313514337,-0.791384334
North Buck Creek,25/05/2021,0.043,0.043,1,0.043,62601,5,146,2021.3953196347031,2057,2021,0.6113189313506534,-0.791384334
North Buck Creek,26/05/2009,0.087,0.087,1,0.087,58219,5,147,2009.3980593607305,1913,2009,0.5976059774559659,-0.801789932
North Buck Creek,29/05/2007,0.291,0.291,1,0.291,57491,5,150,2007.4062785388128,1889,2007,0.5554211294072756,-0.831569221
North Buck Creek,29/05/2018,0.07,0.07,1,0.07,61509,5,150,2018.4062785388128,2021,2018,0.5554211294072837,-0.831569221
North Buck Creek,03/05/2005,0.139,0.139,1,0.139,56735,5,124,2005.3350456621004,1865,2005,0.860595946,-0.509288345
North Buck Creek,30/05/2017,0.029,0.029,1,0.029,61145,5,151,2017.4090182648401,2009,2017,0.541024741,-0.841006677
North Buck Creek,31/05/2005,0.074,0.074,1,0.074,56763,5,152,2005.4117579908675,1865,2005,0.5264680345014882,-0.850194924
North Buck Creek,04/05/2004,0.098,0.098,1,0.098,56371,5,125,2004.3395947176684,1853,2004,0.8456896501543354,-0.533675009
North Buck Creek,05/05/2015,0.113,0.113,1,0.113,60389,5,126,2015.3405251141553,1985,2015,0.8425554317241308,-0.53860964
North Buck Creek,06/05/2003,0.13,0.13,1,0.13,56007,5,127,2003.3432648401827,1841,2003,0.833159318,-0.553033046
North Buck Creek,06/05/2014,0.174,0.174,1,0.174,60025,5,127,2014.3432648401827,1973,2014,0.8331593184798024,-0.553033046
North Buck Creek,07/05/2002,0.038,0.038,1,0.038,55643,5,128,2002.346005,1829,2002,0.8235163221483428,-0.567292576
North Buck Creek,07/05/2013,0.115,0.115,1,0.115,59661,5,128,2013.346005,1961,2013,0.8235163221483484,-0.567292576
North Buck Creek,08/05/2003,0.067,0.067,1,0.067,56009,5,129,2003.3487442922374,1841,2003,0.8136293001579785,-0.581384006
North Buck Creek,08/05/2012,0.161,0.161,1,0.161,59297,5,129,2012.3505236794172,1949,2012,0.807078585,-0.590444035
North Buck Creek,01/06/2004,0.087,0.087,1,0.087,56399,6,153,2004.4160974499089,1854,2004,0.5030941305532056,-0.864231622
North Buck Creek,01/06/2015,0.279,0.279,1,0.279,60416,6,153,2015.414497716895,1986,2015,0.5117553245520852,-0.85913124
North Buck Creek,10/06/2008,0.052,0.052,1,0.052,57869,6,162,2008.4406876138432,1902,2008,0.36410411833790207,-0.931358251
North Buck Creek,12/06/2007,0.305,0.305,1,0.305,57505,6,164,2007.4446347031962,1890,2007,0.34089656152754366,-0.940100811
North Buck Creek,12/06/2018,0.169,0.169,1,0.169,61523,6,164,2018.4446347031962,2022,2018,0.3408965615275529,-0.940100811
North Buck Creek,13/06/2006,0.085,0.085,1,0.085,57141,6,165,2006.4473744292238,1878,2006,0.3246637639438358,-0.945829499
North Buck Creek,13/06/2014,0.097,0.097,1,0.097,60063,6,165,2014.4473744292238,1974,2014,0.32466376394399893,-0.945829499
North Buck Creek,13/06/2017,0.032,0.032,1,0.032,61159,6,165,2017.4473744292238,2010,2017,0.32466376394384505,-0.945829499
North Buck Creek,14/06/2005,0.136,0.136,1,0.136,56777,6,166,2005.4501141552512,1866,2005,0.30833476148349026,-0.951277917
North Buck Creek,15/06/2004,0.244,0.244,1,0.244,56413,6,167,2004.454348816029,1854,2004,0.2829178106567416,-0.959144156
North Buck Creek,15/06/2005,0.091,0.091,1,0.091,56778,6,167,2005.4528538812785,1866,2005,0.29191439277655234,-0.956444451
North Buck Creek,16/06/2005,0.158,0.158,1,0.158,56779,6,168,2005.455593607306,1866,2005,0.2754075235367449,-0.96132757
North Buck Creek,16/06/2015,0.041,0.041,1,0.041,60431,6,168,2015.455593607306,1986,2015,0.27540752353738934,-0.96132757
North Buck Creek,17/06/2003,0.066,0.066,1,0.066,56049,6,169,2003.4583333333333,1842,2003,0.25881904510345943,-0.965925826
North Buck Creek,17/06/2005,0.129,0.129,1,0.129,56780,6,169,2005.4583333333333,1866,2005,0.2588190451039403,-0.965925826
North Buck Creek,17/06/2006,0.185,0.185,1,0.185,57145,6,169,2006.4583333333333,1878,2006,0.2588190451033023,-0.965925826
North Buck Creek,17/06/2014,0.043,0.043,1,0.043,60067,6,169,2014.4583333333333,1974,2014,0.2588190451034689,-0.965925826
North Buck Creek,18/06/2013,0.034,0.034,1,0.034,59703,6,170,2013.4610730593608,1962,2013,0.24215387300070892,-0.970237858
North Buck Creek,19/06/2005,0.057,0.057,1,0.057,56782,6,171,2005.4638127853882,1866,2005,0.22541694547845595,-0.974262388
North Buck Creek,19/06/2007,0.752,0.752,1,0.752,57512,6,171,2007.4638127853882,1890,2007,0.225416945,-0.974262388
North Buck Creek,19/06/2012,0.217,0.217,1,0.217,59339,6,171,2012.4652777777778,1950,2012,0.216439614,-0.976296007
North Buck Creek,02/06/2015,0.076,0.076,1,0.076,60417,6,154,2015.4172374429224,1986,2015,0.4968909704579707,-0.867812977
North Buck Creek,20/06/2007,0.75,0.75,1,0.75,57513,6,172,2007.4665525114156,1890,2007,0.20861322205278718,-0.977998223
North Buck Creek,20/06/2019,0.065,0.065,1,0.065,61896,6,172,2019.4665525114156,2034,2019,0.20861322205215072,-0.977998223
North Buck Creek,21/06/2011,0.127,0.127,1,0.127,58975,6,173,2011.469292237443,1938,2011,0.19174768202589507,-0.981444255
North Buck Creek,22/06/2006,0.084,0.084,1,0.084,57150,6,174,2006.4720319634703,1878,2006,0.1748253230230454,-0.984599465
North Buck Creek,22/06/2010,0.111,0.111,1,0.111,58611,6,174,2010.4720319634703,1926,2010,0.17482532302223483,-0.984599465
North Buck Creek,23/06/2005,0.127,0.127,1,0.127,56786,6,175,2005.4747716894976,1866,2005,0.1578511595031346,-0.987462916
North Buck Creek,23/06/2009,0.078,0.078,1,0.078,58247,6,175,2009.4747716894976,1914,2009,0.15785115950232168,-0.987462916
North Buck Creek,23/06/2015,0.045,0.045,1,0.045,60438,6,175,2015.4747716894976,1986,2015,0.15785115950379658,-0.987462916
North Buck Creek,23/06/2017,0.083,0.083,1,0.083,61169,6,175,2017.4747716894976,2010,2017,0.15785116,-0.987462916
North Buck Creek,23/06/2020,0.196,0.196,1,0.196,62265,6,175,2020.4762067395263,2046,2020,0.14894122117346678,-0.988846051
North Buck Creek,24/06/2008,0.076,0.076,1,0.076,57883,6,176,2008.4789389799635,1902,2008,0.1319444169556886,-0.991257116
North Buck Creek,25/06/2014,0.106,0.106,1,0.106,60075,6,177,2014.4802511415526,1974,2014,0.1237675520188523,-0.992311238
North Buck Creek,26/06/2006,0.151,0.151,1,0.151,57154,6,178,2006.482991,1878,2006,0.10666820776393386,-0.994294671
North Buck Creek,26/06/2007,0.14,0.14,1,0.14,57519,6,178,2007.482991,1890,2007,0.10666820776327707,-0.994294671
North Buck Creek,26/06/2018,0.171,0.171,1,0.171,61537,6,178,2018.482991,2022,2018,0.10666820776328681,-0.994294671
North Buck Creek,27/06/2006,0.203,0.203,1,0.203,57155,6,179,2006.4857305936073,1878,2006,0.089537255,-0.995983474
North Buck Creek,28/06/2005,0.078,0.078,1,0.078,56791,6,180,2005.4884703196346,1866,2005,0.072379771,-0.997377145
North Buck Creek,28/06/2006,0.123,0.123,1,0.123,57156,6,180,2006.4884703196346,1878,2006,0.072379771,-0.997377145
North Buck Creek,28/06/2010,0.075,0.075,1,0.075,58617,6,180,2010.4884703196346,1926,2010,0.072379771,-0.997377145
North Buck Creek,03/06/2014,0.095,0.095,1,0.095,60053,6,155,2014.4199771689498,1974,2014,0.4818793768445233,-0.876237563
North Buck Creek,30/06/2015,0.031,0.031,1,0.031,60445,6,182,2015.4939497716896,1986,2015,0.038005550332541826,-0.999277528
North Buck Creek,04/06/2013,0.031,0.031,1,0.031,59689,6,156,2013.4227168949772,1962,2013,0.4667249919719028,-0.8844025
North Buck Creek,05/06/2012,0.071,0.071,1,0.071,59325,6,157,2012.4270264116576,1950,2012,0.44260942795558705,-0.8967145
North Buck Creek,05/06/2016,0.16,0.16,1,0.16,60786,6,157,2016.4270264116576,1998,2016,0.4426094279564799,-0.8967145
North Buck Creek,05/06/2018,0.064,0.064,1,0.064,61516,6,157,2018.4254566210045,2022,2018,0.45143230641273835,-0.89230537
North Buck Creek,07/06/2011,0.108,0.108,1,0.108,58961,6,159,2011.4309360730595,1938,2011,0.42045019907761333,-0.907315618
North Buck Creek,09/06/2009,0.147,0.147,1,0.147,58233,6,161,2009.4364155251142,1914,2009,0.38896977479051564,-0.921250517
North Buck Creek,09/06/2015,0.154,0.154,1,0.154,60424,6,161,2015.4364155251142,1986,2015,0.3889697747902159,-0.921250517
North Buck Creek,09/06/2020,0.12,0.12,1,0.12,62251,6,161,2020.437955373406,2046,2020,0.38003846961068033,-0.924970681
North Buck Creek,01/07/2003,0.192,0.192,1,0.192,56063,7,183,2003.496689497717,1843,2003,0.020798999410293572,-0.999783677
North Buck Creek,01/07/2014,0.092,0.092,1,0.092,60081,7,183,2014.496689497717,1975,2014,0.020798999,-0.999783677
North Buck Creek,10/07/2007,0.456,0.456,1,0.456,57533,7,192,2007.5213470319634,1891,2007,-0.133725557,-0.991018403
North Buck Creek,10/07/2016,0.031,0.031,1,0.031,60821,7,192,2016.5226548269582,1999,2016,-0.141864267,-0.98988612
North Buck Creek,10/07/2018,0.161,0.161,1,0.161,61551,7,192,2018.5213470319634,2023,2018,-0.133725557,-0.991018403
North Buck Creek,11/07/2006,0.263,0.263,1,0.263,57169,7,193,2006.524086757991,1879,2006,-0.150764497,-0.988569707
North Buck Creek,11/07/2009,0.059,0.059,1,0.059,58265,7,193,2009.524086757991,1915,2009,-0.150764497,-0.988569707
North Buck Creek,11/07/2017,0.078,0.078,1,0.078,61187,7,193,2017.524086757991,2011,2017,-0.150764497,-0.988569707
North Buck Creek,12/07/2005,0.329,0.329,1,0.329,56805,7,194,2005.5268264840183,1867,2005,-0.167758762,-0.985828077
North Buck Creek,12/07/2020,0.14,0.14,1,0.14,62284,7,194,2020.5281193078324,2047,2020,-0.175761072,-0.984432855
North Buck Creek,13/07/2004,0.092,0.092,1,0.092,56441,7,195,2004.5308515482695,1855,2004,-0.192634272,-0.981270624
North Buck Creek,14/07/2015,0.199,0.199,1,0.199,60459,7,196,2015.532305936073,1987,2015,-0.20159314,-0.979469349
North Buck Creek,15/07/2003,0.101,0.101,1,0.101,56077,7,197,2003.5350456621004,1843,2003,-0.218423226,-0.975854136
North Buck Creek,15/07/2004,0.311,0.311,1,0.311,56443,7,197,2004.5363160291438,1855,2004,-0.226205406,-0.974079624
North Buck Creek,15/07/2014,0.23,0.23,1,0.23,60095,7,197,2014.5350456621004,1975,2014,-0.218423226,-0.975854136
North Buck Creek,16/07/2002,0.228,0.228,1,0.228,55713,7,198,2002.5377853881278,1831,2002,-0.235188589,-0.971949756
North Buck Creek,16/07/2013,0.127,0.127,1,0.127,59731,7,198,2013.5377853881278,1963,2013,-0.235188589,-0.971949756
North Buck Creek,19/07/2011,0.228,0.228,1,0.228,59003,7,201,2011.546005,1939,2011,-0.285046763,-0.958513611
North Buck Creek,02/07/2002,0.098,0.098,1,0.098,55699,7,184,2002.4994292237443,1831,2002,0.003586285,-0.999993569
North Buck Creek,02/07/2006,0.083,0.083,1,0.083,57160,7,184,2006.4994292237443,1879,2006,0.003586285,-0.999993569
North Buck Creek,20/07/2010,0.129,0.129,1,0.129,58639,7,202,2010.5487442922374,1927,2010,-0.301503766,-0.953464986
North Buck Creek,21/07/2009,0.134,0.134,1,0.134,58275,7,203,2009.5514840182648,1915,2009,-0.317871427,-0.948133828
North Buck Creek,21/07/2020,0.112,0.112,1,0.112,62293,7,203,2020.5527094717668,2047,2020,-0.325162327,-0.945658216
North Buck Creek,23/07/2014,0.594,0.594,1,0.594,60103,7,205,2014.5569634703197,1975,2014,-0.350319351,-0.936630318
North Buck Creek,23/07/2019,0.036,0.036,1,0.036,61929,7,205,2019.5569634703197,2035,2019,-0.350319351,-0.936630318
North Buck Creek,24/07/2007,0.125,0.125,1,0.125,57547,7,206,2007.559703196347,1891,2007,-0.366389999,-0.930461374
North Buck Creek,24/07/2012,1.973,1.973,1,1.973,59374,7,206,2012.5609061930784,1951,2012,-0.373412499,-0.927665406
North Buck Creek,24/07/2014,0.083,0.083,1,0.083,60104,7,206,2014.559703196347,1975,2014,-0.366389999,-0.930461374
North Buck Creek,25/07/2017,0.094,0.094,1,0.094,61201,7,207,2017.5624429223744,2011,2017,-0.382352077,-0.924016715
North Buck Creek,26/07/2006,0.102,0.102,1,0.102,57184,7,208,2006.5651826484018,1879,2006,-0.398200857,-0.917298249
North Buck Creek,26/07/2012,0.295,0.295,1,0.295,59376,7,208,2012.5663706739526,1951,2012,-0.40503695,-0.914300317
North Buck Creek,27/07/2004,0.109,0.109,1,0.109,56455,7,209,2004.5691029143898,1855,2004,-0.420672447,-0.907212595
North Buck Creek,27/07/2012,0.133,0.133,1,0.133,59377,7,209,2012.5691029143898,1951,2012,-0.420672447,-0.907212595
North Buck Creek,28/07/2006,0.174,0.174,1,0.174,57186,7,210,2006.5706621004567,1879,2006,-0.429539767,-0.903047944
North Buck Creek,29/07/2003,0.069,0.069,1,0.069,56091,7,211,2003.573401826484,1843,2003,-0.445020612,-0.895520326
North Buck Creek,29/07/2006,0.055,0.055,1,0.055,57187,7,211,2006.573401826484,1879,2006,-0.445020612,-0.895520326
North Buck Creek,30/07/2013,0.111,0.111,1,0.111,59745,7,212,2013.5761415525114,1963,2013,-0.460369588,-0.887727347
North Buck Creek,31/07/2012,0.042,0.042,1,0.042,59381,7,213,2012.5800318761385,1951,2012,-0.481929174,-0.876210175
North Buck Creek,05/07/2011,0.102,0.102,1,0.102,58989,7,187,2011.5076484018264,1939,2011,-0.048037831,-0.998845517
North Buck Creek,06/07/2010,0.181,0.181,1,0.181,58625,7,188,2010.510388127854,1927,2010,-0.065224197,-0.997870635
North Buck Creek,06/07/2018,0.045,0.045,1,0.045,61547,7,188,2018.510388127854,2023,2018,-0.065224197,-0.997870635
North Buck Creek,07/07/2009,0.036,0.036,1,0.036,58261,7,189,2009.5131278538813,1915,2009,-0.082391236,-0.996600062
North Buck Creek,07/07/2020,0.259,0.259,1,0.259,62279,7,189,2020.5144581056466,2047,2020,-0.090718062,-0.995876615
North Buck Creek,08/07/2008,0.045,0.045,1,0.045,57897,7,190,2008.5171903460837,1903,2008,-0.107800241,-0.994172575
North Buck Creek,09/07/2019,0.084,0.084,1,0.084,61915,7,191,2019.518607305936,2035,2019,-0.116646992,-0.993173439
North Buck Creek,01/08/2016,0.661,0.661,1,0.661,60843,8,214,2016.5827641165756,2000,2016,-0.496899474,-0.867808108
North Buck Creek,10/08/2004,0.07,0.07,1,0.07,56469,8,223,2004.607354,1856,2004,-0.624527846,-0.781002541
North Buck Creek,10/08/2009,0.111,0.111,1,0.111,58295,8,223,2009.6062785388128,1916,2009,-0.619234758,-0.785205906
North Buck Creek,11/08/2009,0.171,0.171,1,0.171,58296,8,224,2009.6090182648402,1916,2009,-0.632659041,-0.77443046
North Buck Creek,11/08/2015,0.791,0.791,1,0.791,60487,8,224,2015.6090182648402,1988,2015,-0.632659041,-0.77443046
North Buck Creek,12/08/2014,0.111,0.111,1,0.111,60123,8,225,2014.6117579908675,1976,2014,-0.645895853,-0.763425535
North Buck Creek,13/08/2004,0.164,0.164,1,0.164,56472,8,226,2004.6155510018216,1856,2004,-0.663904816,-0.747817086
North Buck Creek,13/08/2013,0.084,0.084,1,0.084,59759,8,226,2013.614497716895,1964,2013,-0.658941272,-0.75219439
North Buck Creek,14/08/2012,0.046,0.046,1,0.046,59395,8,227,2012.6182832422587,1952,2012,-0.676644263,-0.736310085
North Buck Creek,16/08/2011,0.104,0.104,1,0.104,59031,8,229,2011.6227168949772,1940,2011,-0.696890806,-0.717177247
North Buck Creek,17/08/2010,0.043,0.043,1,0.043,58667,8,230,2010.6254566210046,1928,2010,-0.709132582,-0.70507516
North Buck Creek,17/08/2021,0.036,0.036,1,0.036,62685,8,230,2021.6254566210046,2060,2021,-0.709132582,-0.70507516
North Buck Creek,18/08/2009,0.074,0.074,1,0.074,58303,8,231,2009.628196347032,1916,2009,-0.721164226,-0.692764144
North Buck Creek,18/08/2021,0.052,0.052,1,0.052,62686,8,231,2021.628196347032,2060,2021,-0.721164226,-0.692764144
North Buck Creek,02/08/2017,0.035,0.035,1,0.035,61209,8,215,2017.5843607305935,2012,2017,-0.505580021,-0.862779718
North Buck Creek,20/08/2019,0.034,0.034,1,0.034,61957,8,233,2019.6336757990869,2036,2019,-0.744582923,-0.667529977
North Buck Creek,21/08/2010,0.351,0.351,1,0.351,58671,8,234,2010.6364155251142,1928,2010,-0.755963036,-0.654614305
North Buck Creek,22/08/2006,0.115,0.115,1,0.115,57211,8,235,2006.6391552511416,1880,2006,-0.767119141,-0.641504655
North Buck Creek,22/08/2010,0.141,0.141,1,0.141,58672,8,235,2010.6391552511416,1928,2010,-0.767119141,-0.641504655
North Buck Creek,22/08/2017,0.029,0.029,1,0.029,61229,8,235,2017.6391552511416,2012,2017,-0.767119141,-0.641504655
North Buck Creek,25/08/2015,0.048,0.048,1,0.048,60501,8,238,2015.6473744292236,1988,2015,-0.799210687,-0.601050977
North Buck Creek,27/08/2012,0.165,0.165,1,0.165,59408,8,240,2012.6538023679418,1952,2012,-0.822827552,-0.56829114
North Buck Creek,27/08/2013,0.032,0.032,1,0.032,59773,8,240,2013.6528538812786,1964,2013,-0.819426219,-0.573184675
North Buck Creek,28/08/2011,0.239,0.239,1,0.239,59043,8,241,2011.655593607306,1940,2011,-0.829171244,-0.558994676
North Buck Creek,28/08/2012,0.402,0.402,1,0.402,59409,8,241,2012.656534608379,1952,2012,-0.832461779,-0.554082472
North Buck Creek,29/08/2004,0.127,0.127,1,0.127,56488,8,242,2004.659266848816,1856,2004,-0.841850677,-0.539710514
North Buck Creek,29/08/2011,0.06,0.06,1,0.06,59044,8,242,2011.6583333333333,1940,2011,-0.838670568,-0.544639035
North Buck Creek,30/08/2011,0.031,0.031,1,0.031,59045,8,243,2011.6610730593607,1940,2011,-0.847921376,-0.530122006
North Buck Creek,31/08/2005,0.354,0.354,1,0.354,56855,8,244,2005.663812785388,1868,2005,-0.856920926,-0.51544789
North Buck Creek,31/08/2010,0.041,0.041,1,0.041,58681,8,244,2010.663812785388,1928,2010,-0.856920926,-0.51544789
North Buck Creek,31/08/2021,0.041,0.041,1,0.041,62699,8,244,2021.663812785388,2060,2021,-0.856920926,-0.51544789
North Buck Creek,04/08/2017,0.119,0.119,1,0.119,61211,8,217,2017.5898401826485,2012,2017,-0.534978683,-0.844865557
North Buck Creek,04/08/2020,0.207,0.207,1,0.207,62307,8,217,2020.590960837887,2048,2020,-0.540914311,-0.841077707
North Buck Creek,05/08/2008,0.032,0.032,1,0.032,57925,8,218,2008.5936930783241,1904,2008,-0.555272823,-0.831668259
North Buck Creek,07/08/2018,0.064,0.064,1,0.064,61579,8,220,2018.5980593607305,2024,2018,-0.577877137,-0.816123774
North Buck Creek,08/08/2006,0.137,0.137,1,0.137,57197,8,221,2006.600799086758,1880,2006,-0.591839747,-0.806055652
North Buck Creek,08/08/2019,0.364,0.364,1,0.364,61945,8,221,2019.600799086758,2036,2019,-0.591839747,-0.806055652
North Buck Creek,09/08/2016,0.041,0.041,1,0.041,60851,8,222,2016.6046220400729,2000,2016,-0.611028873,-0.79160831
North Buck Creek,10/09/2013,0.13,0.13,1,0.13,59787,9,254,2013.691210045662,1965,2013,-0.932548416,-0.361044945
North Buck Creek,11/09/2018,0.258,0.258,1,0.258,61614,9,255,2018.6939497716894,2025,2018,-0.938625044,-0.344939165
North Buck Creek,13/09/2011,0.029,0.029,1,0.029,59059,9,257,2011.6994292237443,1941,2011,-0.949942177,-0.312425767
North Buck Creek,14/09/2010,0.032,0.032,1,0.032,58695,9,258,2010.7021689497717,1929,2010,-0.955179329,-0.296027785
North Buck Creek,14/09/2021,0.031,0.031,1,0.031,62713,9,258,2021.7021689497717,2061,2021,-0.955179329,-0.296027785
North Buck Creek,15/09/2009,0.066,0.066,1,0.066,58331,9,259,2009.704908675799,1917,2009,-0.960133441,-0.279542083
North Buck Creek,16/09/2008,0.032,0.032,1,0.032,57967,9,260,2008.7084471766848,1905,2008,-0.966110712,-0.258128053
North Buck Creek,17/09/2019,0.036,0.036,1,0.036,61985,9,261,2019.7103881278538,2037,2019,-0.969186755,-0.246327086
North Buck Creek,18/09/2007,0.048,0.048,1,0.048,57603,9,262,2007.7131278538814,1893,2007,-0.973283276,-0.229607634
North Buck Creek,19/09/2006,0.076,0.076,1,0.076,57239,9,263,2006.7158675799087,1881,2006,-0.977091391,-0.212820143
North Buck Creek,19/09/2017,0.036,0.036,1,0.036,61257,9,263,2017.7158675799087,2013,2017,-0.977091391,-0.212820143
North Buck Creek,02/09/2014,0.106,0.106,1,0.106,60144,9,246,2014.669292237443,1977,2014,-0.874155662,-0.485645836
North Buck Creek,20/09/2005,0.105,0.105,1,0.105,56875,9,264,2005.718607305936,1869,2005,-0.980609973,-0.195969589
North Buck Creek,20/09/2016,0.045,0.045,1,0.045,60893,9,264,2016.7193761384335,2001,2016,-0.981545202,-0.191230272
North Buck Creek,21/09/2004,0.106,0.106,1,0.106,56511,9,265,2004.7221083788706,1857,2004,-0.984683291,-0.174352565
North Buck Creek,23/09/2002,2.691,2.691,1,2.691,55782,9,267,2002.7268264840184,1833,2002,-0.989418525,-0.145089565
North Buck Creek,23/09/2003,0.371,0.371,1,0.371,56147,9,267,2003.7268264840184,1845,2003,-0.989418525,-0.145089565
North Buck Creek,24/09/2002,1.343,1.343,1,1.343,55783,9,268,2002.7295662100457,1833,2002,-0.991769411,-0.128036855
North Buck Creek,24/09/2013,0.032,0.032,1,0.032,59801,9,268,2013.7295662100457,1965,2013,-0.991769411,-0.128036855
North Buck Creek,27/09/2002,0.548,0.548,1,0.548,55786,9,271,2002.7377853881278,1833,2002,-0.99705642,-0.076671352
North Buck Creek,28/09/2002,0.097,0.097,1,0.097,55787,9,272,2002.7405251141552,1833,2002,-0.998228466,-0.059497305
North Buck Creek,28/09/2003,0.131,0.131,1,0.131,56152,9,272,2003.7405251141552,1845,2003,-0.998228466,-0.059497305
North Buck Creek,30/09/2002,0.046,0.046,1,0.046,55789,9,274,2002.746005,1833,2002,-0.99968491,-0.025101414
North Buck Creek,30/09/2008,0.046,0.046,1,0.046,57981,9,274,2008.746698542805,1905,2008,-0.999784858,-0.02074218
North Buck Creek,30/09/2020,0.448,0.448,1,0.448,62364,9,274,2020.746698542805,2049,2020,-0.999784858,-0.02074218
North Buck Creek,04/09/2018,0.032,0.032,1,0.032,61607,9,248,2018.6747716894977,2025,2018,-0.89035435,-0.455268196
North Buck Creek,05/09/2006,0.136,0.136,1,0.136,57225,9,249,2006.677511415525,1881,2006,-0.898059128,-0.439874757
North Buck Creek,06/09/2005,0.042,0.042,1,0.042,56861,9,250,2005.6802511415526,1869,2005,-0.905497792,-0.424350973
North Buck Creek,07/09/2004,0.036,0.036,1,0.036,56497,9,251,2004.6838570127504,1857,2004,-0.914878826,-0.40372854
North Buck Creek,08/09/2004,0.073,0.073,1,0.073,56498,9,252,2004.6865892531875,1857,2004,-0.921674554,-0.387963938
North Buck Creek,09/09/2004,0.083,0.083,1,0.083,56499,9,253,2004.6893214936247,1857,2004,-0.92819866,-0.372085001
North Buck Creek,09/09/2014,0.041,0.041,1,0.041,60151,9,253,2014.6884703196347,1977,2014,-0.926195453,-0.377043741
South Buck Creek,10/01/2006,0.585,0.585,1,0.585,56987,1,10,2006.0254566210047,1873,2006,0.15926752913192363,0.9872354603458143
South Buck Creek,10/01/2017,0.41,0.41,1,0.41,61005,1,10,2017.0254566210047,2005,2017,0.15926752913191394,0.9872354603458159
South Buck Creek,11/01/2005,0.647,0.647,1,0.647,56623,1,11,2005.028196347032,1861,2005,0.1762375675177652,0.9843476620561564
South Buck Creek,12/01/2016,0.337,0.337,1,0.337,60641,1,12,2016.0308515482695,1993,2016,0.19263427207034825,0.9812706238464123
South Buck Creek,12/01/2018,0.645,0.645,1,0.645,61372,1,12,2018.0309360730594,2017,2018,0.19315538290719636,0.9811681803105797
South Buck Creek,12/01/2020,0.414,0.414,1,0.414,62102,1,12,2020.0308515482695,2041,2020,0.19263427206937117,0.981270624
South Buck Creek,13/01/2004,0.496,0.496,1,0.496,56259,1,13,2004.0335837887067,1849,2004,0.20945070207604388,0.9778192079315339
South Buck Creek,13/01/2015,0.79,0.79,1,0.79,60277,1,13,2015.0336757990867,1981,2015,0.21001596219016216,0.9776979572574244
South Buck Creek,14/01/2003,0.675,0.675,1,0.675,55895,1,14,2003.036415525114,1837,2003,0.22681430920876247,0.9739380211995792
South Buck Creek,14/01/2014,0.967,0.967,1,0.967,59913,1,14,2014.036415525114,1969,2014,0.22681430920875292,0.9739380211995814
South Buck Creek,15/01/2013,1.179,1.179,1,1.179,59549,1,15,2013.0391552511417,1957,2013,0.24354544625601157,0.9698894862859171
South Buck Creek,17/01/2012,1.232,1.232,1,1.232,59185,1,17,2012.0445127504554,1945,2012,0.2760498840634312,0.9611433095582397
South Buck Creek,18/01/2011,0.855,0.855,1,0.855,58821,1,18,2011.0473744292237,1933,2011,0.2932861279575387,0.9560247105319372
South Buck Creek,19/01/2010,0.441,0.441,1,0.441,58457,1,19,2010.050114155251,1921,2010,0.3096990682893374,0.9508346265785215
South Buck Creek,02/01/2013,0.951,0.951,1,0.951,59536,1,2,2013.0035388127853,1957,2013,0.022233184391712187,0.9997528122049991
South Buck Creek,20/01/2009,0.441,0.441,1,0.441,58093,1,20,2009.0528538812785,1909,2009,0.3260202381033452,0.94536279
South Buck Creek,21/01/2020,0.335,0.335,1,0.335,62111,1,21,2020.055441712204,2041,2020,0.3413478948111453,0.939937027
South Buck Creek,21/01/2021,0.266,0.266,1,0.266,62477,1,21,2021.055593607306,2053,2021,0.34224480108593847,0.9396108216328962
South Buck Creek,22/01/2002,0.532,0.532,1,0.532,55538,1,22,2002.0583333333334,1825,2002,0.3583679495455675,0.9335804264970992
South Buck Creek,22/01/2008,0.521,0.521,1,0.521,57729,1,22,2008.0581739526413,1897,2008,0.3574328653696521,0.9339388345890968
South Buck Creek,22/01/2019,0.29,0.29,1,0.29,61747,1,22,2019.0583333333334,2029,2019,0.3583679495458621,0.9335804264969861
South Buck Creek,23/01/2007,0.934,0.934,1,0.934,57365,1,23,2007.0610730593608,1885,2007,0.3743849058470606,0.9272733913328299
South Buck Creek,23/01/2018,0.479,0.479,1,0.479,61383,1,23,2018.0610730593608,2017,2018,0.3743849058470515,0.9272733913328336
South Buck Creek,24/01/2006,0.771,0.771,1,0.771,57001,1,24,2006.063812785388,1873,2006,0.39029092382245334,0.9206915850499644
South Buck Creek,25/01/2005,0.743,0.743,1,0.743,56637,1,25,2005.0665525114155,1861,2005,0.40608129017394523,0.9138369579802866
South Buck Creek,25/01/2017,0.449,0.449,1,0.449,61020,1,25,2017.0665525114155,2005,2017,0.4060812901728777,0.913836958
South Buck Creek,26/01/2016,0.461,0.461,1,0.461,60655,1,26,2016.0691029143898,1993,2016,0.420672447,0.9072125947259663
South Buck Creek,27/01/2004,0.543,0.543,1,0.543,56273,1,27,2004.0718351548269,1849,2004,0.43618397087158384,0.8998575129178493
South Buck Creek,27/01/2015,0.798,0.798,1,0.798,60291,1,27,2015.0720319634704,1981,2015,0.4372963875554076,0.8993174464175543
South Buck Creek,28/01/2003,0.697,0.697,1,0.697,55909,1,28,2003.0747716894978,1837,2003,0.4527118688794147,0.8916568643686357
South Buck Creek,28/01/2014,0.924,0.924,1,0.924,59927,1,28,2014.0747716894978,1969,2014,0.45271186887940595,0.8916568643686401
South Buck Creek,29/01/2013,1.051,1.051,1,1.051,59563,1,29,2013.0775114155251,1957,2013,0.4679932019063279,0.8837320651472724
South Buck Creek,03/01/2012,1.344,1.344,1,1.344,59171,1,3,2012.0062613843352,1945,2012,0.03933129,0.9992262254342382
South Buck Creek,31/01/2012,1.592,1.592,1,1.592,59199,1,31,2012.0827641165756,1945,2012,0.49689947379780774,0.8678081083623624
South Buck Creek,04/01/2011,1.114,1.114,1,1.114,58807,1,4,2011.0090182648403,1933,2011,0.056633112,0.9983950573897034
South Buck Creek,05/01/2010,0.388,0.388,1,0.388,58443,1,5,2010.0117579908676,1921,2010,0.073810451,0.9972722884605321
South Buck Creek,05/01/2021,0.241,0.241,1,0.241,62461,1,5,2021.0117579908676,2053,2021,0.073810451,0.9972722884605327
South Buck Creek,06/01/2009,0.377,0.377,1,0.377,58079,1,6,2009.014497716895,1909,2009,0.090965918,0.995854006
South Buck Creek,07/01/2020,0.252,0.252,1,0.252,62097,1,7,2020.0171903460837,2041,2020,0.10780024132269872,0.9941725745416476
South Buck Creek,08/01/2002,0.512,0.512,1,0.512,55524,1,8,2002.0199771689497,1825,2002,0.12519091171478103,0.9921326703742912
South Buck Creek,08/01/2008,0.61,0.61,1,0.61,57715,1,8,2008.019922586521,1897,2008,0.12485065095763347,0.9921755464409789
South Buck Creek,08/01/2019,0.251,0.251,1,0.251,61733,1,8,2019.0199771689497,2029,2019,0.1251909117150941,0.9921326703742517
South Buck Creek,09/01/2007,0.998,0.998,1,0.998,57351,1,9,2007.022716894977,1885,2007,0.1422502963381232,0.9898307194625332
South Buck Creek,09/01/2018,0.403,0.403,1,0.403,61369,1,9,2018.022716894977,2017,2018,0.1422502963381135,0.9898307194625346
South Buck Creek,01/10/2010,0.64,0.64,1,0.64,58712,10,275,2010.7487442922375,1930,2011,-0.999968875,-0.007889763
South Buck Creek,01/10/2019,0.048,0.048,1,0.048,61999,10,275,2019.7487442922375,2038,2020,-0.999968875,-0.007889763
South Buck Creek,11/10/2011,0.298,0.298,1,0.298,59087,10,285,2011.7761415525115,1942,2012,-0.986540904,0.16351466
South Buck Creek,11/10/2013,0.188,0.188,1,0.188,59818,10,285,2013.7761415525115,1966,2014,-0.986540904,0.1635146598830568
South Buck Creek,11/10/2018,0.139,0.139,1,0.139,61644,10,285,2018.7761415525115,2026,2019,-0.986540904,0.16351465988272615
South Buck Creek,12/10/2002,0.323,0.323,1,0.323,55801,10,286,2002.7788812785388,1834,2003,-0.983580102,0.18047211337020655
South Buck Creek,12/10/2007,0.207,0.207,1,0.207,57627,10,286,2007.7788812785388,1894,2008,-0.983580102,0.180472113
South Buck Creek,12/10/2010,0.344,0.344,1,0.344,58723,10,286,2010.7788812785388,1930,2011,-0.983580102,0.180472113
South Buck Creek,13/10/2009,0.035,0.035,1,0.035,58359,10,287,2009.7816210045662,1918,2010,-0.980327843,0.19737608907621954
South Buck Creek,14/10/2008,0.085,0.085,1,0.085,57995,10,288,2008.7849499089252,1906,2009,-0.97598537,0.21783607884643422
South Buck Creek,15/10/2003,0.216,0.216,1,0.216,56169,10,289,2003.787100456621,1846,2004,-0.972952898,0.2310035884211028
South Buck Creek,15/10/2011,0.35,0.35,1,0.35,59091,10,289,2011.787100456621,1942,2012,-0.972952898,0.23100358842093496
South Buck Creek,15/10/2019,0.043,0.043,1,0.043,62013,10,289,2019.787100456621,2038,2020,-0.972952898,0.23100358842076715
South Buck Creek,16/10/2002,0.334,0.334,1,0.334,55805,10,290,2002.7898401826485,1834,2003,-0.968832398,0.24771714750857268
South Buck Creek,16/10/2007,0.112,0.112,1,0.112,57631,10,290,2007.7898401826485,1894,2008,-0.968832398,0.24771714750824794
South Buck Creek,16/10/2008,0.063,0.063,1,0.063,57997,10,290,2008.7904143897997,1906,2009,-0.967932368,0.25121092961478925
South Buck Creek,16/10/2014,0.193,0.193,1,0.193,60188,10,290,2014.7898401826485,1978,2015,-0.968832398,0.24771714750744087
South Buck Creek,16/10/2019,0.035,0.035,1,0.035,62014,10,290,2019.7898401826485,2038,2020,-0.968832398,0.24771714750711613
South Buck Creek,17/10/2002,0.368,0.368,1,0.368,55806,10,291,2002.7925799086759,1834,2003,-0.964424811,0.26435730265617213
South Buck Creek,17/10/2006,0.258,0.258,1,0.258,57267,10,291,2006.7925799086759,1882,2007,-0.964424811,0.2643573026552118
South Buck Creek,17/10/2017,0.088,0.088,1,0.088,61285,10,291,2017.7925799086759,2014,2018,-0.964424811,0.26435730265520235
South Buck Creek,17/10/2019,0.09,0.09,1,0.09,62015,10,291,2019.7925799086759,2038,2020,-0.964424811,0.26435730265647644
South Buck Creek,18/10/2004,0.106,0.106,1,0.106,56538,10,292,2004.795878870674,1858,2005,-0.958738433,0.2842896701442167
South Buck Creek,18/10/2005,0.094,0.094,1,0.094,56903,10,292,2005.7953196347032,1870,2006,-0.959731445,0.2809191230298604
South Buck Creek,18/10/2016,0.074,0.074,1,0.074,60921,10,292,2016.795878870674,2002,2017,-0.958738433,0.28428967014484063
South Buck Creek,02/10/2002,0.361,0.361,1,0.361,55791,10,276,2002.7514840182648,1834,2003,-0.999956528,0.009324227
South Buck Creek,02/10/2007,0.311,0.311,1,0.311,57617,10,276,2007.7514840182648,1894,2008,-0.999956528,0.009324227
South Buck Creek,02/10/2018,0.059,0.059,1,0.059,61635,10,276,2018.7514840182648,2026,2019,-0.999956528,0.009324227
South Buck Creek,20/10/2015,0.057,0.057,1,0.057,60557,10,294,2015.800799086758,1990,2016,-0.94949302,0.31378815362309287
South Buck Creek,21/10/2002,0.267,0.267,1,0.267,55810,10,295,2002.8035388127853,1834,2003,-0.943950995,0.3300856240390409
South Buck Creek,21/10/2003,0.162,0.162,1,0.162,56175,10,295,2003.8035388127853,1846,2004,-0.943950995,0.33008562403966446
South Buck Creek,21/10/2014,0.195,0.195,1,0.195,60193,10,295,2014.8035388127853,1978,2015,-0.943950995,0.3300856240396552
South Buck Creek,22/10/2001,0.192,0.192,1,0.192,55446,10,296,2001.8062785388129,1822,2002,-0.938129257,0.34628528296307565
South Buck Creek,22/10/2008,0.052,0.052,1,0.052,58003,10,296,2008.8068078324227,1906,2009,-0.936972448,0.349403252
South Buck Creek,22/10/2013,0.237,0.237,1,0.237,59829,10,296,2013.8062785388129,1966,2014,-0.938129257,0.3462852829619797
South Buck Creek,23/10/2012,0.725,0.725,1,0.725,59465,10,297,2012.8095400728598,1954,2013,-0.930836411,0.36543614430732857
South Buck Creek,24/10/2017,0.141,0.141,1,0.141,61292,10,298,2017.8117579908676,2014,2018,-0.925653625,0.3783719954943997
South Buck Creek,25/10/2008,0.176,0.176,1,0.176,58006,10,299,2008.815004553734,1906,2009,-0.917743262,0.3971741492264611
South Buck Creek,25/10/2011,0.595,0.595,1,0.595,59101,10,299,2011.814497716895,1942,2012,-0.919003427,0.39424954112078375
South Buck Creek,26/10/2003,0.199,0.199,1,0.199,56180,10,300,2003.8172374429223,1846,2004,-0.912080909,0.4100102620983178
South Buck Creek,26/10/2008,0.221,0.221,1,0.221,58007,10,300,2008.8177367941712,1906,2009,-0.910790008,0.412869908
South Buck Creek,26/10/2010,0.416,0.416,1,0.416,58737,10,300,2010.8172374429223,1930,2011,-0.912080909,0.41001026209921704
South Buck Creek,27/10/2003,0.177,0.177,1,0.177,56181,10,301,2003.8199771689497,1846,2004,-0.904888122,0.4256494881879452
South Buck Creek,27/10/2009,0.084,0.084,1,0.084,58373,10,301,2009.8199771689497,1918,2010,-0.904888122,0.42564948818659365
South Buck Creek,28/10/2003,0.237,0.237,1,0.237,56182,10,302,2003.8227168949772,1846,2004,-0.897427197,0.44116258514793977
South Buck Creek,28/10/2008,0.12,0.12,1,0.12,58009,10,302,2008.8232012750454,1906,2009,-0.896080386,0.44389181233697667
South Buck Creek,28/10/2018,0.129,0.129,1,0.129,61661,10,302,2018.8227168949772,2026,2019,-0.897427197,0.4411625851470374
South Buck Creek,28/10/2020,0.043,0.043,1,0.043,62392,10,302,2020.8232012750454,2050,2021,-0.896080386,0.44389181233592984
South Buck Creek,29/10/2015,0.183,0.183,1,0.183,60566,10,303,2015.8254566210046,1990,2016,-0.889700345,0.4565449561118323
South Buck Creek,29/10/2019,0.038,0.038,1,0.038,62027,10,303,2019.8254566210046,2038,2020,-0.889700345,0.4565449561109464
South Buck Creek,03/10/2006,0.244,0.244,1,0.244,57253,10,277,2006.7542237442922,1882,2007,-0.999647873,0.026535453021780592
South Buck Creek,03/10/2017,0.221,0.221,1,0.221,61271,10,277,2017.7542237442922,2014,2018,-0.999647873,0.026535453021770794
South Buck Creek,30/10/2007,0.111,0.111,1,0.111,57645,10,304,2007.828196347032,1894,2008,-0.881709855,0.4717920429517631
South Buck Creek,30/10/2017,0.235,0.235,1,0.235,61298,10,304,2017.828196347032,2014,2018,-0.881709855,0.471792043
South Buck Creek,30/10/2018,0.098,0.098,1,0.098,61663,10,304,2018.828196347032,2026,2019,-0.881709855,0.4717920429517544
South Buck Creek,31/10/2006,0.557,0.557,1,0.557,57281,10,305,2006.8309360730593,1882,2007,-0.873458096,0.4868993276265441
South Buck Creek,31/10/2017,0.161,0.161,1,0.161,61299,10,305,2017.8309360730593,2014,2018,-0.873458096,0.48689932762653554
South Buck Creek,31/10/2019,0.064,0.064,1,0.064,62029,10,305,2019.8309360730593,2038,2020,-0.873458096,0.48689932762768945
South Buck Creek,04/10/2003,0.113,0.113,1,0.113,56158,10,278,2003.7569634703195,1846,2004,-0.999043,0.043738816
South Buck Creek,04/10/2005,0.182,0.182,1,0.182,56889,10,278,2005.7569634703195,1870,2006,-0.999043,0.043738816
South Buck Creek,04/10/2016,0.272,0.272,1,0.272,60907,10,278,2016.7576275045537,2002,2017,-0.998851816,0.047906680885944276
South Buck Creek,05/10/2004,0.057,0.057,1,0.057,56525,10,279,2004.7603597449909,1858,2005,-0.997882251,0.065046241
South Buck Creek,06/10/2007,0.297,0.297,1,0.297,57621,10,280,2007.7624429223745,1894,2008,-0.996945407,0.078101567
South Buck Creek,06/10/2010,0.288,0.288,1,0.288,58717,10,280,2010.7624429223745,1930,2011,-0.996945407,0.078101567
South Buck Creek,06/10/2015,0.273,0.273,1,0.273,60543,10,280,2015.7624429223745,1990,2016,-0.996945407,0.078101567
South Buck Creek,07/10/2003,0.112,0.112,1,0.112,56161,10,281,2003.7651826484018,1846,2004,-0.995453309,0.095250772
South Buck Creek,07/10/2013,0.109,0.109,1,0.109,59814,10,281,2013.7651826484018,1966,2014,-0.995453309,0.095250772
South Buck Creek,07/10/2014,0.097,0.097,1,0.097,60179,10,281,2014.7651826484018,1978,2015,-0.995453309,0.095250772
South Buck Creek,07/10/2019,0.057,0.057,1,0.057,62005,10,281,2019.7651826484018,2038,2020,-0.995453309,0.095250772
South Buck Creek,08/10/2001,0.12,0.12,1,0.12,55432,10,282,2001.7679223744292,1822,2002,-0.993666236,0.11237175161602116
South Buck Creek,08/10/2002,0.256,0.256,1,0.256,55797,10,282,2002.7679223744292,1834,2003,-0.993666236,0.11237175161487006
South Buck Creek,08/10/2013,0.262,0.262,1,0.262,59815,10,282,2013.7679223744292,1966,2014,-0.993666236,0.11237175161486032
South Buck Creek,09/10/2012,0.487,0.487,1,0.487,59451,10,283,2012.7712887067396,1954,2013,-0.991067343,0.1333623716483536
South Buck Creek,01/11/2005,0.193,0.193,1,0.193,56917,11,306,2005.8336757990867,1871,2006,-0.864947512,0.5018623335239997
South Buck Creek,01/11/2013,0.471,0.471,1,0.471,59839,11,306,2013.8336757990867,1967,2014,-0.864947512,0.5018623335238505
South Buck Creek,01/11/2016,0.127,0.127,1,0.127,60935,11,306,2016.8341302367942,2003,2017,-0.863511012,0.504329983
South Buck Creek,01/11/2019,0.064,0.064,1,0.064,62030,11,306,2019.8336757990867,2039,2020,-0.864947512,0.5018623335241319
South Buck Creek,10/11/2005,0.297,0.297,1,0.297,56926,11,315,2005.8583333333333,1871,2006,-0.777145961,0.6293203910500316
South Buck Creek,10/11/2009,0.144,0.144,1,0.144,58387,11,315,2009.8583333333333,1919,2010,-0.777145961,0.6293203910492577
South Buck Creek,10/11/2020,0.092,0.092,1,0.092,62405,11,315,2020.8587204007285,2051,2021,-0.775613147,0.6312085596103304
South Buck Creek,12/11/2008,0.133,0.133,1,0.133,58024,11,317,2008.864184881603,1907,2009,-0.753488152,0.6574614851757388
South Buck Creek,14/11/2006,0.563,0.563,1,0.563,57295,11,319,2006.869292237443,1883,2007,-0.732005593,0.6812986219861227
South Buck Creek,14/11/2017,0.186,0.186,1,0.186,61313,11,319,2017.869292237443,2015,2018,-0.732005593,0.6812986219861156
South Buck Creek,14/11/2018,0.112,0.112,1,0.112,61678,11,319,2018.869292237443,2027,2019,-0.732005593,0.6812986219865991
South Buck Creek,14/11/2019,0.137,0.137,1,0.137,62043,11,319,2019.869292237443,2039,2020,-0.732005593,0.6812986219870826
South Buck Creek,15/11/2005,0.281,0.281,1,0.281,56931,11,320,2005.8720319634704,1871,2006,-0.720169702,0.6937979532181462
South Buck Creek,15/11/2016,0.207,0.207,1,0.207,60949,11,320,2016.8723816029144,2003,2017,-0.718643796,0.6953783821522957
South Buck Creek,15/11/2020,0.091,0.091,1,0.091,62410,11,320,2020.8723816029144,2051,2021,-0.718643796,0.6953783821515801
South Buck Creek,16/11/2004,0.326,0.326,1,0.326,56567,11,321,2004.8751138433515,1859,2005,-0.706600808,0.7076123929302613
South Buck Creek,17/11/2015,0.161,0.161,1,0.161,60585,11,322,2015.877511415525,1991,2016,-0.695861287,0.718176211
South Buck Creek,18/11/2003,0.29,0.29,1,0.29,56203,11,323,2003.8802511415524,1847,2004,-0.683395964,0.7300479134646732
South Buck Creek,18/11/2013,0.622,0.622,1,0.622,59856,11,323,2013.8802511415524,1967,2014,-0.683395964,0.7300479134642152
South Buck Creek,18/11/2014,0.413,0.413,1,0.413,60221,11,323,2014.8802511415524,1979,2015,-0.683395964,0.7300479134646666
South Buck Creek,19/11/2002,0.311,0.311,1,0.311,55839,11,324,2002.882991,1835,2003,-0.670728137,0.7417032871179106
South Buck Creek,19/11/2013,0.707,0.707,1,0.707,59857,11,324,2013.882991,1967,2014,-0.670728137,0.741703287
South Buck Creek,19/11/2020,0.13,0.13,1,0.13,62414,11,324,2020.8833105646631,2051,2021,-0.669236914,0.7430490921999234
South Buck Creek,02/11/2004,0.227,0.227,1,0.227,56553,11,307,2004.8368624772313,1859,2005,-0.854726277,0.519078984
South Buck Creek,02/11/2013,0.612,0.612,1,0.612,59840,11,307,2013.8364155251143,1967,2014,-0.856180625,0.5166766267813682
South Buck Creek,20/11/2001,0.294,0.294,1,0.294,55475,11,325,2001.8857305936074,1823,2002,-0.657861559,0.7531388780798987
South Buck Creek,20/11/2012,0.685,0.685,1,0.685,59493,11,325,2012.8860428051003,1955,2013,-0.656382874,0.7544279437540033
South Buck Creek,22/11/2011,0.699,0.699,1,0.699,59129,11,327,2011.891210045662,1943,2012,-0.631547456,0.7753372236102533
South Buck Creek,23/11/2010,0.596,0.596,1,0.596,58765,11,328,2010.8939497716894,1931,2011,-0.61810773,0.7860934003305128
South Buck Creek,24/11/2009,0.185,0.185,1,0.185,58401,11,329,2009.8966894977168,1919,2010,-0.604484845,0.7966166406098609
South Buck Creek,24/11/2020,0.119,0.119,1,0.119,62419,11,329,2020.8969717668488,2051,2021,-0.603071056,0.7976874708304298
South Buck Creek,25/11/2008,0.238,0.238,1,0.238,58037,11,330,2008.899704007286,1907,2009,-0.589288826,0.8079224463670097
South Buck Creek,26/11/2019,0.162,0.162,1,0.162,62055,11,331,2019.9021689497717,2039,2020,-0.576705799,0.8169519087470286
South Buck Creek,27/11/2007,0.378,0.378,1,0.378,57673,11,332,2007.904908675799,1895,2008,-0.56255787,0.8267579108245247
South Buck Creek,27/11/2018,0.153,0.153,1,0.153,61691,11,332,2018.904908675799,2027,2019,-0.56255787,0.8267579108245191
South Buck Creek,28/11/2006,0.622,0.622,1,0.622,57309,11,333,2006.9076484018265,1883,2007,-0.548243242,0.8363189266891342
South Buck Creek,28/11/2017,0.245,0.245,1,0.245,61327,11,333,2017.9076484018265,2015,2018,-0.548243242,0.8363189266891289
South Buck Creek,29/11/2005,0.316,0.316,1,0.316,56945,11,334,2005.9103881278538,1871,2006,-0.533766159,0.8456321232075391
South Buck Creek,29/11/2016,0.218,0.218,1,0.218,60963,11,334,2016.9106329690346,2003,2017,-0.532464622,0.8464522587617322
South Buck Creek,03/11/2003,0.202,0.202,1,0.202,56188,11,308,2003.8391552511416,1847,2004,-0.847160034,0.531337818
South Buck Creek,03/11/2015,0.13,0.13,1,0.13,60571,11,308,2015.8391552511416,1991,2016,-0.847160034,0.5313378176031364
South Buck Creek,30/11/2004,0.587,0.587,1,0.587,56581,11,335,2004.9133652094717,1859,2005,-0.517855683,0.8554679953621867
South Buck Creek,04/11/2003,0.216,0.216,1,0.216,56189,11,309,2003.841894977169,1847,2004,-0.837888411,0.5458415615622024
South Buck Creek,04/11/2014,0.321,0.321,1,0.321,60207,11,309,2014.841894977169,1979,2015,-0.837888411,0.5458415615621942
South Buck Creek,05/11/2002,0.241,0.241,1,0.241,55825,11,310,2002.8446347031963,1835,2003,-0.828368504,0.5601835608848308
South Buck Creek,05/11/2008,0.115,0.115,1,0.115,58017,11,310,2008.845059198543,1907,2009,-0.826871447,0.5623909760610671
South Buck Creek,05/11/2013,0.581,0.581,1,0.581,59843,11,310,2013.8446347031963,1967,2014,-0.828368504,0.5601835608848227
South Buck Creek,05/11/2020,0.078,0.078,1,0.078,62400,11,310,2020.845059198543,2051,2021,-0.826871447,0.5623909760601012
South Buck Creek,06/11/2001,0.235,0.235,1,0.235,55461,11,311,2001.8473744292237,1823,2002,-0.818603133,0.5743595657301355
South Buck Creek,06/11/2012,0.696,0.696,1,0.696,59479,11,311,2012.847791,1955,2013,-0.817095417,0.576502454
South Buck Creek,06/11/2017,0.101,0.101,1,0.101,61305,11,311,2017.8473744292237,2015,2018,-0.818603133,0.5743595657298531
South Buck Creek,08/11/2011,0.631,0.631,1,0.631,59115,11,313,2011.8528538812786,1943,2012,-0.798347647,0.6021968397924963
South Buck Creek,09/11/2005,0.227,0.227,1,0.227,56925,11,314,2005.855593607306,1871,2006,-0.787863535,0.6158498602227747
South Buck Creek,09/11/2010,0.51,0.51,1,0.51,58751,11,314,2010.855593607306,1931,2011,-0.787863535,0.6158498602239437
South Buck Creek,01/12/2015,0.265,0.265,1,0.265,60599,12,336,2015.9158675799088,1992,2016,-0.504341829,0.8635040936504781
South Buck Creek,10/12/2019,0.231,0.231,1,0.231,62069,12,345,2019.9405251141552,2040,2020,-0.36505486,0.930986009
South Buck Creek,11/12/2007,0.402,0.402,1,0.402,57687,12,346,2007.9432648401826,1896,2008,-0.348975379,0.9371318929228584
South Buck Creek,11/12/2018,0.214,0.214,1,0.214,61705,12,346,2018.9432648401826,2028,2019,-0.348975379,0.9371318929228549
South Buck Creek,12/12/2006,0.728,0.728,1,0.728,57323,12,347,2006.9460045662101,1884,2007,-0.33279249,0.943000084
South Buck Creek,12/12/2017,0.332,0.332,1,0.332,61341,12,347,2017.9460045662101,2016,2018,-0.33279249,0.9430000842118148
South Buck Creek,13/12/2005,0.482,0.482,1,0.482,56959,12,348,2005.9487442922375,1872,2006,-0.316510987,0.9485888442242066
South Buck Creek,13/12/2016,0.358,0.358,1,0.358,60977,12,348,2016.9488843351548,2004,2017,-0.315676186,0.9488669799198814
South Buck Creek,14/12/2004,0.609,0.609,1,0.609,56595,12,349,2004.951616575592,1860,2005,-0.299341107,0.9541461636976958
South Buck Creek,15/12/2015,0.239,0.239,1,0.239,60613,12,350,2015.9542237442922,1992,2016,-0.283671466,0.9589215294303582
South Buck Creek,16/12/2003,0.538,0.538,1,0.538,56231,12,351,2003.9569634703196,1848,2004,-0.267123179,0.9636623928268501
South Buck Creek,16/12/2014,0.672,0.672,1,0.672,60249,12,351,2014.9569634703196,1980,2015,-0.267123179,0.9636623928268475
South Buck Creek,17/12/2002,0.477,0.477,1,0.477,55867,12,352,2002.959703196347,1836,2003,-0.250495738,0.9681177022583405
South Buck Creek,17/12/2013,0.745,0.745,1,0.745,59885,12,352,2013.959703196347,1968,2014,-0.250495738,0.968117702
South Buck Creek,18/12/2012,0.893,0.893,1,0.893,59521,12,353,2012.9625455373407,1956,2013,-0.23316714,0.9724366738777056
South Buck Creek,19/12/2001,0.459,0.459,1,0.459,55504,12,354,2001.9651826484019,1824,2002,-0.217023122,0.9761664634184622
South Buck Creek,02/12/2003,0.455,0.455,1,0.455,56217,12,337,2003.9186073059361,1848,2004,-0.489403302,0.872057572
South Buck Creek,02/12/2014,0.643,0.643,1,0.643,60235,12,337,2014.9186073059361,1980,2015,-0.489403302,0.8720575717241232
South Buck Creek,20/12/2011,1.351,1.351,1,1.351,59157,12,355,2011.9679223744292,1944,2012,-0.200187867,0.97975753
South Buck Creek,21/12/2010,0.917,0.917,1,0.917,58793,12,356,2010.9706621004566,1932,2011,-0.183293292,0.9830582735300798
South Buck Creek,22/12/2009,0.372,0.372,1,0.372,58429,12,357,2009.973401826484,1920,2010,-0.166344403,0.9860677155524509
South Buck Creek,22/12/2020,0.2,0.2,1,0.2,62447,12,357,2020.9734744990892,2052,2021,-0.165894132,0.9861435681770354
South Buck Creek,23/12/2019,0.245,0.245,1,0.245,62082,12,358,2019.9761415525113,2040,2020,-0.149346222,0.9887849644299406
South Buck Creek,26/12/2006,0.788,0.788,1,0.788,57337,12,361,2006.9843607305936,1884,2007,-0.098106366,0.9951759347176669
South Buck Creek,26/12/2007,0.514,0.514,1,0.514,57702,12,361,2007.9843607305936,1896,2008,-0.098106366,0.9951759347177316
South Buck Creek,26/12/2017,0.361,0.361,1,0.361,61355,12,361,2017.9843607305936,2016,2018,-0.098106366,0.9951759347176659
South Buck Creek,27/12/2005,0.557,0.557,1,0.557,56973,12,362,2005.987100456621,1872,2006,-0.080961512,0.9967172284752742
South Buck Creek,27/12/2016,0.361,0.361,1,0.361,60991,12,362,2016.987135701275,2004,2017,-0.080740789,0.996735133
South Buck Creek,28/12/2004,0.605,0.605,1,0.605,56609,12,363,2004.9898679417122,1860,2005,-0.063618607,0.9979742846477391
South Buck Creek,03/12/2002,0.452,0.452,1,0.452,55853,12,338,2002.9213470319635,1836,2003,-0.474319754,0.8803526403178549
South Buck Creek,03/12/2013,0.708,0.708,1,0.708,59871,12,338,2013.9213470319635,1968,2014,-0.474319754,0.8803526403178502
South Buck Creek,30/12/2014,0.806,0.806,1,0.806,60263,12,365,2014.9953196347033,1980,2015,-0.029403364,0.9995676276198895
South Buck Creek,30/12/2015,0.266,0.266,1,0.266,60628,12,365,2015.9953196347033,1992,2016,-0.029403364,0.9995676276198554
South Buck Creek,31/12/2003,0.588,0.588,1,0.588,56246,12,366,2003.9980593607306,1848,2004,-0.012193094,0.9999256614662911
South Buck Creek,31/12/2013,0.903,0.903,1,0.903,59899,12,366,2013.9980593607306,1968,2014,-0.012193094,0.9999256614662829
South Buck Creek,04/12/2001,0.47,0.47,1,0.47,55489,12,339,2001.9240867579908,1824,2002,-0.459095655,0.8883868414255699
South Buck Creek,04/12/2012,0.924,0.924,1,0.924,59507,12,339,2012.9242941712205,1956,2013,-0.457937505,0.8889843875417365
South Buck Creek,06/12/2011,1.123,1.123,1,1.123,59143,12,341,2011.9295662100456,1944,2012,-0.428243888,0.9036631963571925
South Buck Creek,07/12/2010,0.913,0.913,1,0.913,58779,12,342,2010.9323059360731,1932,2011,-0.412625363,0.9109008234679614
South Buck Creek,08/12/2009,0.293,0.293,1,0.293,58415,12,343,2009.9350456621005,1920,2010,-0.396884567,0.9178685310058767
South Buck Creek,08/12/2020,0.153,0.153,1,0.153,62433,12,343,2020.935223132969,2052,2021,-0.395860822,0.9183105192489365
South Buck Creek,09/12/2008,0.284,0.284,1,0.284,58051,12,344,2008.937955373406,1908,2009,-0.38003847,0.9249706814905138
South Buck Creek,01/02/2011,0.777,0.777,1,0.777,58835,2,32,2011.0857305936072,1934,2011,0.5129872361097009,0.858396235
South Buck Creek,10/02/2004,0.718,0.718,1,0.718,56287,2,41,2004.110086520947,1850,2004,0.6378427674517043,0.7701666079554158
South Buck Creek,10/02/2015,0.847,0.847,1,0.847,60305,2,41,2015.1103881278539,1982,2015,0.639301127,0.7689564804924075
South Buck Creek,11/02/2003,0.794,0.794,1,0.794,55923,2,42,2003.1131278538812,1838,2003,0.6524427295032891,0.7578380333015083
South Buck Creek,11/02/2014,0.923,0.923,1,0.923,59941,2,42,2014.1131278538812,1970,2014,0.6524427295032816,0.7578380333015147
South Buck Creek,12/02/2013,1.099,1.099,1,1.099,59577,2,43,2013.1158675799086,1958,2013,0.6653909990483694,0.7464950223446991
South Buck Creek,14/02/2012,1.38,1.38,1,1.38,59213,2,45,2012.1210154826958,1946,2012,0.6891842998520147,0.7245860893209919
South Buck Creek,15/02/2011,0.781,0.781,1,0.781,58849,2,46,2011.1240867579909,1934,2011,0.7030377352437575,0.7111525453960833
South Buck Creek,16/02/2010,0.549,0.549,1,0.549,58485,2,47,2010.1268264840182,1922,2010,0.7151748946621396,0.6989455415445452
South Buck Creek,17/02/2009,0.588,0.588,1,0.588,58121,2,48,2009.1295662100456,1910,2009,0.7271001323244869,0.6865314250445594
South Buck Creek,17/02/2021,0.325,0.325,1,0.325,62504,2,48,2021.1295662100456,2054,2021,0.7271001323236849,0.6865314250454089
South Buck Creek,18/02/2020,0.337,0.337,1,0.337,62139,2,49,2020.1319444444443,2042,2020,0.7372773368089377,0.675590208
South Buck Creek,19/02/2008,0.598,0.598,1,0.598,57757,2,50,2008.1346766848817,1898,2008,0.7487661015856865,0.6628343119635355
South Buck Creek,19/02/2019,0.326,0.326,1,0.326,61775,2,50,2019.1350456621005,2030,2019,0.7503007714044622,0.6610966286632152
South Buck Creek,02/02/2010,0.601,0.601,1,0.601,58471,2,33,2010.0884703196348,1922,2010,0.5276871116244882,0.849438822
South Buck Creek,20/02/2007,0.816,0.816,1,0.816,57393,2,51,2007.137785388128,1886,2007,0.7615692979704085,0.6480834856628112
South Buck Creek,21/02/2006,0.72,0.72,1,0.72,57029,2,52,2006.1405251141553,1874,2006,0.7726121551185422,0.6348783015374534
South Buck Creek,21/02/2017,0.466,0.466,1,0.466,61047,2,52,2017.1405251141553,2006,2017,0.772612155,0.6348783015374609
South Buck Creek,21/02/2018,0.592,0.592,1,0.592,61412,2,52,2018.1405251141553,2018,2018,0.7726121551189554,0.6348783015369506
South Buck Creek,22/02/2005,0.676,0.676,1,0.676,56665,2,53,2005.1432648401826,1862,2005,0.7834260706107699,0.6214849892695471
South Buck Creek,23/02/2016,0.486,0.486,1,0.486,60683,2,54,2016.1456056466302,1994,2016,0.7924816360168938,0.6098957751747321
South Buck Creek,24/02/2004,0.689,0.689,1,0.689,56301,2,55,2004.1483378870673,1850,2004,0.8028345340208051,0.5962019045454289
South Buck Creek,24/02/2015,0.829,0.829,1,0.829,60319,2,55,2015.1487442922376,1982,2015,0.8043543278305223,0.5941499097873437
South Buck Creek,24/02/2017,0.531,0.531,1,0.531,61050,2,55,2017.1487442922376,2006,2017,0.8043543278313072,0.5941499097862811
South Buck Creek,25/02/2003,0.841,0.841,1,0.841,55937,2,56,2003.151484018265,1838,2003,0.8144624680644797,0.5802162425461013
South Buck Creek,25/02/2014,1.175,1.175,1,1.175,59955,2,56,2014.151484018265,1970,2014,0.8144624680644741,0.5802162425461093
South Buck Creek,26/02/2002,0.787,0.787,1,0.787,55573,2,57,2002.1542237442923,1826,2002,0.8243292654915952,0.5661106447101018
South Buck Creek,26/02/2013,1.009,1.009,1,1.009,59591,2,57,2013.1542237442923,1958,2013,0.8243292654915897,0.5661106447101099
South Buck Creek,28/02/2012,1.208,1.208,1,1.208,59227,2,59,2012.159266848816,1946,2012,0.8418506765072203,0.5397105135758756
South Buck Creek,03/02/2009,0.47,0.47,1,0.47,58107,2,34,2009.0912100456621,1910,2009,0.5422306220596748,0.8402297022248012
South Buck Creek,04/02/2020,0.344,0.344,1,0.344,62125,2,35,2020.0936930783241,2042,2020,0.5552728228538788,0.8316682585020814
South Buck Creek,04/02/2021,0.309,0.309,1,0.309,62491,2,35,2021.0939497716895,2054,2021,0.556613458,0.8307716043115854
South Buck Creek,05/02/2002,0.911,0.911,1,0.911,55552,2,36,2002.0966894977169,1826,2002,0.5708313570773224,0.821067331
South Buck Creek,05/02/2008,0.54,0.54,1,0.54,57743,2,36,2008.0964253187615,1898,2008,0.5694676937027459,0.8220137138934336
South Buck Creek,05/02/2019,0.337,0.337,1,0.337,61761,2,36,2019.0966894977169,2030,2019,0.5708313570775815,0.8210673308425849
South Buck Creek,06/02/2007,0.876,0.876,1,0.876,57379,2,37,2007.0994292237442,1886,2007,0.5848801066447641,0.8111197574040527
South Buck Creek,06/02/2018,0.468,0.468,1,0.468,61397,2,37,2018.0994292237442,2018,2018,0.5848801066447561,0.8111197574040585
South Buck Creek,07/02/2006,0.759,0.759,1,0.759,57015,2,38,2006.1021689497718,1874,2006,0.5987555436165372,0.8009318316738729
South Buck Creek,07/02/2017,0.465,0.465,1,0.465,61033,2,38,2017.1021689497718,2006,2017,0.5987555436165293,0.8009318316738787
South Buck Creek,08/02/2005,0.496,0.496,1,0.496,56651,2,39,2005.1049086757992,1862,2005,0.6124535563970517,0.7905065725574985
South Buck Creek,08/02/2019,0.333,0.333,1,0.333,61764,2,39,2019.1049086757992,2030,2019,0.6124535563957346,0.7905065725585189
South Buck Creek,09/02/2016,0.484,0.484,1,0.484,60669,2,40,2016.107354,1994,2016,0.6245278458976848,0.7810025414160939
South Buck Creek,01/03/2011,1.247,1.247,1,1.247,58863,3,61,2011.1624429223743,1935,2011,0.8524527262323313,0.522804313
South Buck Creek,10/03/2002,0.959,0.959,1,0.959,55585,3,70,2002.187100456621,1827,2002,0.9229159318795214,0.38500153594882547
South Buck Creek,10/03/2015,0.843,0.843,1,0.843,60333,3,70,2015.187100456621,1983,2015,0.9229159318793259,0.38500153594929404
South Buck Creek,11/03/2003,0.708,0.708,1,0.708,55951,3,71,2003.1898401826484,1839,2003,0.9294063604839008,0.3690580131795941
South Buck Creek,11/03/2014,1.046,1.046,1,1.046,59969,3,71,2014.1898401826484,1971,2014,0.9294063604838971,0.3690580131796032
South Buck Creek,11/03/2016,0.57,0.57,1,0.57,60700,3,71,2016.192053734062,1995,2016,0.9344492213625962,0.3560964092697899
South Buck Creek,11/03/2020,0.461,0.461,1,0.461,62161,3,71,2020.192053734062,2043,2020,0.9344492213622416,0.3560964092707204
South Buck Creek,12/03/2002,0.987,0.987,1,0.987,55587,3,72,2002.1925799086757,1827,2002,0.9356213859256182,0.35300513055566973
South Buck Creek,12/03/2013,1.028,1.028,1,1.028,59605,3,72,2013.1925799086757,1959,2013,0.9356213859256147,0.3530051305556789
South Buck Creek,12/03/2021,0.395,0.395,1,0.395,62527,3,72,2021.1925799086757,2055,2021,0.9356213859255539,0.35300513055584026
South Buck Creek,13/03/2012,1.632,1.632,1,1.632,59241,3,73,2012.1975182149363,1947,2012,0.9461224242735367,0.3238091386708624
South Buck Creek,15/03/2011,1.459,1.459,1,1.459,58877,3,75,2011.200799086758,1935,2011,0.9525960381010729,0.3042380452772784
South Buck Creek,15/03/2019,0.384,0.384,1,0.384,61799,3,75,2019.200799086758,2031,2019,0.9525960381010204,0.3042380452774427
South Buck Creek,16/03/2002,0.958,0.958,1,0.958,55591,3,76,2002.2035388127854,1827,2002,0.9576918585483304,0.28779559425092777
South Buck Creek,16/03/2010,0.687,0.687,1,0.687,58513,3,76,2010.2035388127854,1923,2010,0.9576918585482808,0.28779559425109297
South Buck Creek,16/03/2021,0.357,0.357,1,0.357,62531,3,76,2021.2035388127854,2055,2021,0.957691859,0.28779559425110235
South Buck Creek,17/03/2009,0.603,0.603,1,0.603,58149,3,77,2009.2062785388127,1911,2009,0.9625038942291071,0.27126786317919016
South Buck Creek,17/03/2020,0.419,0.419,1,0.419,62167,3,77,2020.2084471766848,2043,2020,0.9661107121353693,0.25812805329388283
South Buck Creek,18/03/2008,0.568,0.568,1,0.568,57785,3,78,2008.2111794171221,1899,2008,0.970399465,0.24150544246854308
South Buck Creek,19/03/2009,0.634,0.634,1,0.634,58151,3,79,2009.2117579908677,1911,2009,0.9712709921654771,0.23797617481144973
South Buck Creek,19/03/2019,0.379,0.379,1,0.379,61803,3,79,2019.2117579908677,2031,2019,0.9712709921653175,0.23797617481210084
South Buck Creek,02/03/2010,0.573,0.573,1,0.573,58499,3,62,2010.165182648402,1923,2010,0.8613256430002775,0.5080532813693447
South Buck Creek,02/03/2021,0.364,0.364,1,0.364,62517,3,62,2021.165182648402,2055,2021,0.8613256430002725,0.5080532813693531
South Buck Creek,20/03/2007,1.264,1.264,1,1.264,57421,3,80,2007.214497716895,1887,2007,0.9752234565406734,0.22122208256153209
South Buck Creek,20/03/2018,0.472,0.472,1,0.472,61439,3,80,2018.214497716895,2019,2018,0.9752234565406712,0.22122208256154163
South Buck Creek,20/03/2020,0.354,0.354,1,0.354,62170,3,80,2020.2166438979964,2043,2020,0.9781178469248067,0.20805162226519716
South Buck Creek,21/03/2006,0.955,0.955,1,0.955,57057,3,81,2006.2172374429224,1875,2006,0.978886941,0.20440243743354383
South Buck Creek,21/03/2017,0.529,0.529,1,0.529,61075,3,81,2017.2172374429224,2007,2017,0.978886941,0.20440243743355344
South Buck Creek,21/03/2020,0.437,0.437,1,0.437,62171,3,81,2020.2193761384335,2043,2020,0.9815452017689342,0.19123027188283295
South Buck Creek,22/03/2005,0.575,0.575,1,0.575,56693,3,82,2005.2199771689498,1863,2005,0.98226036,0.18752222345197586
South Buck Creek,22/03/2016,0.535,0.535,1,0.535,60711,3,82,2016.2221083788706,1995,2016,0.9846832907370661,0.17435256506063396
South Buck Creek,23/03/2004,0.896,0.896,1,0.896,56329,3,83,2004.2248406193078,1851,2004,0.9875311890197997,0.15742347573707202
South Buck Creek,24/03/2015,0.938,0.938,1,0.938,60347,3,84,2015.2254566210045,1983,2015,0.9881330908333315,0.15360011328175258
South Buck Creek,25/03/2003,1.114,1.114,1,1.114,55965,3,85,2003.228196347032,1839,2003,0.9906306617086359,0.13656826894527935
South Buck Creek,25/03/2014,1.081,1.081,1,1.081,59983,3,85,2014.228196347032,1971,2014,0.9906306617086346,0.13656826894528906
South Buck Creek,26/03/2013,1.327,1.327,1,1.327,59619,3,86,2013.2309360730594,1959,2013,0.9928346873393018,0.11949595648335089
South Buck Creek,26/03/2015,0.939,0.939,1,0.939,60349,3,86,2015.2309360730594,1983,2015,0.9928346873392423,0.11949595648384519
South Buck Creek,26/03/2021,0.472,0.472,1,0.472,62541,3,86,2021.2309360730594,2055,2021,0.9928346873392812,0.11949595648352214
South Buck Creek,27/03/2002,0.797,0.797,1,0.797,55602,3,87,2002.2336757990868,1827,2002,0.9947445146248542,0.10238823479171401
South Buck Creek,27/03/2012,1.413,1.413,1,1.413,59255,3,87,2012.2357695810565,1947,2012,0.9960053773474947,0.089293271
South Buck Creek,28/03/2003,1.063,1.063,1,1.063,55968,3,88,2003.2364155251141,1839,2003,0.9963595776424622,0.085250173
South Buck Creek,29/03/2003,1.024,1.024,1,1.024,55969,3,89,2003.2391552511415,1839,2003,0.997679398,0.06808685
South Buck Creek,29/03/2009,0.648,0.648,1,0.648,58161,3,89,2009.2391552511415,1911,2009,0.9976793978139971,0.06808685
South Buck Creek,29/03/2011,1.278,1.278,1,1.278,58891,3,89,2011.2391552511415,1935,2011,0.9976793978139632,0.06808685
South Buck Creek,03/03/2009,0.64,0.64,1,0.64,58135,3,63,2009.1679223744293,1911,2009,0.8699433303903124,0.4931517027339678
South Buck Creek,03/03/2020,0.323,0.323,1,0.323,62153,3,63,2020.1701958105646,2043,2020,0.8768987249935736,0.48067517733355547
South Buck Creek,30/03/2010,0.715,0.715,1,0.715,58527,3,90,2010.2418949771688,1923,2010,0.9987035840483094,0.050903351648604586
South Buck Creek,30/03/2018,0.507,0.507,1,0.507,61449,3,90,2018.2418949771688,2019,2018,0.9987035840483006,0.050903352
South Buck Creek,31/03/2009,0.686,0.686,1,0.686,58163,3,91,2009.2446347031964,1911,2009,0.9994318328569636,0.033704769279292786
South Buck Creek,31/03/2020,0.375,0.375,1,0.375,62181,3,91,2020.246698542805,2043,2020,0.9997848578474315,0.020742179706847025
South Buck Creek,04/03/2008,0.589,0.589,1,0.589,57771,3,64,2008.172928051002,1899,2008,0.8850209405531022,0.46555121606811684
South Buck Creek,05/03/2011,1.448,1.448,1,1.448,58867,3,65,2011.173401826484,1935,2011,0.8864028789986669,0.46291460994753103
South Buck Creek,05/03/2019,0.336,0.336,1,0.336,61789,3,65,2019.173401826484,2031,2019,0.886402879,0.4629146099476839
South Buck Creek,06/03/2004,1.008,1.008,1,1.008,56312,3,66,2004.1783925318762,1851,2004,0.9004805956819838,0.43489619083204173
South Buck Creek,06/03/2007,0.888,0.888,1,0.888,57407,3,66,2007.1761415525114,1887,2007,0.8942398628970964,0.4475880557005315
South Buck Creek,06/03/2018,0.489,0.489,1,0.489,61425,3,66,2018.1761415525114,2019,2018,0.8942398628970921,0.4475880557005402
South Buck Creek,07/03/2006,0.735,0.735,1,0.735,57043,3,67,2006.1788812785387,1875,2006,0.9018118642257803,0.43212887145112494
South Buck Creek,07/03/2017,0.564,0.564,1,0.564,61061,3,67,2017.1788812785387,2007,2017,0.901811864,0.4321288714511338
South Buck Creek,08/03/2016,0.54,0.54,1,0.54,60697,3,68,2016.1838570127504,1995,2016,0.9148788259601516,0.40372853975137146
South Buck Creek,09/03/2002,0.831,0.831,1,0.831,55584,3,69,2002.1843607305937,1827,2002,0.9161520233666391,0.4008309744533387
South Buck Creek,09/03/2004,0.993,0.993,1,0.993,56315,3,69,2004.1865892531875,1851,2004,0.9216745537103701,0.3879639378122534
South Buck Creek,09/03/2005,0.731,0.731,1,0.731,56680,3,69,2005.1843607305937,1863,2005,0.9161520233667043,0.40083097445318966
South Buck Creek,01/04/2008,0.508,0.508,1,0.508,57799,4,92,2008.2494307832424,1900,2008,0.9999936043508348,0.003576487
South Buck Creek,10/04/2011,1.242,1.242,1,1.242,58903,4,101,2011.2720319634702,1936,2011,0.9904337329667219,-0.137989205
South Buck Creek,10/04/2012,1.231,1.231,1,1.231,59269,4,101,2012.2740209471767,1948,2012,0.9886319642351306,-0.150355709
South Buck Creek,10/04/2015,1.12,1.12,1,1.12,60364,4,101,2015.2720319634702,1984,2015,0.9904337329668593,-0.137989205
South Buck Creek,11/04/2011,1.261,1.261,1,1.261,58904,4,102,2011.2747716894978,1936,2011,0.9879117321959704,-0.155017449
South Buck Creek,11/04/2017,0.543,0.543,1,0.543,61096,4,102,2017.2747716894978,2008,2017,0.987911732,-0.155017449
South Buck Creek,12/04/2003,1.022,1.022,1,1.022,55983,4,103,2003.2775114155252,1840,2003,0.9850969918583377,-0.171999758
South Buck Creek,12/04/2008,0.563,0.563,1,0.563,57810,4,103,2008.279485428051,1900,2008,0.9828879476910668,-0.184204458
South Buck Creek,12/04/2011,1.316,1.316,1,1.316,58905,4,103,2011.2775114155252,1936,2011,0.9850969918583674,-0.171999758
South Buck Creek,12/04/2021,0.174,0.174,1,0.174,62558,4,103,2021.2775114155252,2056,2021,0.9850969918581698,-0.171999758
South Buck Creek,13/04/2002,0.818,0.818,1,0.818,55619,4,104,2002.2802511415525,1828,2002,0.9819903460217192,-0.188931099
South Buck Creek,13/04/2004,0.937,0.937,1,0.937,56350,4,104,2004.282217668488,1852,2004,0.9795810024309028,-0.201049894
South Buck Creek,13/04/2010,0.461,0.461,1,0.461,58541,4,104,2010.2802511415525,1924,2010,0.9819903460217518,-0.188931099
South Buck Creek,13/04/2015,1.231,1.231,1,1.231,60367,4,104,2015.2802511415525,1984,2015,0.9819903460218151,-0.188931099
South Buck Creek,13/04/2018,0.455,0.455,1,0.455,61463,4,104,2018.2802511415525,2020,2018,0.9819903460217844,-0.188931099
South Buck Creek,13/04/2020,0.249,0.249,1,0.249,62194,4,104,2020.282217668488,2044,2020,0.9795810024309722,-0.201049893
South Buck Creek,13/04/2021,0.195,0.195,1,0.195,62559,4,104,2021.2802511415525,2056,2021,0.9819903460217536,-0.188931099
South Buck Creek,14/04/2004,0.941,0.941,1,0.941,56351,4,105,2004.2849499089252,1852,2004,0.9759853701533137,-0.217836079
South Buck Creek,14/04/2008,0.559,0.559,1,0.559,57812,4,105,2008.2849499089252,1900,2008,0.9759853701531342,-0.217836079
South Buck Creek,14/04/2009,0.524,0.524,1,0.524,58177,4,105,2009.2829908675799,1912,2009,0.9785927152525117,-0.205806457
South Buck Creek,14/04/2015,1.329,1.329,1,1.329,60368,4,105,2015.2829908675799,1984,2015,0.9785927152528191,-0.205806457
South Buck Creek,15/04/2003,1.052,1.052,1,1.052,55986,4,106,2003.2857305936072,1840,2003,0.9749051063423012,-0.222620829
South Buck Creek,15/04/2015,1.372,1.372,1,1.372,60369,4,106,2015.2857305936072,1984,2015,0.9749051063421563,-0.222620829
South Buck Creek,15/04/2019,0.361,0.361,1,0.361,61830,4,106,2019.2857305936072,2032,2019,0.974905106,-0.222620829
South Buck Creek,16/04/2003,1.218,1.218,1,1.218,55987,4,107,2003.2884703196346,1840,2003,0.9709286120088672,-0.239369234
South Buck Creek,16/04/2013,0.995,0.995,1,0.995,59640,4,107,2013.2884703196346,1960,2013,0.9709286120085922,-0.239369234
South Buck Creek,16/04/2018,0.466,0.466,1,0.466,61466,4,107,2018.2884703196346,2020,2018,0.9709286120086724,-0.239369234
South Buck Creek,17/04/2004,0.955,0.955,1,0.955,56354,4,108,2004.2931466302368,1852,2004,0.9634773711955413,-0.267789759
South Buck Creek,17/04/2007,1.086,1.086,1,1.086,57449,4,108,2007.2912100456622,1888,2007,0.9666644105726906,-0.256046709
South Buck Creek,17/04/2018,0.475,0.475,1,0.475,61467,4,108,2018.2912100456622,2020,2018,0.9666644105726931,-0.256046709
South Buck Creek,18/04/2017,0.434,0.434,1,0.434,61103,4,109,2017.2939497716895,2008,2017,0.9621137656096819,-0.272648312
South Buck Creek,19/04/2003,1.142,1.142,1,1.142,55990,4,110,2003.296689497717,1840,2003,0.9572780255741733,-0.289169123
South Buck Creek,19/04/2005,0.781,0.781,1,0.781,56721,4,110,2005.296689497717,1864,2005,0.9572780255743173,-0.289169123
South Buck Creek,19/04/2013,0.972,0.972,1,0.972,59643,4,110,2013.296689497717,1960,2013,0.9572780255738411,-0.289169123
South Buck Creek,19/04/2016,0.386,0.386,1,0.386,60739,4,110,2016.298611111111,1996,2016,0.9537169507482401,-0.3007058
South Buck Creek,02/04/2019,0.37,0.37,1,0.37,61817,4,93,2019.2501141552511,2032,2019,0.9999997427700635,-7.17E-04
South Buck Creek,20/04/2004,0.868,0.868,1,0.868,56357,4,111,2004.3013433515482,1852,2004,0.9484144034538552,-0.317033309
South Buck Creek,20/04/2019,0.298,0.298,1,0.298,61835,4,111,2019.2994292237443,2032,2019,0.9521586233994707,-0.305604247
South Buck Creek,21/04/2005,0.714,0.714,1,0.714,56723,4,112,2005.3021689497716,1864,2005,0.9467570760758914,-0.321948814
South Buck Creek,21/04/2006,0.609,0.609,1,0.609,57088,4,112,2006.3021689497716,1876,2006,0.9467570760756788,-0.321948814
South Buck Creek,21/04/2012,1.088,1.088,1,1.088,59280,4,112,2012.3040755919853,1948,2012,0.9428323540808876,-0.333267388
South Buck Creek,21/04/2015,1.11,1.11,1,1.11,60375,4,112,2015.3021689497716,1984,2015,0.9467570760761073,-0.321948814
South Buck Creek,21/04/2017,0.375,0.375,1,0.375,61106,4,112,2017.3021689497716,2008,2017,0.9467570760756819,-0.321948814
South Buck Creek,22/04/2002,0.587,0.587,1,0.587,55628,4,113,2002.3049086757992,1828,2002,0.9410749841974002,-0.338197981
South Buck Creek,22/04/2003,1.03,1.03,1,1.03,55993,4,113,2003.3049086757992,1840,2003,0.9410749841971768,-0.338197981
South Buck Creek,22/04/2005,0.717,0.717,1,0.717,56724,4,113,2005.3049086757992,1864,2005,0.9410749841973451,-0.338197981
South Buck Creek,22/04/2006,0.428,0.428,1,0.428,57089,4,113,2006.3049086757992,1876,2006,0.9410749841971218,-0.338197981
South Buck Creek,22/04/2014,1.105,1.105,1,1.105,60011,4,113,2014.3049086757992,1972,2014,0.941074984,-0.338197981
South Buck Creek,23/04/2005,0.739,0.739,1,0.739,56725,4,114,2005.3076484018266,1864,2005,0.9351140314908878,-0.354346932
South Buck Creek,23/04/2006,0.489,0.489,1,0.489,57090,4,114,2006.3076484018266,1876,2006,0.9351140314912982,-0.354346932
South Buck Creek,23/04/2007,1.149,1.149,1,1.149,57455,4,114,2007.3076484018266,1888,2007,0.9351140314910642,-0.354346932
South Buck Creek,23/04/2013,0.974,0.974,1,0.974,59647,4,114,2013.3076484018266,1960,2013,0.9351140314909488,-0.354346932
South Buck Creek,24/04/2006,0.535,0.535,1,0.535,57091,4,115,2006.310388127854,1876,2006,0.928875984,-0.370390882
South Buck Creek,24/04/2012,1.396,1.396,1,1.396,59283,4,115,2012.312272313297,1948,2012,0.9244260529706083,-0.381361341
South Buck Creek,24/04/2018,0.409,0.409,1,0.409,61474,4,115,2018.310388127854,2020,2018,0.928875984,-0.370390882
South Buck Creek,24/04/2020,0.241,0.241,1,0.241,62205,4,115,2020.312272313297,2044,2020,0.924426053,-0.381361341
South Buck Creek,25/04/2018,0.452,0.452,1,0.452,61475,4,116,2018.3131278538813,2020,2018,0.9223626911406526,-0.386325078
South Buck Creek,26/04/2005,0.76,0.76,1,0.76,56728,4,117,2005.3158675799086,1864,2005,0.9155760819932094,-0.402144797
South Buck Creek,26/04/2011,0.911,0.911,1,0.911,58919,4,117,2011.3158675799086,1936,2011,0.9155760819930785,-0.402144797
South Buck Creek,27/04/2010,0.329,0.329,1,0.329,58555,4,118,2010.318607305936,1924,2010,0.9085181678925238,-0.417845353
South Buck Creek,27/04/2011,0.813,0.813,1,0.813,58920,4,118,2011.318607305936,1936,2011,0.9085181678922478,-0.417845353
South Buck Creek,27/04/2021,0.129,0.129,1,0.129,62573,4,118,2021.318607305936,2056,2021,0.9085181678925279,-0.417845353
South Buck Creek,28/04/2009,0.314,0.314,1,0.314,58191,4,119,2009.3213470319636,1912,2009,0.9011910402513845,-0.433422091
South Buck Creek,29/04/2008,0.256,0.256,1,0.256,57827,4,120,2008.3259335154828,1900,2008,0.8883283536999137,-0.459208815
South Buck Creek,03/04/2007,1.383,1.383,1,1.383,57435,4,94,2007.2528538812785,1888,2007,0.9998392355906898,-0.017930504
South Buck Creek,03/04/2015,1.028,1.028,1,1.028,60357,4,94,2015.2528538812785,1984,2015,0.9998392355906928,-0.017930504
South Buck Creek,03/04/2018,0.465,0.465,1,0.465,61453,4,94,2018.2528538812785,2020,2018,0.9998392355906899,-0.017930504
South Buck Creek,30/04/2019,0.174,0.174,1,0.174,61845,4,121,2019.3268264840183,2032,2019,0.8857379082225174,-0.464185693
South Buck Creek,04/04/2006,0.802,0.802,1,0.802,57071,4,95,2006.2555936073059,1876,2006,0.999382454,-0.035138436
South Buck Creek,04/04/2017,0.497,0.497,1,0.497,61089,4,95,2017.2555936073059,2008,2017,0.9993824544675003,-0.035138436
South Buck Creek,04/04/2018,0.452,0.452,1,0.452,61454,4,95,2018.2555936073059,2020,2018,0.9993824544674771,-0.035138436
South Buck Creek,05/04/2005,1.07,1.07,1,1.07,56707,4,96,2005.2583333333334,1864,2005,0.9986295347546006,-0.052335956
South Buck Creek,05/04/2008,0.63,0.63,1,0.63,57803,4,96,2008.2603597449909,1900,2008,0.9978822508109011,-0.065046241
South Buck Creek,05/04/2016,0.465,0.465,1,0.465,60725,4,96,2016.2603597449909,1996,2016,0.9978822508109123,-0.065046241
South Buck Creek,06/04/2004,1.056,1.056,1,1.056,56343,4,97,2004.263091985428,1852,2004,0.996618605,-0.082166632
South Buck Creek,07/04/2015,1.075,1.075,1,1.075,60361,4,98,2015.2638127853882,1984,2015,0.9962362596713592,-0.08667938
South Buck Creek,07/04/2017,0.556,0.556,1,0.556,61092,4,98,2017.2638127853882,2008,2017,0.9962362596712447,-0.08667938
South Buck Creek,07/04/2021,0.276,0.276,1,0.276,62553,4,98,2021.2638127853882,2056,2021,0.99623626,-0.08667938
South Buck Creek,08/04/2003,0.857,0.857,1,0.857,55979,4,99,2003.2665525114155,1840,2003,0.9945966134799933,-0.103815107
South Buck Creek,08/04/2008,0.598,0.598,1,0.598,57806,4,99,2008.2685564663025,1900,2008,0.9932106491324082,-0.116329732
South Buck Creek,08/04/2014,1.07,1.07,1,1.07,59997,4,99,2014.2665525114155,1972,2014,0.9945966134799944,-0.103815107
South Buck Creek,09/04/2002,0.783,0.783,1,0.783,55615,4,100,2002.2692922374429,1828,2002,0.9926622468468902,-0.120920071
South Buck Creek,09/04/2008,0.594,0.594,1,0.594,57807,4,100,2008.2712887067396,1900,2008,0.9910673427311337,-0.133362372
South Buck Creek,09/04/2013,1.126,1.126,1,1.126,59633,4,100,2013.2692922374429,1960,2013,0.9926622468468914,-0.120920071
South Buck Creek,09/04/2019,0.419,0.419,1,0.419,61824,4,100,2019.2692922374429,2032,2019,0.992662247,-0.120920071
South Buck Creek,01/05/2007,0.966,0.966,1,0.966,57463,5,122,2007.3295662100456,1889,2007,0.8776164829307868,-0.479363441
South Buck Creek,01/05/2018,0.385,0.385,1,0.385,61481,5,122,2018.3295662100456,2021,2018,0.8776164829307914,-0.479363441
South Buck Creek,10/05/2011,0.567,0.567,1,0.567,58933,5,131,2011.3542237442923,1937,2011,0.7931349695934006,-0.60904591
South Buck Creek,10/05/2019,0.116,0.116,1,0.116,61855,5,131,2019.3542237442923,2033,2019,0.7931349695935057,-0.60904591
South Buck Creek,11/05/2003,0.439,0.439,1,0.439,56012,5,132,2003.3569634703197,1841,2003,0.7825337339321345,-0.622608188
South Buck Creek,11/05/2010,0.272,0.272,1,0.272,58569,5,132,2010.3569634703197,1925,2010,0.7825337339315207,-0.622608188
South Buck Creek,11/05/2021,0.091,0.091,1,0.091,62587,5,132,2021.3569634703197,2057,2021,0.7825337339315268,-0.622608188
South Buck Creek,12/05/2003,0.528,0.528,1,0.528,56013,5,133,2003.359703196347,1841,2003,0.771700617,-0.635985973
South Buck Creek,12/05/2009,0.216,0.216,1,0.216,58205,5,133,2009.359703196347,1913,2009,0.771700617,-0.635985973
South Buck Creek,14/05/2019,0.112,0.112,1,0.112,61859,5,135,2019.3651826484017,2033,2019,0.7493516452497772,-0.662172267
South Buck Creek,15/05/2003,0.561,0.561,1,0.561,56016,5,136,2003.3679223744293,1841,2003,0.7378424136418039,-0.674973016
South Buck Creek,15/05/2007,0.715,0.715,1,0.715,57477,5,136,2007.3679223744293,1889,2007,0.7378424136412483,-0.674973016
South Buck Creek,15/05/2018,0.234,0.234,1,0.234,61495,5,136,2018.3679223744293,2021,2018,0.7378424136412548,-0.674973016
South Buck Creek,16/05/2006,0.277,0.277,1,0.277,57113,5,137,2006.3706621004567,1877,2006,0.7261145434016122,-0.687573756
South Buck Creek,16/05/2009,0.168,0.168,1,0.168,58209,5,137,2009.3706621004567,1913,2009,0.7261145434015004,-0.687573756
South Buck Creek,16/05/2014,0.603,0.603,1,0.603,60035,5,137,2014.3706621004567,1973,2014,0.7261145434017308,-0.687573756
South Buck Creek,16/05/2017,0.188,0.188,1,0.188,61131,5,137,2017.3706621004567,2009,2017,0.726114543,-0.687573756
South Buck Creek,17/05/2005,0.269,0.269,1,0.269,56749,5,138,2005.373401826484,1865,2005,0.7141715097531961,-0.699970753
South Buck Creek,17/05/2009,0.228,0.228,1,0.228,58210,5,138,2009.373401826484,1913,2009,0.7141715097526199,-0.699970753
South Buck Creek,17/05/2014,0.739,0.739,1,0.739,60036,5,138,2014.373401826484,1973,2014,0.7141715097528545,-0.699970753
South Buck Creek,17/05/2016,0.193,0.193,1,0.193,60767,5,138,2016.3751138433515,1997,2016,0.7066008076496862,-0.707612393
South Buck Creek,18/05/2004,0.386,0.386,1,0.386,56385,5,139,2004.3778460837887,1853,2004,0.6943495807233244,-0.719637867
South Buck Creek,19/05/2015,0.515,0.515,1,0.515,60403,5,140,2015.3788812785388,1985,2015,0.6896541708479231,-0.724138885
South Buck Creek,19/05/2019,0.094,0.094,1,0.094,61864,5,140,2019.3788812785388,2033,2019,0.689654171,-0.724138885
South Buck Creek,02/05/2006,0.444,0.444,1,0.444,57099,5,123,2006.332305936073,1877,2006,0.8692350009346436,-0.494399144
South Buck Creek,02/05/2017,0.238,0.238,1,0.238,61117,5,123,2017.332305936073,2009,2017,0.8692350009346484,-0.494399144
South Buck Creek,20/05/2003,0.531,0.531,1,0.531,56021,5,141,2003.3816210045661,1841,2003,0.6770871306081232,-0.735902859
South Buck Creek,20/05/2011,0.302,0.302,1,0.302,58943,5,141,2011.3816210045661,1937,2011,0.6770871306082501,-0.735902859
South Buck Creek,20/05/2014,0.68,0.68,1,0.68,60039,5,141,2014.3816210045661,1973,2014,0.6770871306081304,-0.735902859
South Buck Creek,20/05/2020,0.134,0.134,1,0.134,62231,5,141,2020.3833105646631,2045,2020,0.6692369136420959,-0.743049092
South Buck Creek,21/05/2002,0.391,0.391,1,0.391,55657,5,142,2002.3843607305937,1829,2002,0.6643194548374268,-0.747448769
South Buck Creek,21/05/2013,0.521,0.521,1,0.521,59675,5,142,2013.3843607305937,1961,2013,0.6643194548374342,-0.747448769
South Buck Creek,22/05/2004,0.315,0.315,1,0.315,56389,5,143,2004.3887750455374,1853,2004,0.6433353959259709,-0.765584462
South Buck Creek,22/05/2012,0.895,0.895,1,0.895,59311,5,143,2012.3887750455374,1949,2012,0.643335396,-0.765584462
South Buck Creek,23/05/2004,0.293,0.293,1,0.293,56390,5,144,2004.3915072859745,1853,2004,0.6300983236496911,-0.776515359
South Buck Creek,23/05/2011,0.427,0.427,1,0.427,58946,5,144,2011.3898401826484,1937,2011,0.6381973883945605,-0.769872777
South Buck Creek,23/05/2014,0.465,0.465,1,0.465,60042,5,144,2014.3898401826484,1973,2014,0.6381973883944352,-0.769872777
South Buck Creek,24/05/2004,0.373,0.373,1,0.373,56391,5,145,2004.3942395264116,1853,2004,0.6166755585067274,-0.787217413
South Buck Creek,24/05/2011,0.42,0.42,1,0.42,58947,5,145,2011.3925799086758,1937,2011,0.6248507382526163,-0.780744231
South Buck Creek,24/05/2014,0.547,0.547,1,0.547,60043,5,145,2014.3925799086758,1973,2014,0.6248507382524893,-0.780744231
South Buck Creek,25/05/2004,0.386,0.386,1,0.386,56392,5,146,2004.3969717668488,1853,2004,0.6030710562447331,-0.797687471
South Buck Creek,25/05/2010,0.207,0.207,1,0.207,58583,5,146,2010.3953196347031,1925,2010,0.6113189313506456,-0.791384334
South Buck Creek,25/05/2013,0.417,0.417,1,0.417,59679,5,146,2013.3953196347031,1961,2013,0.6113189313505168,-0.791384334
South Buck Creek,25/05/2021,0.146,0.146,1,0.146,62601,5,146,2021.3953196347031,2057,2021,0.6113189313506534,-0.791384334
South Buck Creek,26/05/2009,0.216,0.216,1,0.216,58219,5,147,2009.3980593607305,1913,2009,0.5976059774559659,-0.801789932
South Buck Creek,27/05/2008,0.144,0.144,1,0.144,57855,5,148,2008.4024362477232,1901,2008,0.5753329299829493,-0.817919323
South Buck Creek,28/05/2019,0.074,0.074,1,0.074,61873,5,149,2019.4035388127854,2033,2019,0.5696529349398723,-0.821885353
South Buck Creek,29/05/2007,0.515,0.515,1,0.515,57491,5,150,2007.4062785388128,1889,2007,0.5554211294072756,-0.831569221
South Buck Creek,29/05/2018,0.214,0.214,1,0.214,61509,5,150,2018.4062785388128,2021,2018,0.5554211294072837,-0.831569221
South Buck Creek,03/05/2005,0.42,0.42,1,0.42,56735,5,124,2005.3350456621004,1865,2005,0.860595946,-0.509288345
South Buck Creek,03/05/2016,0.263,0.263,1,0.263,60753,5,124,2016.3368624772313,1997,2016,0.8547262770362912,-0.519078984
South Buck Creek,30/05/2006,0.249,0.249,1,0.249,57127,5,151,2006.4090182648401,1877,2006,0.5410247406070677,-0.841006677
South Buck Creek,30/05/2017,0.114,0.114,1,0.114,61145,5,151,2017.4090182648401,2009,2017,0.541024741,-0.841006677
South Buck Creek,31/05/2005,0.342,0.342,1,0.342,56763,5,152,2005.4117579908675,1865,2005,0.5264680345014882,-0.850194924
South Buck Creek,31/05/2016,0.343,0.343,1,0.343,60781,5,152,2016.4133652094717,1997,2016,0.5178556834797987,-0.855467995
South Buck Creek,04/05/2004,0.598,0.598,1,0.598,56371,5,125,2004.3395947176684,1853,2004,0.8456896501543354,-0.533675009
South Buck Creek,05/05/2015,0.792,0.792,1,0.792,60389,5,126,2015.3405251141553,1985,2015,0.8425554317241308,-0.53860964
South Buck Creek,06/05/2003,0.696,0.696,1,0.696,56007,5,127,2003.3432648401827,1841,2003,0.833159318,-0.553033046
South Buck Creek,06/05/2014,0.889,0.889,1,0.889,60025,5,127,2014.3432648401827,1973,2014,0.8331593184798024,-0.553033046
South Buck Creek,07/05/2002,0.44,0.44,1,0.44,55643,5,128,2002.346005,1829,2002,0.8235163221483428,-0.567292576
South Buck Creek,07/05/2013,0.697,0.697,1,0.697,59661,5,128,2013.346005,1961,2013,0.8235163221483484,-0.567292576
South Buck Creek,08/05/2012,1.023,1.023,1,1.023,59297,5,129,2012.3505236794172,1949,2012,0.807078585,-0.590444035
South Buck Creek,01/06/2004,0.329,0.329,1,0.329,56399,6,153,2004.4160974499089,1854,2004,0.5030941305532056,-0.864231622
South Buck Creek,01/06/2015,0.318,0.318,1,0.318,60416,6,153,2015.414497716895,1986,2015,0.5117553245520852,-0.85913124
South Buck Creek,10/06/2008,0.231,0.231,1,0.231,57869,6,162,2008.4406876138432,1902,2008,0.36410411833790207,-0.931358251
South Buck Creek,11/06/2019,0.064,0.064,1,0.064,61887,6,163,2019.4418949771689,2034,2019,0.35702834410120543,-0.934093551
South Buck Creek,12/06/2007,0.419,0.419,1,0.419,57505,6,164,2007.4446347031962,1890,2007,0.34089656152754366,-0.940100811
South Buck Creek,12/06/2013,0.328,0.328,1,0.328,59697,6,164,2013.4446347031962,1962,2013,0.34089656152723774,-0.940100811
South Buck Creek,12/06/2018,0.259,0.259,1,0.259,61523,6,164,2018.4446347031962,2022,2018,0.3408965615275529,-0.940100811
South Buck Creek,13/06/2006,0.202,0.202,1,0.202,57141,6,165,2006.4473744292238,1878,2006,0.3246637639438358,-0.945829499
South Buck Creek,13/06/2014,0.318,0.318,1,0.318,60063,6,165,2014.4473744292238,1974,2014,0.32466376394399893,-0.945829499
South Buck Creek,13/06/2017,0.168,0.168,1,0.168,61159,6,165,2017.4473744292238,2010,2017,0.32466376394384505,-0.945829499
South Buck Creek,14/06/2005,0.301,0.301,1,0.301,56777,6,166,2005.4501141552512,1866,2005,0.30833476148349026,-0.951277917
South Buck Creek,14/06/2016,0.16,0.16,1,0.16,60795,6,166,2016.451616575592,1998,2016,0.2993411069345253,-0.954146164
South Buck Creek,15/06/2004,0.349,0.349,1,0.349,56413,6,167,2004.454348816029,1854,2004,0.2829178106567416,-0.959144156
South Buck Creek,16/06/2015,0.216,0.216,1,0.216,60431,6,168,2015.455593607306,1986,2015,0.27540752353738934,-0.96132757
South Buck Creek,17/06/2003,0.308,0.308,1,0.308,56049,6,169,2003.4583333333333,1842,2003,0.25881904510345943,-0.965925826
South Buck Creek,17/06/2005,0.218,0.218,1,0.218,56780,6,169,2005.4583333333333,1866,2005,0.2588190451039403,-0.965925826
South Buck Creek,17/06/2006,0.246,0.246,1,0.246,57145,6,169,2006.4583333333333,1878,2006,0.2588190451033023,-0.965925826
South Buck Creek,17/06/2014,0.308,0.308,1,0.308,60067,6,169,2014.4583333333333,1974,2014,0.2588190451034689,-0.965925826
South Buck Creek,18/06/2002,0.094,0.094,1,0.094,55685,6,170,2002.4610730593608,1830,2002,0.24215387300069943,-0.970237858
South Buck Creek,18/06/2013,0.26,0.26,1,0.26,59703,6,170,2013.4610730593608,1962,2013,0.24215387300070892,-0.970237858
South Buck Creek,19/06/2006,0.179,0.179,1,0.179,57147,6,171,2006.4638127853882,1878,2006,0.22541694547958455,-0.974262388
South Buck Creek,19/06/2007,0.42,0.42,1,0.42,57512,6,171,2007.4638127853882,1890,2007,0.225416945,-0.974262388
South Buck Creek,19/06/2012,0.462,0.462,1,0.462,59339,6,171,2012.4652777777778,1950,2012,0.216439614,-0.976296007
South Buck Creek,02/06/2015,0.459,0.459,1,0.459,60417,6,154,2015.4172374429224,1986,2015,0.4968909704579707,-0.867812977
South Buck Creek,20/06/2007,0.633,0.633,1,0.633,57513,6,172,2007.4665525114156,1890,2007,0.20861322205278718,-0.977998223
South Buck Creek,20/06/2019,0.115,0.115,1,0.115,61896,6,172,2019.4665525114156,2034,2019,0.20861322205215072,-0.977998223
South Buck Creek,21/06/2011,0.276,0.276,1,0.276,58975,6,173,2011.469292237443,1938,2011,0.19174768202589507,-0.981444255
South Buck Creek,21/06/2019,0.091,0.091,1,0.091,61897,6,173,2019.469292237443,2034,2019,0.19174768202606435,-0.981444255
South Buck Creek,22/06/2007,0.55,0.55,1,0.55,57515,6,174,2007.4720319634703,1890,2007,0.174825323,-0.984599465
South Buck Creek,22/06/2010,0.147,0.147,1,0.147,58611,6,174,2010.4720319634703,1926,2010,0.17482532302223483,-0.984599465
South Buck Creek,22/06/2021,0.05,0.05,1,0.05,62629,6,174,2021.4720319634703,2058,2021,0.1748253230222445,-0.984599465
South Buck Creek,23/06/2009,0.133,0.133,1,0.133,58247,6,175,2009.4747716894976,1914,2009,0.15785115950232168,-0.987462916
South Buck Creek,23/06/2015,0.161,0.161,1,0.161,60438,6,175,2015.4747716894976,1986,2015,0.15785115950379658,-0.987462916
South Buck Creek,23/06/2017,0.153,0.153,1,0.153,61169,6,175,2017.4747716894976,2010,2017,0.15785116,-0.987462916
South Buck Creek,23/06/2020,0.286,0.286,1,0.286,62265,6,175,2020.4762067395263,2046,2020,0.14894122117346678,-0.988846051
South Buck Creek,24/06/2008,0.319,0.319,1,0.319,57883,6,176,2008.4789389799635,1902,2008,0.1319444169556886,-0.991257116
South Buck Creek,25/06/2019,0.071,0.071,1,0.071,61901,6,177,2019.4802511415526,2034,2019,0.1237675520191849,-0.992311238
South Buck Creek,26/06/2006,0.231,0.231,1,0.231,57154,6,178,2006.482991,1878,2006,0.10666820776393386,-0.994294671
South Buck Creek,26/06/2007,0.307,0.307,1,0.307,57519,6,178,2007.482991,1890,2007,0.10666820776327707,-0.994294671
South Buck Creek,26/06/2014,0.221,0.221,1,0.221,60076,6,178,2014.482991,1974,2014,0.10666820776410536,-0.994294671
South Buck Creek,26/06/2018,0.266,0.266,1,0.266,61537,6,178,2018.482991,2022,2018,0.10666820776328681,-0.994294671
South Buck Creek,27/06/2006,0.192,0.192,1,0.192,57155,6,179,2006.4857305936073,1878,2006,0.089537255,-0.995983474
South Buck Creek,27/06/2017,0.091,0.091,1,0.091,61173,6,179,2017.4857305936073,2010,2017,0.089537255,-0.995983474
South Buck Creek,28/06/2005,0.447,0.447,1,0.447,56791,6,180,2005.4884703196346,1866,2005,0.072379771,-0.997377145
South Buck Creek,28/06/2006,0.248,0.248,1,0.248,57156,6,180,2006.4884703196346,1878,2006,0.072379771,-0.997377145
South Buck Creek,28/06/2010,0.192,0.192,1,0.192,58617,6,180,2010.4884703196346,1926,2010,0.072379771,-0.997377145
South Buck Creek,28/06/2016,0.396,0.396,1,0.396,60809,6,180,2016.4898679417122,1998,2016,0.063618607,-0.997974285
South Buck Creek,29/06/2004,0.451,0.451,1,0.451,56427,6,181,2004.4926001821493,1854,2004,0.046477677192857676,-0.998919329
South Buck Creek,29/06/2006,0.147,0.147,1,0.147,57157,6,181,2006.491210045662,1878,2006,0.055200839391136264,-0.998475271
South Buck Creek,03/06/2003,0.288,0.288,1,0.288,56035,6,155,2003.4199771689498,1842,2003,0.4818793768445147,-0.876237563
South Buck Creek,03/06/2014,0.496,0.496,1,0.496,60053,6,155,2014.4199771689498,1974,2014,0.4818793768445233,-0.876237563
South Buck Creek,30/06/2015,0.118,0.118,1,0.118,60445,6,182,2015.4939497716896,1986,2015,0.038005550332541826,-0.999277528
South Buck Creek,04/06/2002,0.255,0.255,1,0.255,55671,6,156,2002.4227168949772,1830,2002,0.46672499197189415,-0.8844025
South Buck Creek,04/06/2013,0.381,0.381,1,0.381,59689,6,156,2013.4227168949772,1962,2013,0.4667249919719028,-0.8844025
South Buck Creek,05/06/2012,0.672,0.672,1,0.672,59325,6,157,2012.4270264116576,1950,2012,0.44260942795558705,-0.8967145
South Buck Creek,05/06/2016,0.361,0.361,1,0.361,60786,6,157,2016.4270264116576,1998,2016,0.4426094279564799,-0.8967145
South Buck Creek,05/06/2018,0.204,0.204,1,0.204,61516,6,157,2018.4254566210045,2022,2018,0.45143230641273835,-0.89230537
South Buck Creek,06/06/2019,0.071,0.071,1,0.071,61882,6,158,2019.4281963470319,2034,2019,0.43600585171759876,-0.89994383
South Buck Creek,07/06/2011,0.312,0.312,1,0.312,58961,6,159,2011.4309360730595,1938,2011,0.42045019907761333,-0.907315618
South Buck Creek,08/06/2010,0.16,0.16,1,0.16,58597,6,160,2010.4336757990868,1926,2010,0.4047699579703277,-0.914418548
South Buck Creek,08/06/2021,0.197,0.197,1,0.197,62615,6,160,2021.4336757990868,2058,2021,0.4047699579703367,-0.914418548
South Buck Creek,09/06/2009,0.189,0.189,1,0.189,58233,6,161,2009.4364155251142,1914,2009,0.38896977479051564,-0.921250517
South Buck Creek,09/06/2015,0.342,0.342,1,0.342,60424,6,161,2015.4364155251142,1986,2015,0.3889697747902159,-0.921250517
South Buck Creek,09/06/2020,0.188,0.188,1,0.188,62251,6,161,2020.437955373406,2046,2020,0.38003846961068033,-0.924970681
South Buck Creek,01/07/2003,0.438,0.438,1,0.438,56063,7,183,2003.496689497717,1843,2003,0.020798999410293572,-0.999783677
South Buck Creek,01/07/2014,0.256,0.256,1,0.256,60081,7,183,2014.496689497717,1975,2014,0.020798999,-0.999783677
South Buck Creek,01/07/2017,0.049,0.049,1,0.049,61177,7,183,2017.496689497717,2011,2017,0.020798999410140715,-0.999783677
South Buck Creek,10/07/2007,0.357,0.357,1,0.357,57533,7,192,2007.5213470319634,1891,2007,-0.133725557,-0.991018403
South Buck Creek,10/07/2018,0.316,0.316,1,0.316,61551,7,192,2018.5213470319634,2023,2018,-0.133725557,-0.991018403
South Buck Creek,11/07/2006,0.274,0.274,1,0.274,57169,7,193,2006.524086757991,1879,2006,-0.150764497,-0.988569707
South Buck Creek,11/07/2009,0.087,0.087,1,0.087,58265,7,193,2009.524086757991,1915,2009,-0.150764497,-0.988569707
South Buck Creek,11/07/2017,0.123,0.123,1,0.123,61187,7,193,2017.524086757991,2011,2017,-0.150764497,-0.988569707
South Buck Creek,12/07/2005,0.169,0.169,1,0.169,56805,7,194,2005.5268264840183,1867,2005,-0.167758762,-0.985828077
South Buck Creek,12/07/2009,0.042,0.042,1,0.042,58266,7,194,2009.5268264840183,1915,2009,-0.167758762,-0.985828077
South Buck Creek,12/07/2016,0.155,0.155,1,0.155,60823,7,194,2016.5281193078324,1999,2016,-0.175761072,-0.984432855
South Buck Creek,13/07/2004,0.465,0.465,1,0.465,56441,7,195,2004.5308515482695,1855,2004,-0.192634272,-0.981270624
South Buck Creek,13/07/2020,0.087,0.087,1,0.087,62285,7,195,2020.5308515482695,2047,2020,-0.192634272,-0.981270624
South Buck Creek,14/07/2015,0.258,0.258,1,0.258,60459,7,196,2015.532305936073,1987,2015,-0.20159314,-0.979469349
South Buck Creek,15/07/2003,0.568,0.568,1,0.568,56077,7,197,2003.5350456621004,1843,2003,-0.218423226,-0.975854136
South Buck Creek,15/07/2014,0.335,0.335,1,0.335,60095,7,197,2014.5350456621004,1975,2014,-0.218423226,-0.975854136
South Buck Creek,16/07/2002,0.351,0.351,1,0.351,55713,7,198,2002.5377853881278,1831,2002,-0.235188589,-0.971949756
South Buck Creek,16/07/2013,0.216,0.216,1,0.216,59731,7,198,2013.5377853881278,1963,2013,-0.235188589,-0.971949756
South Buck Creek,17/07/2012,0.455,0.455,1,0.455,59367,7,199,2012.5417805100183,1951,2012,-0.259509904,-0.965740446
South Buck Creek,19/07/2011,0.26,0.26,1,0.26,59003,7,201,2011.546005,1939,2011,-0.285046763,-0.958513611
South Buck Creek,02/07/2002,0.204,0.204,1,0.204,55699,7,184,2002.4994292237443,1831,2002,0.003586285,-0.999993569
South Buck Creek,02/07/2013,0.145,0.145,1,0.145,59717,7,184,2013.4994292237443,1963,2013,0.003586285,-0.999993569
South Buck Creek,20/07/2010,0.195,0.195,1,0.195,58639,7,202,2010.5487442922374,1927,2010,-0.301503766,-0.953464986
South Buck Creek,21/07/2009,0.146,0.146,1,0.146,58275,7,203,2009.5514840182648,1915,2009,-0.317871427,-0.948133828
South Buck Creek,21/07/2020,0.2,0.2,1,0.2,62293,7,203,2020.5527094717668,2047,2020,-0.325162327,-0.945658216
South Buck Creek,22/07/2008,0.046,0.046,1,0.046,57911,7,204,2008.555441712204,1903,2008,-0.341347895,-0.939937027
South Buck Creek,23/07/2012,0.458,0.458,1,0.458,59373,7,205,2012.5581739526413,1951,2012,-0.357432865,-0.933938835
South Buck Creek,23/07/2019,0.109,0.109,1,0.109,61929,7,205,2019.5569634703197,2035,2019,-0.350319351,-0.936630318
South Buck Creek,24/07/2007,0.357,0.357,1,0.357,57547,7,206,2007.559703196347,1891,2007,-0.366389999,-0.930461374
South Buck Creek,24/07/2012,0.477,0.477,1,0.477,59374,7,206,2012.5609061930784,1951,2012,-0.373412499,-0.927665406
South Buck Creek,24/07/2018,0.372,0.372,1,0.372,61565,7,206,2018.559703196347,2023,2018,-0.366389999,-0.930461374
South Buck Creek,25/07/2017,0.132,0.132,1,0.132,61201,7,207,2017.5624429223744,2011,2017,-0.382352077,-0.924016715
South Buck Creek,26/07/2005,0.406,0.406,1,0.406,56819,7,208,2005.5651826484018,1867,2005,-0.398200857,-0.917298249
South Buck Creek,26/07/2012,0.641,0.641,1,0.641,59376,7,208,2012.5663706739526,1951,2012,-0.40503695,-0.914300317
South Buck Creek,26/07/2016,0.42,0.42,1,0.42,60837,7,208,2016.5663706739526,1999,2016,-0.40503695,-0.914300317
South Buck Creek,27/07/2004,0.153,0.153,1,0.153,56455,7,209,2004.5691029143898,1855,2004,-0.420672447,-0.907212595
South Buck Creek,27/07/2014,0.424,0.424,1,0.424,60107,7,209,2014.5679223744291,1975,2014,-0.41393164,-0.910307968
South Buck Creek,28/07/2006,0.229,0.229,1,0.229,57186,7,210,2006.5706621004567,1879,2006,-0.429539767,-0.903047944
South Buck Creek,28/07/2015,0.402,0.402,1,0.402,60473,7,210,2015.5706621004567,1987,2015,-0.429539767,-0.903047944
South Buck Creek,29/07/2003,0.518,0.518,1,0.518,56091,7,211,2003.573401826484,1843,2003,-0.445020612,-0.895520326
South Buck Creek,29/07/2006,0.112,0.112,1,0.112,57187,7,211,2006.573401826484,1879,2006,-0.445020612,-0.895520326
South Buck Creek,29/07/2014,0.195,0.195,1,0.195,60109,7,211,2014.573401826484,1975,2014,-0.445020612,-0.895520326
South Buck Creek,03/07/2012,0.417,0.417,1,0.417,59353,7,185,2012.503529143898,1951,2012,-0.022172448,-0.999754161
South Buck Creek,03/07/2021,0.053,0.053,1,0.053,62640,7,185,2021.5021689497717,2059,2021,-0.013627492,-0.999907141
South Buck Creek,30/07/2002,0.482,0.482,1,0.482,55727,7,212,2002.5761415525114,1831,2002,-0.460369588,-0.887727347
South Buck Creek,30/07/2013,0.286,0.286,1,0.286,59745,7,212,2013.5761415525114,1963,2013,-0.460369588,-0.887727347
South Buck Creek,31/07/2012,0.396,0.396,1,0.396,59381,7,213,2012.5800318761385,1951,2012,-0.481929174,-0.876210175
South Buck Creek,05/07/2011,0.227,0.227,1,0.227,58989,7,187,2011.5076484018264,1939,2011,-0.048037831,-0.998845517
South Buck Creek,06/07/2010,0.174,0.174,1,0.174,58625,7,188,2010.510388127854,1927,2010,-0.065224197,-0.997870635
South Buck Creek,06/07/2018,0.295,0.295,1,0.295,61547,7,188,2018.510388127854,2023,2018,-0.065224197,-0.997870635
South Buck Creek,07/07/2009,0.083,0.083,1,0.083,58261,7,189,2009.5131278538813,1915,2009,-0.082391236,-0.996600062
South Buck Creek,07/07/2020,0.311,0.311,1,0.311,62279,7,189,2020.5144581056466,2047,2020,-0.090718062,-0.995876615
South Buck Creek,08/07/2008,0.288,0.288,1,0.288,57897,7,190,2008.5171903460837,1903,2008,-0.107800241,-0.994172575
South Buck Creek,09/07/2016,0.217,0.217,1,0.217,60820,7,191,2016.519922586521,1999,2016,-0.124850651,-0.992175546
South Buck Creek,09/07/2019,0.164,0.164,1,0.164,61915,7,191,2019.518607305936,2035,2019,-0.116646992,-0.993173439
South Buck Creek,01/08/2016,0.399,0.399,1,0.399,60843,8,214,2016.5827641165756,2000,2016,-0.496899474,-0.867808108
South Buck Creek,10/08/2004,0.279,0.279,1,0.279,56469,8,223,2004.607354,1856,2004,-0.624527846,-0.781002541
South Buck Creek,11/08/2015,0.216,0.216,1,0.216,60487,8,224,2015.6090182648402,1988,2015,-0.632659041,-0.77443046
South Buck Creek,12/08/2002,0.553,0.553,1,0.553,55740,8,225,2002.6117579908675,1832,2002,-0.645895853,-0.763425535
South Buck Creek,12/08/2003,0.071,0.071,1,0.071,56105,8,225,2003.6117579908675,1844,2003,-0.645895853,-0.763425535
South Buck Creek,12/08/2004,0.151,0.151,1,0.151,56471,8,225,2004.6128187613842,1856,2004,-0.650969714,-0.759103703
South Buck Creek,12/08/2014,0.426,0.426,1,0.426,60123,8,225,2014.6117579908675,1976,2014,-0.645895853,-0.763425535
South Buck Creek,13/08/2004,0.077,0.077,1,0.077,56472,8,226,2004.6155510018216,1856,2004,-0.663904816,-0.747817086
South Buck Creek,13/08/2013,0.206,0.206,1,0.206,59759,8,226,2013.614497716895,1964,2013,-0.658941272,-0.75219439
South Buck Creek,14/08/2004,0.09,0.09,1,0.09,56473,8,227,2004.6182832422587,1856,2004,-0.676644263,-0.736310085
South Buck Creek,14/08/2012,0.337,0.337,1,0.337,59395,8,227,2012.6182832422587,1952,2012,-0.676644263,-0.736310085
South Buck Creek,15/08/2004,0.053,0.053,1,0.053,56474,8,228,2004.6210154826958,1856,2004,-0.6891843,-0.724586089
South Buck Creek,16/08/2011,0.466,0.466,1,0.466,59031,8,229,2011.6227168949772,1940,2011,-0.696890806,-0.717177247
South Buck Creek,16/08/2016,0.204,0.204,1,0.204,60858,8,229,2016.623747723133,2000,2016,-0.701521231,-0.712648555
South Buck Creek,17/08/2010,0.139,0.139,1,0.139,58667,8,230,2010.6254566210046,1928,2010,-0.709132582,-0.70507516
South Buck Creek,17/08/2021,0.055,0.055,1,0.055,62685,8,230,2021.6254566210046,2060,2021,-0.709132582,-0.70507516
South Buck Creek,18/08/2008,0.084,0.084,1,0.084,57938,8,231,2008.6292122040072,1904,2008,-0.725571293,-0.688147004
South Buck Creek,18/08/2009,0.136,0.136,1,0.136,58303,8,231,2009.628196347032,1916,2009,-0.721164226,-0.692764144
South Buck Creek,18/08/2018,0.147,0.147,1,0.147,61590,8,231,2018.628196347032,2024,2018,-0.721164226,-0.692764144
South Buck Creek,18/08/2021,0.066,0.066,1,0.066,62686,8,231,2021.628196347032,2060,2021,-0.721164226,-0.692764144
South Buck Creek,19/08/2008,0.046,0.046,1,0.046,57939,8,232,2008.6319444444443,1904,2008,-0.737277337,-0.675590208
South Buck Creek,02/08/2011,0.386,0.386,1,0.386,59017,8,215,2011.5843607305935,1940,2011,-0.505580021,-0.862779718
South Buck Creek,02/08/2017,0.258,0.258,1,0.258,61209,8,215,2017.5843607305935,2012,2017,-0.505580021,-0.862779718
South Buck Creek,20/08/2019,0.234,0.234,1,0.234,61957,8,233,2019.6336757990869,2036,2019,-0.744582923,-0.667529977
South Buck Creek,21/08/2007,0.507,0.507,1,0.507,57575,8,234,2007.6364155251142,1892,2007,-0.755963036,-0.654614305
South Buck Creek,21/08/2010,0.245,0.245,1,0.245,58671,8,234,2010.6364155251142,1928,2010,-0.755963036,-0.654614305
South Buck Creek,21/08/2018,0.062,0.062,1,0.062,61593,8,234,2018.6364155251142,2024,2018,-0.755963036,-0.654614305
South Buck Creek,22/08/2006,0.283,0.283,1,0.283,57211,8,235,2006.6391552511416,1880,2006,-0.767119141,-0.641504655
South Buck Creek,22/08/2010,0.407,0.407,1,0.407,58672,8,235,2010.6391552511416,1928,2010,-0.767119141,-0.641504655
South Buck Creek,22/08/2017,0.14,0.14,1,0.14,61229,8,235,2017.6391552511416,2012,2017,-0.767119141,-0.641504655
South Buck Creek,23/08/2016,0.119,0.119,1,0.119,60865,8,236,2016.642873406193,2000,2016,-0.78189519,-0.623409907
South Buck Creek,24/08/2004,0.084,0.084,1,0.084,56483,8,237,2004.6456056466302,1856,2004,-0.792481636,-0.609895775
South Buck Creek,24/08/2005,0.402,0.402,1,0.402,56848,8,237,2005.6446347031963,1868,2005,-0.788746171,-0.614719023
South Buck Creek,24/08/2010,0.44,0.44,1,0.44,58674,8,237,2010.6446347031963,1928,2010,-0.788746171,-0.614719023
South Buck Creek,25/08/2015,0.433,0.433,1,0.433,60501,8,238,2015.6473744292236,1988,2015,-0.799210687,-0.601050977
South Buck Creek,26/08/2003,0.54,0.54,1,0.54,56119,8,239,2003.6501141552512,1844,2003,-0.80943838,-0.587204827
South Buck Creek,26/08/2014,0.189,0.189,1,0.189,60137,8,239,2014.6501141552512,1976,2014,-0.80943838,-0.587204827
South Buck Creek,27/08/2002,0.525,0.525,1,0.525,55755,8,240,2002.6528538812786,1832,2002,-0.819426219,-0.573184675
South Buck Creek,27/08/2013,0.141,0.141,1,0.141,59773,8,240,2013.6528538812786,1964,2013,-0.819426219,-0.573184675
South Buck Creek,28/08/2011,0.607,0.607,1,0.607,59043,8,241,2011.655593607306,1940,2011,-0.829171244,-0.558994676
South Buck Creek,28/08/2012,0.262,0.262,1,0.262,59409,8,241,2012.656534608379,1952,2012,-0.832461779,-0.554082472
South Buck Creek,29/08/2004,0.137,0.137,1,0.137,56488,8,242,2004.659266848816,1856,2004,-0.841850677,-0.539710514
South Buck Creek,29/08/2011,0.745,0.745,1,0.745,59044,8,242,2011.6583333333333,1940,2011,-0.838670568,-0.544639035
South Buck Creek,29/08/2018,0.318,0.318,1,0.318,61601,8,242,2018.6583333333333,2024,2018,-0.838670568,-0.544639035
South Buck Creek,03/08/2010,0.248,0.248,1,0.248,58653,8,216,2010.587100456621,1928,2010,-0.520356448,-0.853949159
South Buck Creek,03/08/2021,0.043,0.043,1,0.043,62671,8,216,2021.587100456621,2060,2021,-0.520356448,-0.853949159
South Buck Creek,30/08/2004,0.105,0.105,1,0.105,56489,8,243,2004.6619990892532,1856,2004,-0.850991477,-0.5251795
South Buck Creek,30/08/2011,0.655,0.655,1,0.655,59045,8,243,2011.6610730593607,1940,2011,-0.847921376,-0.530122006
South Buck Creek,31/08/2004,0.055,0.055,1,0.055,56490,8,244,2004.6647313296903,1856,2004,-0.859881485,-0.510493713
South Buck Creek,31/08/2010,0.168,0.168,1,0.168,58681,8,244,2010.663812785388,1928,2010,-0.856920926,-0.51544789
South Buck Creek,31/08/2021,0.076,0.076,1,0.076,62699,8,244,2021.663812785388,2060,2021,-0.856920926,-0.51544789
South Buck Creek,04/08/2009,0.038,0.038,1,0.038,58289,8,217,2009.5898401826485,1916,2009,-0.534978683,-0.844865557
South Buck Creek,04/08/2017,0.118,0.118,1,0.118,61211,8,217,2017.5898401826485,2012,2017,-0.534978683,-0.844865557
South Buck Creek,04/08/2020,0.225,0.225,1,0.225,62307,8,217,2020.590960837887,2048,2020,-0.540914311,-0.841077707
South Buck Creek,05/08/2008,0.115,0.115,1,0.115,57925,8,218,2008.5936930783241,1904,2008,-0.555272823,-0.831668259
South Buck Creek,05/08/2020,0.143,0.143,1,0.143,62308,8,218,2020.5936930783241,2048,2020,-0.555272823,-0.831668259
South Buck Creek,06/08/2019,0.314,0.314,1,0.314,61943,8,219,2019.5953196347032,2036,2019,-0.563743289,-0.825950061
South Buck Creek,07/08/2007,0.511,0.511,1,0.511,57561,8,220,2007.5980593607305,1892,2007,-0.577877137,-0.816123774
South Buck Creek,07/08/2018,0.294,0.294,1,0.294,61579,8,220,2018.5980593607305,2024,2018,-0.577877137,-0.816123774
South Buck Creek,08/08/2003,0.367,0.367,1,0.367,56101,8,221,2003.600799086758,1844,2003,-0.591839747,-0.806055652
South Buck Creek,08/08/2006,0.237,0.237,1,0.237,57197,8,221,2006.600799086758,1880,2006,-0.591839747,-0.806055652
South Buck Creek,08/08/2017,0.059,0.059,1,0.059,61215,8,221,2017.600799086758,2012,2017,-0.591839747,-0.806055652
South Buck Creek,08/08/2019,0.279,0.279,1,0.279,61945,8,221,2019.600799086758,2036,2019,-0.591839747,-0.806055652
South Buck Creek,09/08/2003,0.253,0.253,1,0.253,56102,8,222,2003.6035388127855,1844,2003,-0.605626983,-0.795748677
South Buck Creek,09/08/2005,0.489,0.489,1,0.489,56833,8,222,2005.6035388127855,1868,2005,-0.605626983,-0.795748677
South Buck Creek,09/08/2016,0.451,0.451,1,0.451,60851,8,222,2016.6046220400729,2000,2016,-0.611028873,-0.79160831
South Buck Creek,01/09/2004,0.039,0.039,1,0.039,56491,9,245,2004.6674635701274,1857,2004,-0.868518083,-0.495657481
South Buck Creek,01/09/2009,0.036,0.036,1,0.036,58317,9,245,2009.6665525114156,1917,2009,-0.865666552,-0.500621035
South Buck Creek,01/09/2020,0.29,0.29,1,0.29,62335,9,245,2020.6674635701274,2049,2020,-0.868518083,-0.495657481
South Buck Creek,10/09/2002,0.566,0.566,1,0.566,55769,9,254,2002.691210045662,1833,2002,-0.932548416,-0.361044945
South Buck Creek,10/09/2004,0.052,0.052,1,0.052,56500,9,254,2004.692053734062,1857,2004,-0.934449221,-0.356096409
South Buck Creek,10/09/2007,0.193,0.193,1,0.193,57595,9,254,2007.691210045662,1893,2007,-0.932548416,-0.361044945
South Buck Creek,10/09/2013,0.196,0.196,1,0.196,59787,9,254,2013.691210045662,1965,2013,-0.932548416,-0.361044945
South Buck Creek,11/09/2004,0.045,0.045,1,0.045,56501,9,255,2004.6947859744992,1857,2004,-0.940424397,-0.340002874
South Buck Creek,11/09/2007,0.269,0.269,1,0.269,57596,9,255,2007.6939497716894,1893,2007,-0.938625044,-0.344939165
South Buck Creek,11/09/2012,0.368,0.368,1,0.368,59423,9,255,2012.6947859744992,1953,2012,-0.940424397,-0.340002874
South Buck Creek,11/09/2018,0.169,0.169,1,0.169,61614,9,255,2018.6939497716894,2025,2018,-0.938625044,-0.344939165
South Buck Creek,12/09/2007,0.245,0.245,1,0.245,57597,9,256,2007.696689497717,1893,2007,-0.944423537,-0.328731171
South Buck Creek,13/09/2011,0.297,0.297,1,0.297,59059,9,257,2011.6994292237443,1941,2011,-0.949942177,-0.312425767
South Buck Creek,14/09/2010,0.144,0.144,1,0.144,58695,9,258,2010.7021689497717,1929,2010,-0.955179329,-0.296027785
South Buck Creek,14/09/2021,0.087,0.087,1,0.087,62713,9,258,2021.7021689497717,2061,2021,-0.955179329,-0.296027785
South Buck Creek,15/09/2007,0.295,0.295,1,0.295,57600,9,259,2007.704908675799,1893,2007,-0.960133441,-0.279542083
South Buck Creek,15/09/2009,0.183,0.183,1,0.183,58331,9,259,2009.704908675799,1917,2009,-0.960133441,-0.279542083
South Buck Creek,15/09/2020,0.27,0.27,1,0.27,62349,9,259,2020.7057149362477,2049,2020,-0.961537242,-0.274674593
South Buck Creek,16/09/2008,0.116,0.116,1,0.116,57967,9,260,2008.7084471766848,1905,2008,-0.966110712,-0.258128053
South Buck Creek,17/09/2019,0.211,0.211,1,0.211,61985,9,261,2019.7103881278538,2037,2019,-0.969186755,-0.246327086
South Buck Creek,18/09/2007,0.385,0.385,1,0.385,57603,9,262,2007.7131278538814,1893,2007,-0.973283276,-0.229607634
South Buck Creek,18/09/2018,0.351,0.351,1,0.351,61621,9,262,2018.7131278538814,2025,2018,-0.973283276,-0.229607634
South Buck Creek,19/09/2006,0.172,0.172,1,0.172,57239,9,263,2006.7158675799087,1881,2006,-0.977091391,-0.212820143
South Buck Creek,19/09/2017,0.147,0.147,1,0.147,61257,9,263,2017.7158675799087,2013,2017,-0.977091391,-0.212820143
South Buck Creek,02/09/2008,0.238,0.238,1,0.238,57953,9,246,2008.6701958105646,1905,2008,-0.876898725,-0.480675177
South Buck Creek,02/09/2014,0.335,0.335,1,0.335,60144,9,246,2014.669292237443,1977,2014,-0.874155662,-0.485645836
South Buck Creek,02/09/2019,0.062,0.062,1,0.062,61970,9,246,2019.669292237443,2037,2019,-0.874155662,-0.485645836
South Buck Creek,20/09/2005,0.315,0.315,1,0.315,56875,9,264,2005.718607305936,1869,2005,-0.980609973,-0.195969589
South Buck Creek,20/09/2016,0.312,0.312,1,0.312,60893,9,264,2016.7193761384335,2001,2016,-0.981545202,-0.191230272
South Buck Creek,22/09/2015,0.399,0.399,1,0.399,60529,9,266,2015.7240867579908,1989,2015,-0.986774454,-0.162099282
South Buck Creek,23/09/2003,0.207,0.207,1,0.207,56147,9,267,2003.7268264840184,1845,2003,-0.989418525,-0.145089565
South Buck Creek,23/09/2014,0.144,0.144,1,0.144,60165,9,267,2014.7268264840184,1977,2014,-0.989418525,-0.145089565
South Buck Creek,23/09/2019,0.167,0.167,1,0.167,61991,9,267,2019.7268264840184,2037,2019,-0.989418525,-0.145089565
South Buck Creek,24/09/2002,0.385,0.385,1,0.385,55783,9,268,2002.7295662100457,1833,2002,-0.991769411,-0.128036855
South Buck Creek,24/09/2013,0.272,0.272,1,0.272,59801,9,268,2013.7295662100457,1965,2013,-0.991769411,-0.128036855
South Buck Creek,25/09/2012,0.266,0.266,1,0.266,59437,9,269,2012.7330373406194,1953,2012,-0.994325776,-0.10637787
South Buck Creek,27/09/2002,0.339,0.339,1,0.339,55786,9,271,2002.7377853881278,1833,2002,-0.99705642,-0.076671352
South Buck Creek,27/09/2003,0.246,0.246,1,0.246,56151,9,271,2003.7377853881278,1845,2003,-0.99705642,-0.076671352
South Buck Creek,27/09/2011,0.295,0.295,1,0.295,59073,9,271,2011.7377853881278,1941,2011,-0.99705642,-0.076671352
South Buck Creek,28/09/2002,0.41,0.41,1,0.41,55787,9,272,2002.7405251141552,1833,2002,-0.998228466,-0.059497305
South Buck Creek,28/09/2003,0.245,0.245,1,0.245,56152,9,272,2003.7405251141552,1845,2003,-0.998228466,-0.059497305
South Buck Creek,28/09/2010,0.104,0.104,1,0.104,58709,9,272,2010.7405251141552,1929,2010,-0.998228466,-0.059497305
South Buck Creek,28/09/2021,0.032,0.032,1,0.032,62727,9,272,2021.7405251141552,2061,2021,-0.998228466,-0.059497305
South Buck Creek,29/09/2009,0.042,0.042,1,0.042,58345,9,273,2009.7432648401827,1917,2009,-0.999104716,-0.042305628
South Buck Creek,29/09/2020,0.294,0.294,1,0.294,62363,9,273,2020.7439663023679,2049,2020,-0.99928147,-0.03790176
South Buck Creek,03/09/2014,0.157,0.157,1,0.157,60145,9,247,2014.6720319634703,1977,2014,-0.882385741,-0.47052673
South Buck Creek,03/09/2019,0.06,0.06,1,0.06,61971,9,247,2019.6720319634703,2037,2019,-0.882385741,-0.47052673
South Buck Creek,30/09/2003,0.125,0.125,1,0.125,56154,9,274,2003.746005,1845,2003,-0.99968491,-0.025101414
South Buck Creek,30/09/2008,0.209,0.209,1,0.209,57981,9,274,2008.746698542805,1905,2008,-0.999784858,-0.02074218
South Buck Creek,30/09/2010,0.453,0.453,1,0.453,58711,9,274,2010.746005,1929,2010,-0.99968491,-0.025101414
South Buck Creek,30/09/2015,0.196,0.196,1,0.196,60537,9,274,2015.746005,1989,2015,-0.99968491,-0.025101414
South Buck Creek,30/09/2020,0.154,0.154,1,0.154,62364,9,274,2020.746698542805,2049,2020,-0.999784858,-0.02074218
South Buck Creek,04/09/2007,0.515,0.515,1,0.515,57589,9,248,2007.6747716894977,1893,2007,-0.89035435,-0.455268196
South Buck Creek,04/09/2018,0.329,0.329,1,0.329,61607,9,248,2018.6747716894977,2025,2018,-0.89035435,-0.455268196
South Buck Creek,05/09/2006,0.286,0.286,1,0.286,57225,9,249,2006.677511415525,1881,2006,-0.898059128,-0.439874757
South Buck Creek,05/09/2017,0.105,0.105,1,0.105,61243,9,249,2017.677511415525,2013,2017,-0.898059128,-0.439874757
South Buck Creek,06/09/2005,0.189,0.189,1,0.189,56861,9,250,2005.6802511415526,1869,2005,-0.905497792,-0.424350973
South Buck Creek,06/09/2016,0.441,0.441,1,0.441,60879,9,250,2016.6811247723133,2001,2016,-0.907813479,-0.419374161
South Buck Creek,07/09/2004,0.122,0.122,1,0.122,56497,9,251,2004.6838570127504,1857,2004,-0.914878826,-0.40372854
South Buck Creek,07/09/2007,0.305,0.305,1,0.305,57592,9,251,2007.682991,1893,2007,-0.912668137,-0.408701445
South Buck Creek,08/09/2015,0.566,0.566,1,0.566,60515,9,252,2015.6857305936073,1989,2015,-0.919568039,-0.39293081
South Buck Creek,09/09/2003,0.577,0.577,1,0.577,56133,9,253,2003.6884703196347,1845,2003,-0.926195453,-0.377043741
South Buck Creek,09/09/2004,0.101,0.101,1,0.101,56499,9,253,2004.6893214936247,1857,2004,-0.92819866,-0.372085001
South Buck Creek,09/09/2007,0.393,0.393,1,0.393,57594,9,253,2007.6884703196347,1893,2007,-0.926195453,-0.377043741
South Buck Creek,09/09/2014,0.305,0.305,1,0.305,60151,9,253,2014.6884703196347,1977,2014,-0.926195453,-0.377043741
