site,Date,ConcLow,ConcHigh,Uncen,ConcAve,Julian,Month,Day,DecYear,MonthSeq,waterYear,SinDY,CosDY
Buck Creek,10/01/2006,3.8,3.8,1,3.8,56987,1,10,2006.0254566210047,1873,2006,0.15926752913192363,0.9872354603458143
Buck Creek,10/01/2017,4.71,4.71,1,4.71,61005,1,10,2017.0254566210047,2005,2017,0.15926752913191394,0.9872354603458159
Buck Creek,11/01/2005,3.815,3.815,1,3.815,56623,1,11,2005.028196347032,1861,2005,0.1762375675177652,0.9843476620561564
Buck Creek,12/01/2016,7.192,7.192,1,7.192,60641,1,12,2016.0308515482695,1993,2016,0.19263427207034825,0.9812706238464123
Buck Creek,12/01/2018,9.912,9.912,1,9.912,61372,1,12,2018.0309360730594,2017,2018,0.19315538290719636,0.9811681803105797
Buck Creek,12/01/2020,8.814,8.814,1,8.814,62102,1,12,2020.0308515482695,2041,2020,0.19263427206937117,0.981270624
Buck Creek,13/01/2004,14.322,14.322,1,14.322,56259,1,13,2004.0335837887067,1849,2004,0.20945070207604388,0.9778192079315339
Buck Creek,13/01/2015,3.966,3.966,1,3.966,60277,1,13,2015.0336757990867,1981,2015,0.21001596219016216,0.9776979572574244
Buck Creek,14/01/2003,3.619,3.619,1,3.619,55895,1,14,2003.036415525114,1837,2003,0.22681430920876247,0.9739380211995792
Buck Creek,14/01/2014,5.629,5.629,1,5.629,59913,1,14,2014.036415525114,1969,2014,0.22681430920875292,0.9739380211995814
Buck Creek,15/01/2013,6.857,6.857,1,6.857,59549,1,15,2013.0391552511417,1957,2013,0.24354544625601157,0.9698894862859171
Buck Creek,17/01/2012,4.194,4.194,1,4.194,59185,1,17,2012.0445127504554,1945,2012,0.2760498840634312,0.9611433095582397
Buck Creek,18/01/2011,3.019,3.019,1,3.019,58821,1,18,2011.0473744292237,1933,2011,0.2932861279575387,0.9560247105319372
Buck Creek,19/01/2010,3.34,3.34,1,3.34,58457,1,19,2010.050114155251,1921,2010,0.3096990682893374,0.9508346265785215
Buck Creek,02/01/2013,3.92,3.92,1,3.92,59536,1,2,2013.0035388127853,1957,2013,0.022233184391712187,0.9997528122049991
Buck Creek,20/01/2009,3.551,3.551,1,3.551,58093,1,20,2009.0528538812785,1909,2009,0.3260202381033452,0.94536279
Buck Creek,21/01/2020,4.43,4.43,1,4.43,62111,1,21,2020.055441712204,2041,2020,0.3413478948111453,0.939937027
Buck Creek,21/01/2021,4.219,4.219,1,4.219,62477,1,21,2021.055593607306,2053,2021,0.34224480108593847,0.9396108216328962
Buck Creek,22/01/2002,3.287,3.287,1,3.287,55538,1,22,2002.0583333333334,1825,2002,0.3583679495455675,0.9335804264970992
Buck Creek,22/01/2008,3.648,3.648,1,3.648,57729,1,22,2008.0581739526413,1897,2008,0.3574328653696521,0.9339388345890968
Buck Creek,22/01/2019,4.27,4.27,1,4.27,61747,1,22,2019.0583333333334,2029,2019,0.3583679495458621,0.9335804264969861
Buck Creek,23/01/2007,4.116,4.116,1,4.116,57365,1,23,2007.0610730593608,1885,2007,0.3743849058470606,0.9272733913328299
Buck Creek,23/01/2018,6.611,6.611,1,6.611,61383,1,23,2018.0610730593608,2017,2018,0.3743849058470515,0.9272733913328336
Buck Creek,24/01/2006,4.812,4.812,1,4.812,57001,1,24,2006.063812785388,1873,2006,0.39029092382245334,0.9206915850499644
Buck Creek,25/01/2005,3.282,3.282,1,3.282,56637,1,25,2005.0665525114155,1861,2005,0.40608129017394523,0.9138369579802866
Buck Creek,25/01/2017,5.729,5.729,1,5.729,61020,1,25,2017.0665525114155,2005,2017,0.4060812901728777,0.913836958
Buck Creek,26/01/2016,4.242,4.242,1,4.242,60655,1,26,2016.0691029143898,1993,2016,0.420672447,0.9072125947259663
Buck Creek,27/01/2004,11.638,11.638,1,11.638,56273,1,27,2004.0718351548269,1849,2004,0.43618397087158384,0.8998575129178493
Buck Creek,27/01/2015,3.256,3.256,1,3.256,60291,1,27,2015.0720319634704,1981,2015,0.4372963875554076,0.8993174464175543
Buck Creek,28/01/2003,2.938,2.938,1,2.938,55909,1,28,2003.0747716894978,1837,2003,0.4527118688794147,0.8916568643686357
Buck Creek,28/01/2014,2.838,2.838,1,2.838,59927,1,28,2014.0747716894978,1969,2014,0.45271186887940595,0.8916568643686401
Buck Creek,29/01/2013,3.33,3.33,1,3.33,59563,1,29,2013.0775114155251,1957,2013,0.4679932019063279,0.8837320651472724
Buck Creek,03/01/2012,5.615,5.615,1,5.615,59171,1,3,2012.0062613843352,1945,2012,0.03933129,0.9992262254342382
Buck Creek,31/01/2012,4.4,4.4,1,4.4,59199,1,31,2012.0827641165756,1945,2012,0.49689947379780774,0.8678081083623624
Buck Creek,04/01/2011,4.453,4.453,1,4.453,58807,1,4,2011.0090182648403,1933,2011,0.056633112,0.9983950573897034
Buck Creek,05/01/2010,3.542,3.542,1,3.542,58443,1,5,2010.0117579908676,1921,2010,0.073810451,0.9972722884605321
Buck Creek,05/01/2021,5.554,5.554,1,5.554,62461,1,5,2021.0117579908676,2053,2021,0.073810451,0.9972722884605327
Buck Creek,06/01/2009,4.39,4.39,1,4.39,58079,1,6,2009.014497716895,1909,2009,0.090965918,0.995854006
Buck Creek,07/01/2020,5.424,5.424,1,5.424,62097,1,7,2020.0171903460837,2041,2020,0.10780024132269872,0.9941725745416476
Buck Creek,08/01/2002,3.348,3.348,1,3.348,55524,1,8,2002.0199771689497,1825,2002,0.12519091171478103,0.9921326703742912
Buck Creek,08/01/2008,6.492,6.492,1,6.492,57715,1,8,2008.019922586521,1897,2008,0.12485065095763347,0.9921755464409789
Buck Creek,08/01/2019,5.062,5.062,1,5.062,61733,1,8,2019.0199771689497,2029,2019,0.1251909117150941,0.9921326703742517
Buck Creek,09/01/2007,6,6,1,6,57351,1,9,2007.022716894977,1885,2007,0.1422502963381232,0.9898307194625332
Buck Creek,09/01/2018,3.683,3.683,1,3.683,61369,1,9,2018.022716894977,2017,2018,0.1422502963381135,0.9898307194625346
Buck Creek,01/10/2010,13.539,13.539,1,13.539,58712,10,275,2010.7487442922375,1930,2011,-0.999968875,-0.007889763
Buck Creek,01/10/2019,10.602,10.602,1,10.602,61999,10,275,2019.7487442922375,2038,2020,-0.999968875,-0.007889763
Buck Creek,11/10/2011,5.786,5.786,1,5.786,59087,10,285,2011.7761415525115,1942,2012,-0.986540904,0.16351466
Buck Creek,11/10/2018,16.655,16.655,1,16.655,61644,10,285,2018.7761415525115,2026,2019,-0.986540904,0.16351465988272615
Buck Creek,12/10/2007,10.905,10.905,1,10.905,57627,10,286,2007.7788812785388,1894,2008,-0.983580102,0.180472113
Buck Creek,12/10/2010,5.984,5.984,1,5.984,58723,10,286,2010.7788812785388,1930,2011,-0.983580102,0.180472113
Buck Creek,13/10/2007,8.671,8.671,1,8.671,57628,10,287,2007.7816210045662,1894,2008,-0.980327843,0.19737608907670762
Buck Creek,13/10/2009,7.109,7.109,1,7.109,58359,10,287,2009.7816210045662,1918,2010,-0.980327843,0.19737608907621954
Buck Creek,13/10/2020,6.457,6.457,1,6.457,62377,10,287,2020.782217668488,2050,2021,-0.979581002,0.20104989350024952
Buck Creek,14/10/2008,4.754,4.754,1,4.754,57995,10,288,2008.7849499089252,1906,2009,-0.97598537,0.21783607884643422
Buck Creek,15/10/2003,11.058,11.058,1,11.058,56169,10,289,2003.787100456621,1846,2004,-0.972952898,0.2310035884211028
Buck Creek,15/10/2005,8.602,8.602,1,8.602,56900,10,289,2005.787100456621,1870,2006,-0.972952898,0.23100358842061838
Buck Creek,15/10/2019,6.856,6.856,1,6.856,62013,10,289,2019.787100456621,2038,2020,-0.972952898,0.23100358842076715
Buck Creek,16/10/2002,8.751,8.751,1,8.751,55805,10,290,2002.7898401826485,1834,2003,-0.968832398,0.24771714750857268
Buck Creek,16/10/2007,6.192,6.192,1,6.192,57631,10,290,2007.7898401826485,1894,2008,-0.968832398,0.24771714750824794
Buck Creek,16/10/2011,9.49,9.49,1,9.49,59092,10,290,2011.7898401826485,1942,2012,-0.968832398,0.24771714750728324
Buck Creek,16/10/2014,13.206,13.206,1,13.206,60188,10,290,2014.7898401826485,1978,2015,-0.968832398,0.24771714750744087
Buck Creek,16/10/2018,9.33,9.33,1,9.33,61649,10,290,2018.7898401826485,2026,2019,-0.968832398,0.24771714750823845
Buck Creek,16/10/2019,7.848,7.848,1,7.848,62014,10,290,2019.7898401826485,2038,2020,-0.968832398,0.24771714750711613
Buck Creek,17/10/2002,8.759,8.759,1,8.759,55806,10,291,2002.7925799086759,1834,2003,-0.964424811,0.26435730265617213
Buck Creek,17/10/2006,4.74,4.74,1,4.74,57267,10,291,2006.7925799086759,1882,2007,-0.964424811,0.2643573026552118
Buck Creek,17/10/2013,7.595,7.595,1,7.595,59824,10,291,2013.7925799086759,1966,2014,-0.964424811,0.26435730265616264
Buck Creek,17/10/2017,6.773,6.773,1,6.773,61285,10,291,2017.7925799086759,2014,2018,-0.964424811,0.26435730265520235
Buck Creek,17/10/2019,14.206,14.206,1,14.206,62015,10,291,2019.7925799086759,2038,2020,-0.964424811,0.26435730265647644
Buck Creek,18/10/2004,4.88,4.88,1,4.88,56538,10,292,2004.795878870674,1858,2005,-0.958738433,0.2842896701442167
Buck Creek,18/10/2005,6.954,6.954,1,6.954,56903,10,292,2005.7953196347032,1870,2006,-0.959731445,0.2809191230298604
Buck Creek,18/10/2016,10.726,10.726,1,10.726,60921,10,292,2016.795878870674,2002,2017,-0.958738433,0.28428967014484063
Buck Creek,19/10/2007,6.49,6.49,1,6.49,57634,10,293,2007.7980593607306,1894,2008,-0.954753689,0.2973977010057762
Buck Creek,02/10/2007,4.452,4.452,1,4.452,57617,10,276,2007.7514840182648,1894,2008,-0.999956528,0.009324227
Buck Creek,02/10/2010,9.674,9.674,1,9.674,58713,10,276,2010.7514840182648,1930,2011,-0.999956528,0.009324227
Buck Creek,02/10/2018,9.473,9.473,1,9.473,61635,10,276,2018.7514840182648,2026,2019,-0.999956528,0.009324227
Buck Creek,20/10/2007,12.198,12.198,1,12.198,57635,10,294,2007.800799086758,1894,2008,-0.94949302,0.3137881536232566
Buck Creek,20/10/2015,7.698,7.698,1,7.698,60557,10,294,2015.800799086758,1990,2016,-0.94949302,0.31378815362309287
Buck Creek,21/10/2003,9.298,9.298,1,9.298,56175,10,295,2003.8035388127853,1846,2004,-0.943950995,0.33008562403966446
Buck Creek,21/10/2007,8.094,8.094,1,8.094,57636,10,295,2007.8035388127853,1894,2008,-0.943950995,0.3300856240387245
Buck Creek,21/10/2014,7.087,7.087,1,7.087,60193,10,295,2014.8035388127853,1978,2015,-0.943950995,0.3300856240396552
Buck Creek,22/10/2001,5.53,5.53,1,5.53,55446,10,296,2001.8062785388129,1822,2002,-0.938129257,0.34628528296307565
Buck Creek,22/10/2002,6.343,6.343,1,6.343,55811,10,296,2002.8062785388129,1834,2003,-0.938129257,0.34628528296198885
Buck Creek,22/10/2013,6.41,6.41,1,6.41,59829,10,296,2013.8062785388129,1966,2014,-0.938129257,0.3462852829619797
Buck Creek,23/10/2005,6.977,6.977,1,6.977,56908,10,297,2005.8090182648402,1870,2006,-0.932029531,0.3623823300822866
Buck Creek,23/10/2007,10.404,10.404,1,10.404,57638,10,297,2007.8090182648402,1894,2008,-0.932029531,0.3623823300818226
Buck Creek,23/10/2012,7.688,7.688,1,7.688,59465,10,297,2012.8095400728598,1954,2013,-0.930836411,0.36543614430732857
Buck Creek,25/10/2005,7.265,7.265,1,7.265,56910,10,299,2005.814497716895,1870,2006,-0.919003427,0.3942495411204847
Buck Creek,25/10/2007,8.024,8.024,1,8.024,57640,10,299,2007.814497716895,1894,2008,-0.919003427,0.3942495411200272
Buck Creek,25/10/2008,11.318,11.318,1,11.318,58006,10,299,2008.815004553734,1906,2009,-0.917743262,0.3971741492264611
Buck Creek,25/10/2011,7.195,7.195,1,7.195,59101,10,299,2011.814497716895,1942,2012,-0.919003427,0.39424954112078375
Buck Creek,26/10/2008,11.844,11.844,1,11.844,58007,10,300,2008.8177367941712,1906,2009,-0.910790008,0.412869908
Buck Creek,26/10/2010,6.713,6.713,1,6.713,58737,10,300,2010.8172374429223,1930,2011,-0.912080909,0.41001026209921704
Buck Creek,27/10/2003,9.389,9.389,1,9.389,56181,10,301,2003.8199771689497,1846,2004,-0.904888122,0.4256494881879452
Buck Creek,27/10/2007,10.117,10.117,1,10.117,57642,10,301,2007.8199771689497,1894,2008,-0.904888122,0.4256494881870442
Buck Creek,27/10/2008,8.887,8.887,1,8.887,58008,10,301,2008.8204690346083,1906,2009,-0.90356834,0.4284439924587757
Buck Creek,27/10/2009,6.666,6.666,1,6.666,58373,10,301,2009.8199771689497,1918,2010,-0.904888122,0.42564948818659365
Buck Creek,28/10/2003,9.559,9.559,1,9.559,56182,10,302,2003.8227168949772,1846,2004,-0.897427197,0.44116258514793977
Buck Creek,28/10/2008,7.71,7.71,1,7.71,58009,10,302,2008.8232012750454,1906,2009,-0.896080386,0.44389181233697667
Buck Creek,28/10/2018,11.879,11.879,1,11.879,61661,10,302,2018.8227168949772,2026,2019,-0.897427197,0.4411625851470374
Buck Creek,28/10/2020,7.53,7.53,1,7.53,62392,10,302,2020.8232012750454,2050,2021,-0.896080386,0.44389181233592984
Buck Creek,29/10/2003,8.932,8.932,1,8.932,56183,10,303,2003.8254566210046,1846,2004,-0.889700345,0.45654495611125334
Buck Creek,29/10/2007,8.057,8.057,1,8.057,57644,10,303,2007.8254566210046,1894,2008,-0.889700345,0.45654495611036744
Buck Creek,29/10/2015,11.768,11.768,1,11.768,60566,10,303,2015.8254566210046,1990,2016,-0.889700345,0.4565449561118323
Buck Creek,29/10/2017,8.188,8.188,1,8.188,61297,10,303,2017.8254566210046,2014,2018,-0.889700345,0.4565449561113894
Buck Creek,29/10/2018,10.036,10.036,1,10.036,61662,10,303,2018.8254566210046,2026,2019,-0.889700345,0.4565449561103587
Buck Creek,29/10/2019,8.86,8.86,1,8.86,62027,10,303,2019.8254566210046,2038,2020,-0.889700345,0.4565449561109464
Buck Creek,03/10/2006,6.66,6.66,1,6.66,57253,10,277,2006.7542237442922,1882,2007,-0.999647873,0.026535453021780592
Buck Creek,03/10/2017,4.484,4.484,1,4.484,61271,10,277,2017.7542237442922,2014,2018,-0.999647873,0.026535453021770794
Buck Creek,30/10/2003,9.376,9.376,1,9.376,56184,10,304,2003.828196347032,1846,2004,-0.881709855,0.47179204295103716
Buck Creek,30/10/2005,7.192,7.192,1,7.192,56915,10,304,2005.828196347032,1870,2006,-0.881709855,0.471792043
Buck Creek,30/10/2007,6.732,6.732,1,6.732,57645,10,304,2007.828196347032,1894,2008,-0.881709855,0.4717920429517631
Buck Creek,30/10/2017,15.53,15.53,1,15.53,61298,10,304,2017.828196347032,2014,2018,-0.881709855,0.471792043
Buck Creek,30/10/2018,9.148,9.148,1,9.148,61663,10,304,2018.828196347032,2026,2019,-0.881709855,0.4717920429517544
Buck Creek,31/10/2003,8.299,8.299,1,8.299,56185,10,305,2003.8309360730593,1846,2004,-0.873458096,0.48689932762799076
Buck Creek,31/10/2006,7.164,7.164,1,7.164,57281,10,305,2006.8309360730593,1882,2007,-0.873458096,0.4868993276265441
Buck Creek,31/10/2013,6.893,6.893,1,6.893,59838,10,305,2013.8309360730593,1966,2014,-0.873458096,0.48689932762740523
Buck Creek,31/10/2017,10.642,10.642,1,10.642,61299,10,305,2017.8309360730593,2014,2018,-0.873458096,0.48689932762653554
Buck Creek,31/10/2019,10.474,10.474,1,10.474,62029,10,305,2019.8309360730593,2038,2020,-0.873458096,0.48689932762768945
Buck Creek,04/10/2005,4.781,4.781,1,4.781,56889,10,278,2005.7569634703195,1870,2006,-0.999043,0.043738816
Buck Creek,04/10/2016,3.96,3.96,1,3.96,60907,10,278,2016.7576275045537,2002,2017,-0.998851816,0.047906680885944276
Buck Creek,05/10/2004,15.176,15.176,1,15.176,56525,10,279,2004.7603597449909,1858,2005,-0.997882251,0.065046241
Buck Creek,06/10/2010,10.098,10.098,1,10.098,58717,10,280,2010.7624429223745,1930,2011,-0.996945407,0.078101567
Buck Creek,06/10/2015,4.94,4.94,1,4.94,60543,10,280,2015.7624429223745,1990,2016,-0.996945407,0.078101567
Buck Creek,07/10/2003,6.695,6.695,1,6.695,56161,10,281,2003.7651826484018,1846,2004,-0.995453309,0.095250772
Buck Creek,07/10/2005,6.479,6.479,1,6.479,56892,10,281,2005.7651826484018,1870,2006,-0.995453309,0.095250772
Buck Creek,07/10/2013,9.728,9.728,1,9.728,59814,10,281,2013.7651826484018,1966,2014,-0.995453309,0.095250772
Buck Creek,07/10/2014,7.334,7.334,1,7.334,60179,10,281,2014.7651826484018,1978,2015,-0.995453309,0.095250772
Buck Creek,07/10/2019,10.75,10.75,1,10.75,62005,10,281,2019.7651826484018,2038,2020,-0.995453309,0.095250772
Buck Creek,08/10/2001,5.983,5.983,1,5.983,55432,10,282,2001.7679223744292,1822,2002,-0.993666236,0.11237175161602116
Buck Creek,08/10/2002,4.475,4.475,1,4.475,55797,10,282,2002.7679223744292,1834,2003,-0.993666236,0.11237175161487006
Buck Creek,08/10/2005,11.575,11.575,1,11.575,56893,10,282,2005.7679223744292,1870,2006,-0.993666236,0.11237175161503173
Buck Creek,08/10/2013,10.975,10.975,1,10.975,59815,10,282,2013.7679223744292,1966,2014,-0.993666236,0.11237175161486032
Buck Creek,09/10/2005,8.878,8.878,1,8.878,56894,10,283,2005.7706621004565,1870,2006,-0.991584719,0.12945943335626814
Buck Creek,09/10/2012,7.663,7.663,1,7.663,59451,10,283,2012.7712887067396,1954,2013,-0.991067343,0.1333623716483536
Buck Creek,01/11/2005,6.991,6.991,1,6.991,56917,11,306,2005.8336757990867,1871,2006,-0.864947512,0.5018623335239997
Buck Creek,01/11/2013,12.053,12.053,1,12.053,59839,11,306,2013.8336757990867,1967,2014,-0.864947512,0.5018623335238505
Buck Creek,01/11/2016,7.272,7.272,1,7.272,60935,11,306,2016.8341302367942,2003,2017,-0.863511012,0.504329983
Buck Creek,01/11/2019,13.002,13.002,1,13.002,62030,11,306,2019.8336757990867,2039,2020,-0.864947512,0.5018623335241319
Buck Creek,10/11/2005,8.056,8.056,1,8.056,56926,11,315,2005.8583333333333,1871,2006,-0.777145961,0.6293203910500316
Buck Creek,10/11/2009,5.134,5.134,1,5.134,58387,11,315,2009.8583333333333,1919,2010,-0.777145961,0.6293203910492577
Buck Creek,10/11/2020,7.243,7.243,1,7.243,62405,11,315,2020.8587204007285,2051,2021,-0.775613147,0.6312085596103304
Buck Creek,12/11/2008,5.453,5.453,1,5.453,58024,11,317,2008.864184881603,1907,2009,-0.753488152,0.6574614851757388
Buck Creek,13/11/2007,4.932,4.932,1,4.932,57659,11,318,2007.8665525114154,1895,2008,-0.743624574,0.6685974072687687
Buck Creek,14/11/2006,6.012,6.012,1,6.012,57295,11,319,2006.869292237443,1883,2007,-0.732005593,0.6812986219861227
Buck Creek,14/11/2017,5.713,5.713,1,5.713,61313,11,319,2017.869292237443,2015,2018,-0.732005593,0.6812986219861156
Buck Creek,14/11/2018,7.062,7.062,1,7.062,61678,11,319,2018.869292237443,2027,2019,-0.732005593,0.6812986219865991
Buck Creek,14/11/2019,5.808,5.808,1,5.808,62043,11,319,2019.869292237443,2039,2020,-0.732005593,0.6812986219870826
Buck Creek,15/11/2005,5.36,5.36,1,5.36,56931,11,320,2005.8720319634704,1871,2006,-0.720169702,0.6937979532181462
Buck Creek,15/11/2016,5.74,5.74,1,5.74,60949,11,320,2016.8723816029144,2003,2017,-0.718643796,0.6953783821522957
Buck Creek,16/11/2004,4.009,4.009,1,4.009,56567,11,321,2004.8751138433515,1859,2005,-0.706600808,0.7076123929302613
Buck Creek,17/11/2015,6.668,6.668,1,6.668,60585,11,322,2015.877511415525,1991,2016,-0.695861287,0.718176211
Buck Creek,18/11/2003,5.712,5.712,1,5.712,56203,11,323,2003.8802511415524,1847,2004,-0.683395964,0.7300479134646732
Buck Creek,18/11/2014,6.493,6.493,1,6.493,60221,11,323,2014.8802511415524,1979,2015,-0.683395964,0.7300479134646666
Buck Creek,19/11/2002,4.562,4.562,1,4.562,55839,11,324,2002.882991,1835,2003,-0.670728137,0.7417032871179106
Buck Creek,19/11/2013,7.739,7.739,1,7.739,59857,11,324,2013.882991,1967,2014,-0.670728137,0.741703287
Buck Creek,02/11/2004,4.397,4.397,1,4.397,56553,11,307,2004.8368624772313,1859,2005,-0.854726277,0.519078984
Buck Creek,02/11/2013,9.714,9.714,1,9.714,59840,11,307,2013.8364155251143,1967,2014,-0.856180625,0.5166766267813682
Buck Creek,20/11/2001,4.411,4.411,1,4.411,55475,11,325,2001.8857305936074,1823,2002,-0.657861559,0.7531388780798987
Buck Creek,20/11/2012,4.726,4.726,1,4.726,59493,11,325,2012.8860428051003,1955,2013,-0.656382874,0.7544279437540033
Buck Creek,21/11/2007,5.676,5.676,1,5.676,57667,11,326,2007.8884703196347,1895,2008,-0.644800042,0.7643512977376979
Buck Creek,22/11/2007,7.345,7.345,1,7.345,57668,11,327,2007.891210045662,1895,2008,-0.631547456,0.7753372236097333
Buck Creek,22/11/2011,4.352,4.352,1,4.352,59129,11,327,2011.891210045662,1943,2012,-0.631547456,0.7753372236102533
Buck Creek,23/11/2007,6.11,6.11,1,6.11,57669,11,328,2007.8939497716894,1895,2008,-0.61810773,0.7860934003304122
Buck Creek,23/11/2010,5.759,5.759,1,5.759,58765,11,328,2010.8939497716894,1931,2011,-0.61810773,0.7860934003305128
Buck Creek,23/11/2020,7.838,7.838,1,7.838,62418,11,328,2020.8942395264116,2051,2021,-0.616675559,0.7872174131333742
Buck Creek,24/11/2009,5.66,5.66,1,5.66,58401,11,329,2009.8966894977168,1919,2010,-0.604484845,0.7966166406098609
Buck Creek,24/11/2020,8.156,8.156,1,8.156,62419,11,329,2020.8969717668488,2051,2021,-0.603071056,0.7976874708304298
Buck Creek,25/11/2008,4.907,4.907,1,4.907,58037,11,330,2008.899704007286,1907,2009,-0.589288826,0.8079224463670097
Buck Creek,26/11/2019,6.145,6.145,1,6.145,62055,11,331,2019.9021689497717,2039,2020,-0.576705799,0.8169519087470286
Buck Creek,27/11/2007,7.107,7.107,1,7.107,57673,11,332,2007.904908675799,1895,2008,-0.56255787,0.8267579108245247
Buck Creek,27/11/2018,7.862,7.862,1,7.862,61691,11,332,2018.904908675799,2027,2019,-0.56255787,0.8267579108245191
Buck Creek,28/11/2006,4.56,4.56,1,4.56,57309,11,333,2006.9076484018265,1883,2007,-0.548243242,0.8363189266891342
Buck Creek,28/11/2017,5.351,5.351,1,5.351,61327,11,333,2017.9076484018265,2015,2018,-0.548243242,0.8363189266891289
Buck Creek,29/11/2005,5.77,5.77,1,5.77,56945,11,334,2005.9103881278538,1871,2006,-0.533766159,0.8456321232075391
Buck Creek,29/11/2016,6.383,6.383,1,6.383,60963,11,334,2016.9106329690346,2003,2017,-0.532464622,0.8464522587617322
Buck Creek,03/11/2015,6.919,6.919,1,6.919,60571,11,308,2015.8391552511416,1991,2016,-0.847160034,0.5313378176031364
Buck Creek,30/11/2004,6.395,6.395,1,6.395,56581,11,335,2004.9133652094717,1859,2005,-0.517855683,0.8554679953621867
Buck Creek,04/11/2003,7.828,7.828,1,7.828,56189,11,309,2003.841894977169,1847,2004,-0.837888411,0.5458415615622024
Buck Creek,04/11/2014,5.678,5.678,1,5.678,60207,11,309,2014.841894977169,1979,2015,-0.837888411,0.5458415615621942
Buck Creek,05/11/2002,4.254,4.254,1,4.254,55825,11,310,2002.8446347031963,1835,2003,-0.828368504,0.5601835608848308
Buck Creek,05/11/2008,7.336,7.336,1,7.336,58017,11,310,2008.845059198543,1907,2009,-0.826871447,0.5623909760610671
Buck Creek,05/11/2013,6.25,6.25,1,6.25,59843,11,310,2013.8446347031963,1967,2014,-0.828368504,0.5601835608848227
Buck Creek,05/11/2020,9.398,9.398,1,9.398,62400,11,310,2020.845059198543,2051,2021,-0.826871447,0.5623909760601012
Buck Creek,06/11/2001,5.486,5.486,1,5.486,55461,11,311,2001.8473744292237,1823,2002,-0.818603133,0.5743595657301355
Buck Creek,06/11/2005,6.556,6.556,1,6.556,56922,11,311,2005.8473744292237,1871,2006,-0.818603133,0.5743595657308094
Buck Creek,06/11/2012,5.322,5.322,1,5.322,59479,11,311,2012.847791,1955,2013,-0.817095417,0.576502454
Buck Creek,06/11/2017,9.31,9.31,1,9.31,61305,11,311,2017.8473744292237,2015,2018,-0.818603133,0.5743595657298531
Buck Creek,08/11/2011,4.534,4.534,1,4.534,59115,11,313,2011.8528538812786,1943,2012,-0.798347647,0.6021968397924963
Buck Creek,09/11/2005,8.43,8.43,1,8.43,56925,11,314,2005.855593607306,1871,2006,-0.787863535,0.6158498602227747
Buck Creek,09/11/2010,5.458,5.458,1,5.458,58751,11,314,2010.855593607306,1931,2011,-0.787863535,0.6158498602239437
Buck Creek,01/12/2015,5.038,5.038,1,5.038,60599,12,336,2015.9158675799088,1992,2016,-0.504341829,0.8635040936504781
Buck Creek,10/12/2019,8.074,8.074,1,8.074,62069,12,345,2019.9405251141552,2040,2020,-0.36505486,0.930986009
Buck Creek,11/12/2007,4.176,4.176,1,4.176,57687,12,346,2007.9432648401826,1896,2008,-0.348975379,0.9371318929228584
Buck Creek,11/12/2018,5.864,5.864,1,5.864,61705,12,346,2018.9432648401826,2028,2019,-0.348975379,0.9371318929228549
Buck Creek,12/12/2006,4.272,4.272,1,4.272,57323,12,347,2006.9460045662101,1884,2007,-0.33279249,0.943000084
Buck Creek,12/12/2017,5.262,5.262,1,5.262,61341,12,347,2017.9460045662101,2016,2018,-0.33279249,0.9430000842118148
Buck Creek,13/12/2005,4.079,4.079,1,4.079,56959,12,348,2005.9487442922375,1872,2006,-0.316510987,0.9485888442242066
Buck Creek,13/12/2016,5.44,5.44,1,5.44,60977,12,348,2016.9488843351548,2004,2017,-0.315676186,0.9488669799198814
Buck Creek,14/12/2004,5.638,5.638,1,5.638,56595,12,349,2004.951616575592,1860,2005,-0.299341107,0.9541461636976958
Buck Creek,15/12/2015,7.998,7.998,1,7.998,60613,12,350,2015.9542237442922,1992,2016,-0.283671466,0.9589215294303582
Buck Creek,16/12/2003,4.786,4.786,1,4.786,56231,12,351,2003.9569634703196,1848,2004,-0.267123179,0.9636623928268501
Buck Creek,16/12/2014,4.39,4.39,1,4.39,60249,12,351,2014.9569634703196,1980,2015,-0.267123179,0.9636623928268475
Buck Creek,17/12/2002,3.66,3.66,1,3.66,55867,12,352,2002.959703196347,1836,2003,-0.250495738,0.9681177022583405
Buck Creek,17/12/2013,4.156,4.156,1,4.156,59885,12,352,2013.959703196347,1968,2014,-0.250495738,0.968117702
Buck Creek,18/12/2012,6.629,6.629,1,6.629,59521,12,353,2012.9625455373407,1956,2013,-0.23316714,0.9724366738777056
Buck Creek,19/12/2001,4.482,4.482,1,4.482,55504,12,354,2001.9651826484019,1824,2002,-0.217023122,0.9761664634184622
Buck Creek,02/12/2003,5.336,5.336,1,5.336,56217,12,337,2003.9186073059361,1848,2004,-0.489403302,0.872057572
Buck Creek,02/12/2014,6.235,6.235,1,6.235,60235,12,337,2014.9186073059361,1980,2015,-0.489403302,0.8720575717241232
Buck Creek,20/12/2011,4.67,4.67,1,4.67,59157,12,355,2011.9679223744292,1944,2012,-0.200187867,0.97975753
Buck Creek,21/12/2010,4.219,4.219,1,4.219,58793,12,356,2010.9706621004566,1932,2011,-0.183293292,0.9830582735300798
Buck Creek,22/12/2009,4.145,4.145,1,4.145,58429,12,357,2009.973401826484,1920,2010,-0.166344403,0.9860677155524509
Buck Creek,22/12/2020,4.734,4.734,1,4.734,62447,12,357,2020.9734744990892,2052,2021,-0.165894132,0.9861435681770354
Buck Creek,23/12/2008,4.696,4.696,1,4.696,58065,12,358,2008.9762067395263,1908,2009,-0.148941221,0.988846051
Buck Creek,23/12/2019,4.945,4.945,1,4.945,62082,12,358,2019.9761415525113,2040,2020,-0.149346222,0.9887849644299406
Buck Creek,26/12/2006,5.412,5.412,1,5.412,57337,12,361,2006.9843607305936,1884,2007,-0.098106366,0.9951759347176669
Buck Creek,26/12/2007,5.604,5.604,1,5.604,57702,12,361,2007.9843607305936,1896,2008,-0.098106366,0.9951759347177316
Buck Creek,26/12/2017,5.588,5.588,1,5.588,61355,12,361,2017.9843607305936,2016,2018,-0.098106366,0.9951759347176659
Buck Creek,27/12/2005,5.382,5.382,1,5.382,56973,12,362,2005.987100456621,1872,2006,-0.080961512,0.9967172284752742
Buck Creek,27/12/2016,7.034,7.034,1,7.034,60991,12,362,2016.987135701275,2004,2017,-0.080740789,0.996735133
Buck Creek,28/12/2004,4.487,4.487,1,4.487,56609,12,363,2004.9898679417122,1860,2005,-0.063618607,0.9979742846477391
Buck Creek,03/12/2002,4.111,4.111,1,4.111,55853,12,338,2002.9213470319635,1836,2003,-0.474319754,0.8803526403178549
Buck Creek,03/12/2013,4.746,4.746,1,4.746,59871,12,338,2013.9213470319635,1968,2014,-0.474319754,0.8803526403178502
Buck Creek,30/12/2014,5.749,5.749,1,5.749,60263,12,365,2014.9953196347033,1980,2015,-0.029403364,0.9995676276198895
Buck Creek,30/12/2015,6.846,6.846,1,6.846,60628,12,365,2015.9953196347033,1992,2016,-0.029403364,0.9995676276198554
Buck Creek,31/12/2003,5.798,5.798,1,5.798,56246,12,366,2003.9980593607306,1848,2004,-0.012193094,0.9999256614662911
Buck Creek,31/12/2013,4.356,4.356,1,4.356,59899,12,366,2013.9980593607306,1968,2014,-0.012193094,0.9999256614662829
Buck Creek,04/12/2001,5.362,5.362,1,5.362,55489,12,339,2001.9240867579908,1824,2002,-0.459095655,0.8883868414255699
Buck Creek,04/12/2012,5.978,5.978,1,5.978,59507,12,339,2012.9242941712205,1956,2013,-0.457937505,0.8889843875417365
Buck Creek,06/12/2011,5.938,5.938,1,5.938,59143,12,341,2011.9295662100456,1944,2012,-0.428243888,0.9036631963571925
Buck Creek,07/12/2010,4.855,4.855,1,4.855,58779,12,342,2010.9323059360731,1932,2011,-0.412625363,0.9109008234679614
Buck Creek,08/12/2009,4.86,4.86,1,4.86,58415,12,343,2009.9350456621005,1920,2010,-0.396884567,0.9178685310058767
Buck Creek,08/12/2020,5.848,5.848,1,5.848,62433,12,343,2020.935223132969,2052,2021,-0.395860822,0.9183105192489365
Buck Creek,09/12/2008,4.171,4.171,1,4.171,58051,12,344,2008.937955373406,1908,2009,-0.38003847,0.9249706814905138
Buck Creek,01/02/2011,2.717,2.717,1,2.717,58835,2,32,2011.0857305936072,1934,2011,0.5129872361097009,0.858396235
Buck Creek,10/02/2015,3.022,3.022,1,3.022,60305,2,41,2015.1103881278539,1982,2015,0.639301127,0.7689564804924075
Buck Creek,11/02/2003,3.499,3.499,1,3.499,55923,2,42,2003.1131278538812,1838,2003,0.6524427295032891,0.7578380333015083
Buck Creek,11/02/2014,2.633,2.633,1,2.633,59941,2,42,2014.1131278538812,1970,2014,0.6524427295032816,0.7578380333015147
Buck Creek,12/02/2013,3.792,3.792,1,3.792,59577,2,43,2013.1158675799086,1958,2013,0.6653909990483694,0.7464950223446991
Buck Creek,13/02/2018,5.262,5.262,1,5.262,61404,2,44,2018.1186073059362,2018,2018,0.678142099,0.7349308088018518
Buck Creek,14/02/2012,3.346,3.346,1,3.346,59213,2,45,2012.1210154826958,1946,2012,0.6891842998520147,0.7245860893209919
Buck Creek,15/02/2011,2.831,2.831,1,2.831,58849,2,46,2011.1240867579909,1934,2011,0.7030377352437575,0.7111525453960833
Buck Creek,16/02/2010,2.884,2.884,1,2.884,58485,2,47,2010.1268264840182,1922,2010,0.7151748946621396,0.6989455415445452
Buck Creek,17/02/2009,4.774,4.774,1,4.774,58121,2,48,2009.1295662100456,1910,2009,0.7271001323244869,0.6865314250445594
Buck Creek,17/02/2021,3.4,3.4,1,3.4,62504,2,48,2021.1295662100456,2054,2021,0.7271001323236849,0.6865314250454089
Buck Creek,18/02/2020,3.811,3.811,1,3.811,62139,2,49,2020.1319444444443,2042,2020,0.7372773368089377,0.675590208
Buck Creek,19/02/2008,5.424,5.424,1,5.424,57757,2,50,2008.1346766848817,1898,2008,0.7487661015856865,0.6628343119635355
Buck Creek,19/02/2019,4.484,4.484,1,4.484,61775,2,50,2019.1350456621005,2030,2019,0.7503007714044622,0.6610966286632152
Buck Creek,02/02/2010,4.109,4.109,1,4.109,58471,2,33,2010.0884703196348,1922,2010,0.5276871116244882,0.849438822
Buck Creek,20/02/2007,2.76,2.76,1,2.76,57393,2,51,2007.137785388128,1886,2007,0.7615692979704085,0.6480834856628112
Buck Creek,20/02/2018,6.968,6.968,1,6.968,61411,2,51,2018.137785388128,2018,2018,0.7615692979704022,0.6480834856628186
Buck Creek,21/02/2006,4.012,4.012,1,4.012,57029,2,52,2006.1405251141553,1874,2006,0.7726121551185422,0.6348783015374534
Buck Creek,21/02/2017,6.052,6.052,1,6.052,61047,2,52,2017.1405251141553,2006,2017,0.772612155,0.6348783015374609
Buck Creek,21/02/2018,7.482,7.482,1,7.482,61412,2,52,2018.1405251141553,2018,2018,0.7726121551189554,0.6348783015369506
Buck Creek,22/02/2005,3.236,3.236,1,3.236,56665,2,53,2005.1432648401826,1862,2005,0.7834260706107699,0.6214849892695471
Buck Creek,23/02/2016,4.486,4.486,1,4.486,60683,2,54,2016.1456056466302,1994,2016,0.7924816360168938,0.6098957751747321
Buck Creek,24/02/2004,2.818,2.818,1,2.818,56301,2,55,2004.1483378870673,1850,2004,0.8028345340208051,0.5962019045454289
Buck Creek,24/02/2015,2.64,2.64,1,2.64,60319,2,55,2015.1487442922376,1982,2015,0.8043543278305223,0.5941499097873437
Buck Creek,24/02/2017,8.483,8.483,1,8.483,61050,2,55,2017.1487442922376,2006,2017,0.8043543278313072,0.5941499097862811
Buck Creek,25/02/2003,3.844,3.844,1,3.844,55937,2,56,2003.151484018265,1838,2003,0.8144624680644797,0.5802162425461013
Buck Creek,25/02/2014,7.13,7.13,1,7.13,59955,2,56,2014.151484018265,1970,2014,0.8144624680644741,0.5802162425461093
Buck Creek,26/02/2002,4.272,4.272,1,4.272,55573,2,57,2002.1542237442923,1826,2002,0.8243292654915952,0.5661106447101018
Buck Creek,26/02/2013,3.12,3.12,1,3.12,59591,2,57,2013.1542237442923,1958,2013,0.8243292654915897,0.5661106447101099
Buck Creek,28/02/2012,2.968,2.968,1,2.968,59227,2,59,2012.159266848816,1946,2012,0.8418506765072203,0.5397105135758756
Buck Creek,03/02/2009,2.707,2.707,1,2.707,58107,2,34,2009.0912100456621,1910,2009,0.5422306220596748,0.8402297022248012
Buck Creek,04/02/2020,3.983,3.983,1,3.983,62125,2,35,2020.0936930783241,2042,2020,0.5552728228538788,0.8316682585020814
Buck Creek,04/02/2021,3.414,3.414,1,3.414,62491,2,35,2021.0939497716895,2054,2021,0.556613458,0.8307716043115854
Buck Creek,05/02/2002,4.903,4.903,1,4.903,55552,2,36,2002.0966894977169,1826,2002,0.5708313570773224,0.821067331
Buck Creek,05/02/2008,5.22,5.22,1,5.22,57743,2,36,2008.0964253187615,1898,2008,0.5694676937027459,0.8220137138934336
Buck Creek,05/02/2019,6.829,6.829,1,6.829,61761,2,36,2019.0966894977169,2030,2019,0.5708313570775815,0.8210673308425849
Buck Creek,06/02/2007,3.132,3.132,1,3.132,57379,2,37,2007.0994292237442,1886,2007,0.5848801066447641,0.8111197574040527
Buck Creek,07/02/2006,4.847,4.847,1,4.847,57015,2,38,2006.1021689497718,1874,2006,0.5987555436165372,0.8009318316738729
Buck Creek,07/02/2017,4.602,4.602,1,4.602,61033,2,38,2017.1021689497718,2006,2017,0.5987555436165293,0.8009318316738787
Buck Creek,08/02/2005,10.577,10.577,1,10.577,56651,2,39,2005.1049086757992,1862,2005,0.6124535563970517,0.7905065725574985
Buck Creek,08/02/2019,7.699,7.699,1,7.699,61764,2,39,2019.1049086757992,2030,2019,0.6124535563957346,0.7905065725585189
Buck Creek,09/02/2016,4.758,4.758,1,4.758,60669,2,40,2016.107354,1994,2016,0.6245278458976848,0.7810025414160939
Buck Creek,01/03/2011,4.406,4.406,1,4.406,58863,3,61,2011.1624429223743,1935,2011,0.8524527262323313,0.522804313
Buck Creek,10/03/2015,2.462,2.462,1,2.462,60333,3,70,2015.187100456621,1983,2015,0.9229159318793259,0.38500153594929404
Buck Creek,11/03/2003,2.986,2.986,1,2.986,55951,3,71,2003.1898401826484,1839,2003,0.9294063604839008,0.3690580131795941
Buck Creek,11/03/2014,2.749,2.749,1,2.749,59969,3,71,2014.1898401826484,1971,2014,0.9294063604838971,0.3690580131796032
Buck Creek,11/03/2020,8.016,8.016,1,8.016,62161,3,71,2020.192053734062,2043,2020,0.9344492213622416,0.3560964092707204
Buck Creek,12/03/2002,4.753,4.753,1,4.753,55587,3,72,2002.1925799086757,1827,2002,0.9356213859256182,0.35300513055566973
Buck Creek,12/03/2010,5.848,5.848,1,5.848,58509,3,72,2010.1925799086757,1923,2010,0.9356213859255573,0.3530051305558311
Buck Creek,12/03/2013,6.602,6.602,1,6.602,59605,3,72,2013.1925799086757,1959,2013,0.9356213859256147,0.3530051305556789
Buck Creek,12/03/2021,7.864,7.864,1,7.864,62527,3,72,2021.1925799086757,2055,2021,0.9356213859255539,0.35300513055584026
Buck Creek,13/03/2012,5.612,5.612,1,5.612,59241,3,73,2012.1975182149363,1947,2012,0.9461224242735367,0.3238091386708624
Buck Creek,15/03/2002,5.755,5.755,1,5.755,55590,3,75,2002.200799086758,1827,2002,0.9525960381014779,0.3042380452760105
Buck Creek,15/03/2011,5.314,5.314,1,5.314,58877,3,75,2011.200799086758,1935,2011,0.9525960381010729,0.3042380452772784
Buck Creek,15/03/2019,6.665,6.665,1,6.665,61799,3,75,2019.200799086758,2031,2019,0.9525960381010204,0.3042380452774427
Buck Creek,16/03/2010,6.529,6.529,1,6.529,58513,3,76,2010.2035388127854,1923,2010,0.9576918585482808,0.28779559425109297
Buck Creek,16/03/2021,7.067,7.067,1,7.067,62531,3,76,2021.2035388127854,2055,2021,0.957691859,0.28779559425110235
Buck Creek,17/03/2009,5.206,5.206,1,5.206,58149,3,77,2009.2062785388127,1911,2009,0.9625038942291071,0.27126786317919016
Buck Creek,17/03/2020,5.42,5.42,1,5.42,62167,3,77,2020.2084471766848,2043,2020,0.9661107121353693,0.25812805329388283
Buck Creek,18/03/2008,4.2,4.2,1,4.2,57785,3,78,2008.2111794171221,1899,2008,0.970399465,0.24150544246854308
Buck Creek,19/03/2009,5.688,5.688,1,5.688,58151,3,79,2009.2117579908677,1911,2009,0.9712709921654771,0.23797617481144973
Buck Creek,19/03/2019,5.461,5.461,1,5.461,61803,3,79,2019.2117579908677,2031,2019,0.9712709921653175,0.23797617481210084
Buck Creek,02/03/2010,3.187,3.187,1,3.187,58499,3,62,2010.165182648402,1923,2010,0.8613256430002775,0.5080532813693447
Buck Creek,02/03/2021,5.29,5.29,1,5.29,62517,3,62,2021.165182648402,2055,2021,0.8613256430002725,0.5080532813693531
Buck Creek,20/03/2007,4.716,4.716,1,4.716,57421,3,80,2007.214497716895,1887,2007,0.9752234565406734,0.22122208256153209
Buck Creek,20/03/2018,4.102,4.102,1,4.102,61439,3,80,2018.214497716895,2019,2018,0.9752234565406712,0.22122208256154163
Buck Creek,20/03/2020,7.483,7.483,1,7.483,62170,3,80,2020.2166438979964,2043,2020,0.9781178469248067,0.20805162226519716
Buck Creek,21/03/2006,3.623,3.623,1,3.623,57057,3,81,2006.2172374429224,1875,2006,0.978886941,0.20440243743354383
Buck Creek,21/03/2017,4.894,4.894,1,4.894,61075,3,81,2017.2172374429224,2007,2017,0.978886941,0.20440243743355344
Buck Creek,22/03/2005,2.08,2.08,1,2.08,56693,3,82,2005.2199771689498,1863,2005,0.98226036,0.18752222345197586
Buck Creek,22/03/2010,5.762,5.762,1,5.762,58519,3,82,2010.2199771689498,1923,2010,0.9822603604500711,0.1875222234523051
Buck Creek,22/03/2016,5.069,5.069,1,5.069,60711,3,82,2016.2221083788706,1995,2016,0.9846832907370661,0.17435256506063396
Buck Creek,23/03/2004,3.632,3.632,1,3.632,56329,3,83,2004.2248406193078,1851,2004,0.9875311890197997,0.15742347573707202
Buck Creek,23/03/2010,7.129,7.129,1,7.129,58520,3,83,2010.222716894977,1923,2010,0.9853427147974891,0.1705864425900077
Buck Creek,24/03/2015,2.693,2.693,1,2.693,60347,3,84,2015.2254566210045,1983,2015,0.9881330908333315,0.15360011328175258
Buck Creek,25/03/2003,5.372,5.372,1,5.372,55965,3,85,2003.228196347032,1839,2003,0.9906306617086359,0.13656826894527935
Buck Creek,25/03/2014,2.81,2.81,1,2.81,59983,3,85,2014.228196347032,1971,2014,0.9906306617086346,0.13656826894528906
Buck Creek,26/03/2013,3.872,3.872,1,3.872,59619,3,86,2013.2309360730594,1959,2013,0.9928346873393018,0.11949595648335089
Buck Creek,26/03/2021,8.566,8.566,1,8.566,62541,3,86,2021.2309360730594,2055,2021,0.9928346873392812,0.11949595648352214
Buck Creek,27/03/2002,5.059,5.059,1,5.059,55602,3,87,2002.2336757990868,1827,2002,0.9947445146248542,0.10238823479171401
Buck Creek,27/03/2012,4.441,4.441,1,4.441,59255,3,87,2012.2357695810565,1947,2012,0.9960053773474947,0.089293271
Buck Creek,28/03/2003,6.392,6.392,1,6.392,55968,3,88,2003.2364155251141,1839,2003,0.9963595776424622,0.085250173
Buck Creek,28/03/2009,5.477,5.477,1,5.477,58160,3,88,2009.2364155251141,1911,2009,0.996359578,0.085250173
Buck Creek,29/03/2003,6.571,6.571,1,6.571,55969,3,89,2003.2391552511415,1839,2003,0.997679398,0.06808685
Buck Creek,29/03/2009,6.461,6.461,1,6.461,58161,3,89,2009.2391552511415,1911,2009,0.9976793978139971,0.06808685
Buck Creek,29/03/2011,4.13,4.13,1,4.13,58891,3,89,2011.2391552511415,1935,2011,0.9976793978139632,0.06808685
Buck Creek,03/03/2002,5.826,5.826,1,5.826,55578,3,63,2002.1679223744293,1827,2002,0.8699433303898262,0.4931517027348255
Buck Creek,03/03/2009,4.544,4.544,1,4.544,58135,3,63,2009.1679223744293,1911,2009,0.8699433303903124,0.4931517027339678
Buck Creek,03/03/2020,5.546,5.546,1,5.546,62153,3,63,2020.1701958105646,2043,2020,0.8768987249935736,0.48067517733355547
Buck Creek,30/03/2002,5.917,5.917,1,5.917,55605,3,90,2002.2418949771688,1827,2002,0.9987035840483182,0.050903352
Buck Creek,30/03/2003,6.152,6.152,1,6.152,55970,3,90,2003.2418949771688,1839,2003,0.9987035840483518,0.050903352
Buck Creek,30/03/2009,5.978,5.978,1,5.978,58162,3,90,2009.2418949771688,1911,2009,0.9987035840482757,0.050903352
Buck Creek,30/03/2010,5.341,5.341,1,5.341,58527,3,90,2010.2418949771688,1923,2010,0.9987035840483094,0.050903351648604586
Buck Creek,30/03/2018,8.287,8.287,1,8.287,61449,3,90,2018.2418949771688,2019,2018,0.9987035840483006,0.050903352
Buck Creek,30/03/2021,7.022,7.022,1,7.022,62545,3,90,2021.2418949771688,2055,2021,0.9987035840483088,0.050903352
Buck Creek,31/03/2009,5.323,5.323,1,5.323,58163,3,91,2009.2446347031964,1911,2009,0.9994318328569636,0.033704769279292786
Buck Creek,04/03/2008,3.996,3.996,1,3.996,57771,3,64,2008.172928051002,1899,2008,0.8850209405531022,0.46555121606811684
Buck Creek,05/03/2011,4.41,4.41,1,4.41,58867,3,65,2011.173401826484,1935,2011,0.8864028789986669,0.46291460994753103
Buck Creek,05/03/2019,4.056,4.056,1,4.056,61789,3,65,2019.173401826484,2031,2019,0.886402879,0.4629146099476839
Buck Creek,06/03/2004,5.525,5.525,1,5.525,56312,3,66,2004.1783925318762,1851,2004,0.9004805956819838,0.43489619083204173
Buck Creek,06/03/2007,2.964,2.964,1,2.964,57407,3,66,2007.1761415525114,1887,2007,0.8942398628970964,0.4475880557005315
Buck Creek,06/03/2011,5.639,5.639,1,5.639,58868,3,66,2011.1761415525114,1935,2011,0.8942398628974649,0.4475880556997953
Buck Creek,06/03/2018,5.126,5.126,1,5.126,61425,3,66,2018.1761415525114,2019,2018,0.8942398628970921,0.4475880557005402
Buck Creek,07/03/2006,2.9,2.9,1,2.9,57043,3,67,2006.1788812785387,1875,2006,0.9018118642257803,0.43212887145112494
Buck Creek,07/03/2017,5.501,5.501,1,5.501,61061,3,67,2017.1788812785387,2007,2017,0.901811864,0.4321288714511338
Buck Creek,08/03/2011,6.335,6.335,1,6.335,58870,3,68,2011.1816210045663,1935,2011,0.9091166392365254,0.416541638
Buck Creek,08/03/2016,3.845,3.845,1,3.845,60697,3,68,2016.1838570127504,1995,2016,0.9148788259601516,0.40372853975137146
Buck Creek,09/03/2004,5.002,5.002,1,5.002,56315,3,69,2004.1865892531875,1851,2004,0.9216745537103701,0.3879639378122534
Buck Creek,09/03/2005,4.259,4.259,1,4.259,56680,3,69,2005.1843607305937,1863,2005,0.9161520233667043,0.40083097445318966
Buck Creek,01/04/2008,5.532,5.532,1,5.532,57799,4,92,2008.2494307832424,1900,2008,0.9999936043508348,0.003576487
Buck Creek,01/04/2013,6.205,6.205,1,6.205,59625,4,92,2013.2473744292238,1960,2013,0.9998639284438976,0.016496199463405168
Buck Creek,10/04/2011,6.474,6.474,1,6.474,58903,4,101,2011.2720319634702,1936,2011,0.9904337329667219,-0.137989205
Buck Creek,10/04/2012,4.24,4.24,1,4.24,59269,4,101,2012.2740209471767,1948,2012,0.9886319642351306,-0.150355709
Buck Creek,10/04/2013,6.017,6.017,1,6.017,59634,4,101,2013.2720319634702,1960,2013,0.9904337329667906,-0.137989205
Buck Creek,10/04/2019,6.713,6.713,1,6.713,61825,4,101,2019.2720319634702,2032,2019,0.9904337329667456,-0.137989205
Buck Creek,11/04/2011,6.896,6.896,1,6.896,58904,4,102,2011.2747716894978,1936,2011,0.9879117321959704,-0.155017449
Buck Creek,11/04/2017,6.965,6.965,1,6.965,61096,4,102,2017.2747716894978,2008,2017,0.987911732,-0.155017449
Buck Creek,12/04/2003,4.766,4.766,1,4.766,55983,4,103,2003.2775114155252,1840,2003,0.9850969918583377,-0.171999758
Buck Creek,12/04/2008,6.486,6.486,1,6.486,57810,4,103,2008.279485428051,1900,2008,0.9828879476910668,-0.184204458
Buck Creek,12/04/2011,6.752,6.752,1,6.752,58905,4,103,2011.2775114155252,1936,2011,0.9850969918583674,-0.171999758
Buck Creek,13/04/2002,7.156,7.156,1,7.156,55619,4,104,2002.2802511415525,1828,2002,0.9819903460217192,-0.188931099
Buck Creek,13/04/2004,5.428,5.428,1,5.428,56350,4,104,2004.282217668488,1852,2004,0.9795810024309028,-0.201049894
Buck Creek,13/04/2010,5.003,5.003,1,5.003,58541,4,104,2010.2802511415525,1924,2010,0.9819903460217518,-0.188931099
Buck Creek,13/04/2018,7.007,7.007,1,7.007,61463,4,104,2018.2802511415525,2020,2018,0.9819903460217844,-0.188931099
Buck Creek,13/04/2020,8.185,8.185,1,8.185,62194,4,104,2020.282217668488,2044,2020,0.9795810024309722,-0.201049893
Buck Creek,13/04/2021,8.59,8.59,1,8.59,62559,4,104,2021.2802511415525,2056,2021,0.9819903460217536,-0.188931099
Buck Creek,14/04/2002,7.681,7.681,1,7.681,55620,4,105,2002.2829908675799,1828,2002,0.9785927152527146,-0.205806457
Buck Creek,14/04/2004,5.771,5.771,1,5.771,56351,4,105,2004.2849499089252,1852,2004,0.9759853701533137,-0.217836079
Buck Creek,14/04/2008,4.896,4.896,1,4.896,57812,4,105,2008.2849499089252,1900,2008,0.9759853701531342,-0.217836079
Buck Creek,14/04/2009,4.262,4.262,1,4.262,58177,4,105,2009.2829908675799,1912,2009,0.9785927152525117,-0.205806457
Buck Creek,14/04/2018,6.96,6.96,1,6.96,61464,4,105,2018.2829908675799,2020,2018,0.9785927152527856,-0.205806457
Buck Creek,15/04/2003,6.128,6.128,1,6.128,55986,4,106,2003.2857305936072,1840,2003,0.9749051063423012,-0.222620829
Buck Creek,15/04/2004,5.214,5.214,1,5.214,56352,4,106,2004.2876821493626,1852,2004,0.9721021105070248,-0.234558067
Buck Creek,15/04/2013,5.339,5.339,1,5.339,59639,4,106,2013.2857305936072,1960,2013,0.9749051063424504,-0.222620829
Buck Creek,15/04/2019,7.2,7.2,1,7.2,61830,4,106,2019.2857305936072,2032,2019,0.974905106,-0.222620829
Buck Creek,16/04/2003,6.079,6.079,1,6.079,55987,4,107,2003.2884703196346,1840,2003,0.9709286120088672,-0.239369234
Buck Creek,16/04/2011,6.542,6.542,1,6.542,58909,4,107,2011.2884703196346,1936,2011,0.970928612,-0.239369234
Buck Creek,16/04/2013,6.697,6.697,1,6.697,59640,4,107,2013.2884703196346,1960,2013,0.9709286120085922,-0.239369234
Buck Creek,16/04/2018,6.124,6.124,1,6.124,61466,4,107,2018.2884703196346,2020,2018,0.9709286120086724,-0.239369234
Buck Creek,17/04/2007,5.376,5.376,1,5.376,57449,4,108,2007.2912100456622,1888,2007,0.9666644105726906,-0.256046709
Buck Creek,17/04/2011,7.172,7.172,1,7.172,58910,4,108,2011.2912100456622,1936,2011,0.9666644105724798,-0.256046709
Buck Creek,17/04/2013,7.079,7.079,1,7.079,59641,4,108,2013.2912100456622,1960,2013,0.9666644105726073,-0.256046709
Buck Creek,17/04/2018,6.576,6.576,1,6.576,61467,4,108,2018.2912100456622,2020,2018,0.9666644105726931,-0.256046709
Buck Creek,18/04/2006,3.706,3.706,1,3.706,57085,4,109,2006.2939497716895,1876,2006,0.9621137656096792,-0.272648312
Buck Creek,18/04/2017,6.382,6.382,1,6.382,61103,4,109,2017.2939497716895,2008,2017,0.9621137656096819,-0.272648312
Buck Creek,19/04/2003,5.178,5.178,1,5.178,55990,4,110,2003.296689497717,1840,2003,0.9572780255741733,-0.289169123
Buck Creek,19/04/2005,3.907,3.907,1,3.907,56721,4,110,2005.296689497717,1864,2005,0.9572780255743173,-0.289169123
Buck Creek,19/04/2013,5.916,5.916,1,5.916,59643,4,110,2013.296689497717,1960,2013,0.9572780255738411,-0.289169123
Buck Creek,19/04/2016,4.979,4.979,1,4.979,60739,4,110,2016.298611111111,1996,2016,0.9537169507482401,-0.3007058
Buck Creek,02/04/2019,6.073,6.073,1,6.073,61817,4,93,2019.2501141552511,2032,2019,0.9999997427700635,-7.17E-04
Buck Creek,20/04/2004,4.764,4.764,1,4.764,56357,4,111,2004.3013433515482,1852,2004,0.9484144034538552,-0.317033309
Buck Creek,20/04/2005,5.857,5.857,1,5.857,56722,4,111,2005.2994292237443,1864,2005,0.9521586233995174,-0.305604247
Buck Creek,20/04/2011,5.834,5.834,1,5.834,58913,4,111,2011.2994292237443,1936,2011,0.9521586233994179,-0.305604247
Buck Creek,20/04/2019,9.064,9.064,1,9.064,61835,4,111,2019.2994292237443,2032,2019,0.9521586233994707,-0.305604247
Buck Creek,21/04/2011,5.336,5.336,1,5.336,58914,4,112,2011.3021689497716,1936,2011,0.9467570760757867,-0.321948814
Buck Creek,21/04/2015,7.152,7.152,1,7.152,60375,4,112,2015.3021689497716,1984,2015,0.9467570760761073,-0.321948814
Buck Creek,21/04/2017,8.192,8.192,1,8.192,61106,4,112,2017.3021689497716,2008,2017,0.9467570760756819,-0.321948814
Buck Creek,22/04/2003,5.12,5.12,1,5.12,55993,4,113,2003.3049086757992,1840,2003,0.9410749841971768,-0.338197981
Buck Creek,22/04/2006,5.563,5.563,1,5.563,57089,4,113,2006.3049086757992,1876,2006,0.9410749841971218,-0.338197981
Buck Creek,22/04/2012,6.064,6.064,1,6.064,59281,4,113,2012.3068078324227,1948,2012,0.9369724476855396,-0.349403252
Buck Creek,22/04/2014,4.297,4.297,1,4.297,60011,4,113,2014.3049086757992,1972,2014,0.941074984,-0.338197981
Buck Creek,23/04/2005,5.444,5.444,1,5.444,56725,4,114,2005.3076484018266,1864,2005,0.9351140314908878,-0.354346932
Buck Creek,23/04/2006,7.052,7.052,1,7.052,57090,4,114,2006.3076484018266,1876,2006,0.9351140314912982,-0.354346932
Buck Creek,23/04/2007,5.639,5.639,1,5.639,57455,4,114,2007.3076484018266,1888,2007,0.9351140314910642,-0.354346932
Buck Creek,23/04/2012,8.161,8.161,1,8.161,59282,4,114,2012.3095400728598,1948,2012,0.9308364112091773,-0.365436144
Buck Creek,23/04/2013,4.811,4.811,1,4.811,59647,4,114,2013.3076484018266,1960,2013,0.9351140314909488,-0.354346932
Buck Creek,23/04/2018,6.617,6.617,1,6.617,61473,4,114,2018.3076484018266,2020,2018,0.9351140314910676,-0.354346932
Buck Creek,24/04/2012,7.154,7.154,1,7.154,59283,4,115,2012.312272313297,1948,2012,0.9244260529706083,-0.381361341
Buck Creek,24/04/2018,6.684,6.684,1,6.684,61474,4,115,2018.310388127854,2020,2018,0.928875984,-0.370390882
Buck Creek,24/04/2020,5.162,5.162,1,5.162,62205,4,115,2020.312272313297,2044,2020,0.924426053,-0.381361341
Buck Creek,25/04/2005,5.8,5.8,1,5.8,56727,4,116,2005.3131278538813,1864,2005,0.9223626911404565,-0.386325078
Buck Creek,25/04/2006,5.539,5.539,1,5.539,57092,4,116,2006.3131278538813,1876,2006,0.9223626911402013,-0.386325078
Buck Creek,25/04/2018,6.873,6.873,1,6.873,61475,4,116,2018.3131278538813,2020,2018,0.9223626911406526,-0.386325078
Buck Creek,26/04/2005,5.396,5.396,1,5.396,56728,4,117,2005.3158675799086,1864,2005,0.9155760819932094,-0.402144797
Buck Creek,26/04/2011,6.148,6.148,1,6.148,58919,4,117,2011.3158675799086,1936,2011,0.9155760819930785,-0.402144797
Buck Creek,27/04/2010,4.321,4.321,1,4.321,58555,4,118,2010.318607305936,1924,2010,0.9085181678925238,-0.417845353
Buck Creek,27/04/2021,5.959,5.959,1,5.959,62573,4,118,2021.318607305936,2056,2021,0.9085181678925279,-0.417845353
Buck Creek,28/04/2009,4.814,4.814,1,4.814,58191,4,119,2009.3213470319636,1912,2009,0.9011910402513845,-0.433422091
Buck Creek,28/04/2011,7.814,7.814,1,7.814,58921,4,119,2011.3213470319636,1936,2011,0.90119104,-0.433422091
Buck Creek,29/04/2008,5.352,5.352,1,5.352,57827,4,120,2008.3259335154828,1900,2008,0.8883283536999137,-0.459208815
Buck Creek,03/04/2002,5.658,5.658,1,5.658,55609,4,94,2002.2528538812785,1828,2002,0.9998392355906837,-0.017930504
Buck Creek,03/04/2007,5.256,5.256,1,5.256,57435,4,94,2007.2528538812785,1888,2007,0.9998392355906898,-0.017930504
Buck Creek,03/04/2018,5.654,5.654,1,5.654,61453,4,94,2018.2528538812785,2020,2018,0.9998392355906899,-0.017930504
Buck Creek,30/04/2019,6.11,6.11,1,6.11,61845,4,121,2019.3268264840183,2032,2019,0.8857379082225174,-0.464185693
Buck Creek,04/04/2003,4.514,4.514,1,4.514,55975,4,95,2003.2555936073059,1840,2003,0.9993824544675057,-0.035138436
Buck Creek,04/04/2006,4.71,4.71,1,4.71,57071,4,95,2006.2555936073059,1876,2006,0.999382454,-0.035138436
Buck Creek,04/04/2017,7.984,7.984,1,7.984,61089,4,95,2017.2555936073059,2008,2017,0.9993824544675003,-0.035138436
Buck Creek,04/04/2018,8.077,8.077,1,8.077,61454,4,95,2018.2555936073059,2020,2018,0.9993824544674771,-0.035138436
Buck Creek,05/04/2005,4.584,4.584,1,4.584,56707,4,96,2005.2583333333334,1864,2005,0.9986295347546006,-0.052335956
Buck Creek,05/04/2008,6.114,6.114,1,6.114,57803,4,96,2008.2603597449909,1900,2008,0.9978822508109011,-0.065046241
Buck Creek,05/04/2016,5.066,5.066,1,5.066,60725,4,96,2016.2603597449909,1996,2016,0.9978822508109123,-0.065046241
Buck Creek,06/04/2004,4.097,4.097,1,4.097,56343,4,97,2004.263091985428,1852,2004,0.996618605,-0.082166632
Buck Creek,07/04/2003,4.297,4.297,1,4.297,55978,4,98,2003.2638127853882,1840,2003,0.99623626,-0.08667938
Buck Creek,07/04/2015,5.792,5.792,1,5.792,60361,4,98,2015.2638127853882,1984,2015,0.9962362596713592,-0.08667938
Buck Creek,07/04/2017,7.817,7.817,1,7.817,61092,4,98,2017.2638127853882,2008,2017,0.9962362596712447,-0.08667938
Buck Creek,07/04/2021,5.557,5.557,1,5.557,62553,4,98,2021.2638127853882,2056,2021,0.99623626,-0.08667938
Buck Creek,08/04/2003,3.948,3.948,1,3.948,55979,4,99,2003.2665525114155,1840,2003,0.9945966134799933,-0.103815107
Buck Creek,08/04/2008,6.472,6.472,1,6.472,57806,4,99,2008.2685564663025,1900,2008,0.9932106491324082,-0.116329732
Buck Creek,08/04/2014,6.01,6.01,1,6.01,59997,4,99,2014.2665525114155,1972,2014,0.9945966134799944,-0.103815107
Buck Creek,08/04/2019,7.213,7.213,1,7.213,61823,4,99,2019.2665525114155,2032,2019,0.9945966134800291,-0.103815107
Buck Creek,09/04/2002,5.021,5.021,1,5.021,55615,4,100,2002.2692922374429,1828,2002,0.9926622468468902,-0.120920071
Buck Creek,09/04/2008,6.524,6.524,1,6.524,57807,4,100,2008.2712887067396,1900,2008,0.9910673427311337,-0.133362372
Buck Creek,09/04/2011,6.264,6.264,1,6.264,58902,4,100,2011.2692922374429,1936,2011,0.9926622468470511,-0.120920071
Buck Creek,09/04/2013,5.907,5.907,1,5.907,59633,4,100,2013.2692922374429,1960,2013,0.9926622468468914,-0.120920071
Buck Creek,09/04/2019,7.423,7.423,1,7.423,61824,4,100,2019.2692922374429,2032,2019,0.992662247,-0.120920071
Buck Creek,01/05/2007,4.608,4.608,1,4.608,57463,5,122,2007.3295662100456,1889,2007,0.8776164829307868,-0.479363441
Buck Creek,01/05/2018,6.816,6.816,1,6.816,61481,5,122,2018.3295662100456,2021,2018,0.8776164829307914,-0.479363441
Buck Creek,10/05/2007,5.847,5.847,1,5.847,57472,5,131,2007.3542237442923,1889,2007,0.7931349695927942,-0.60904591
Buck Creek,10/05/2011,4.834,4.834,1,4.834,58933,5,131,2011.3542237442923,1937,2011,0.7931349695934006,-0.60904591
Buck Creek,10/05/2019,9.041,9.041,1,9.041,61855,5,131,2019.3542237442923,2033,2019,0.7931349695935057,-0.60904591
Buck Creek,11/05/2003,8.346,8.346,1,8.346,56012,5,132,2003.3569634703197,1841,2003,0.7825337339321345,-0.622608188
Buck Creek,11/05/2007,6.51,6.51,1,6.51,57473,5,132,2007.3569634703197,1889,2007,0.782533734,-0.622608188
Buck Creek,11/05/2010,5.35,5.35,1,5.35,58569,5,132,2010.3569634703197,1925,2010,0.7825337339315207,-0.622608188
Buck Creek,11/05/2021,6.238,6.238,1,6.238,62587,5,132,2021.3569634703197,2057,2021,0.7825337339315268,-0.622608188
Buck Creek,12/05/2003,8.821,8.821,1,8.821,56013,5,133,2003.359703196347,1841,2003,0.771700617,-0.635985973
Buck Creek,12/05/2009,5.384,5.384,1,5.384,58205,5,133,2009.359703196347,1913,2009,0.771700617,-0.635985973
Buck Creek,13/05/2002,8.011,8.011,1,8.011,55649,5,134,2002.3624429223744,1829,2002,0.7606388277941043,-0.649175303
Buck Creek,13/05/2006,6.187,6.187,1,6.187,57110,5,134,2006.3624429223744,1877,2006,0.7606388277935698,-0.649175303
Buck Creek,13/05/2008,3.984,3.984,1,3.984,57841,5,134,2008.364184881603,1901,2008,0.7534881522033635,-0.657461485
Buck Creek,14/05/2002,9.661,9.661,1,9.661,55650,5,135,2002.3651826484017,1829,2002,0.7493516452499861,-0.662172267
Buck Creek,14/05/2003,7.079,7.079,1,7.079,56015,5,135,2003.3651826484017,1841,2003,0.7493516452507532,-0.662172267
Buck Creek,14/05/2019,7.129,7.129,1,7.129,61859,5,135,2019.3651826484017,2033,2019,0.7493516452497772,-0.662172267
Buck Creek,15/05/2002,8.604,8.604,1,8.604,55651,5,136,2002.3679223744293,1829,2002,0.737842414,-0.674973016
Buck Creek,15/05/2007,4.5,4.5,1,4.5,57477,5,136,2007.3679223744293,1889,2007,0.7378424136412483,-0.674973016
Buck Creek,15/05/2018,5.728,5.728,1,5.728,61495,5,136,2018.3679223744293,2021,2018,0.7378424136412548,-0.674973016
Buck Creek,16/05/2006,5.2,5.2,1,5.2,57113,5,137,2006.3706621004567,1877,2006,0.7261145434016122,-0.687573756
Buck Creek,16/05/2009,8.17,8.17,1,8.17,58209,5,137,2009.3706621004567,1913,2009,0.7261145434015004,-0.687573756
Buck Creek,16/05/2014,11.203,11.203,1,11.203,60035,5,137,2014.3706621004567,1973,2014,0.7261145434017308,-0.687573756
Buck Creek,16/05/2017,5.846,5.846,1,5.846,61131,5,137,2017.3706621004567,2009,2017,0.726114543,-0.687573756
Buck Creek,17/05/2002,7.505,7.505,1,7.505,55653,5,138,2002.373401826484,1829,2002,0.71417151,-0.699970753
Buck Creek,17/05/2005,12.626,12.626,1,12.626,56749,5,138,2005.373401826484,1865,2005,0.7141715097531961,-0.699970753
Buck Creek,17/05/2009,8.453,8.453,1,8.453,58210,5,138,2009.373401826484,1913,2009,0.7141715097526199,-0.699970753
Buck Creek,17/05/2014,8.696,8.696,1,8.696,60036,5,138,2014.373401826484,1973,2014,0.7141715097528545,-0.699970753
Buck Creek,17/05/2016,5.617,5.617,1,5.617,60767,5,138,2016.3751138433515,1997,2016,0.7066008076496862,-0.707612393
Buck Creek,18/05/2004,4.684,4.684,1,4.684,56385,5,139,2004.3778460837887,1853,2004,0.6943495807233244,-0.719637867
Buck Creek,19/05/2015,5.696,5.696,1,5.696,60403,5,140,2015.3788812785388,1985,2015,0.6896541708479231,-0.724138885
Buck Creek,02/05/2003,6.137,6.137,1,6.137,56003,5,123,2003.332305936073,1841,2003,0.869235001,-0.494399144
Buck Creek,02/05/2006,4.177,4.177,1,4.177,57099,5,123,2006.332305936073,1877,2006,0.8692350009346436,-0.494399144
Buck Creek,02/05/2017,7.98,7.98,1,7.98,61117,5,123,2017.332305936073,2009,2017,0.8692350009346484,-0.494399144
Buck Creek,20/05/2003,4.819,4.819,1,4.819,56021,5,141,2003.3816210045661,1841,2003,0.6770871306081232,-0.735902859
Buck Creek,20/05/2011,8.285,8.285,1,8.285,58943,5,141,2011.3816210045661,1937,2011,0.6770871306082501,-0.735902859
Buck Creek,20/05/2014,5.438,5.438,1,5.438,60039,5,141,2014.3816210045661,1973,2014,0.6770871306081304,-0.735902859
Buck Creek,20/05/2019,8.789,8.789,1,8.789,61865,5,141,2019.3816210045661,2033,2019,0.677087131,-0.735902859
Buck Creek,20/05/2020,5.944,5.944,1,5.944,62231,5,141,2020.3833105646631,2045,2020,0.6692369136420959,-0.743049092
Buck Creek,21/05/2002,4.961,4.961,1,4.961,55657,5,142,2002.3843607305937,1829,2002,0.6643194548374268,-0.747448769
Buck Creek,21/05/2011,8.424,8.424,1,8.424,58944,5,142,2011.3843607305937,1937,2011,0.6643194548384217,-0.747448769
Buck Creek,21/05/2013,4.244,4.244,1,4.244,59675,5,142,2013.3843607305937,1961,2013,0.6643194548374342,-0.747448769
Buck Creek,22/05/2004,6.173,6.173,1,6.173,56389,5,143,2004.3887750455374,1853,2004,0.6433353959259709,-0.765584462
Buck Creek,22/05/2012,5.064,5.064,1,5.064,59311,5,143,2012.3887750455374,1949,2012,0.643335396,-0.765584462
Buck Creek,23/05/2004,7.93,7.93,1,7.93,56390,5,144,2004.3915072859745,1853,2004,0.6300983236496911,-0.776515359
Buck Creek,23/05/2014,9.124,9.124,1,9.124,60042,5,144,2014.3898401826484,1973,2014,0.6381973883944352,-0.769872777
Buck Creek,24/05/2004,8.73,8.73,1,8.73,56391,5,145,2004.3942395264116,1853,2004,0.6166755585067274,-0.787217413
Buck Creek,24/05/2011,6.672,6.672,1,6.672,58947,5,145,2011.3925799086758,1937,2011,0.6248507382526163,-0.780744231
Buck Creek,24/05/2013,7.466,7.466,1,7.466,59678,5,145,2013.3925799086758,1961,2013,0.6248507382515849,-0.780744231
Buck Creek,24/05/2014,9.403,9.403,1,9.403,60043,5,145,2014.3925799086758,1973,2014,0.6248507382524893,-0.780744231
Buck Creek,25/05/2004,7.045,7.045,1,7.045,56392,5,146,2004.3969717668488,1853,2004,0.6030710562447331,-0.797687471
Buck Creek,25/05/2010,4.075,4.075,1,4.075,58583,5,146,2010.3953196347031,1925,2010,0.6113189313506456,-0.791384334
Buck Creek,25/05/2013,9.446,9.446,1,9.446,59679,5,146,2013.3953196347031,1961,2013,0.6113189313505168,-0.791384334
Buck Creek,25/05/2021,4.346,4.346,1,4.346,62601,5,146,2021.3953196347031,2057,2021,0.6113189313506534,-0.791384334
Buck Creek,26/05/2009,4.165,4.165,1,4.165,58219,5,147,2009.3980593607305,1913,2009,0.5976059774559659,-0.801789932
Buck Creek,26/05/2014,7.394,7.394,1,7.394,60045,5,147,2014.3980593607305,1973,2014,0.5976059774562347,-0.801789932
Buck Creek,27/05/2008,5.736,5.736,1,5.736,57855,5,148,2008.4024362477232,1901,2008,0.5753329299829493,-0.817919323
Buck Creek,28/05/2019,7.4,7.4,1,7.4,61873,5,149,2019.4035388127854,2033,2019,0.5696529349398723,-0.821885353
Buck Creek,29/05/2007,4.032,4.032,1,4.032,57491,5,150,2007.4062785388128,1889,2007,0.5554211294072756,-0.831569221
Buck Creek,29/05/2018,5.664,5.664,1,5.664,61509,5,150,2018.4062785388128,2021,2018,0.5554211294072837,-0.831569221
Buck Creek,03/05/2005,3.064,3.064,1,3.064,56735,5,124,2005.3350456621004,1865,2005,0.860595946,-0.509288345
Buck Creek,03/05/2016,7.048,7.048,1,7.048,60753,5,124,2016.3368624772313,1997,2016,0.8547262770362912,-0.519078984
Buck Creek,30/05/2006,4.741,4.741,1,4.741,57127,5,151,2006.4090182648401,1877,2006,0.5410247406070677,-0.841006677
Buck Creek,30/05/2017,8.941,8.941,1,8.941,61145,5,151,2017.4090182648401,2009,2017,0.541024741,-0.841006677
Buck Creek,31/05/2005,3.881,3.881,1,3.881,56763,5,152,2005.4117579908675,1865,2005,0.5264680345014882,-0.850194924
Buck Creek,31/05/2016,5.676,5.676,1,5.676,60781,5,152,2016.4133652094717,1997,2016,0.5178556834797987,-0.855467995
Buck Creek,04/05/2004,5.813,5.813,1,5.813,56371,5,125,2004.3395947176684,1853,2004,0.8456896501543354,-0.533675009
Buck Creek,04/05/2011,8.593,8.593,1,8.593,58927,5,125,2011.337785388128,1937,2011,0.8517018776100189,-0.524026633
Buck Creek,05/05/2011,6.874,6.874,1,6.874,58928,5,126,2011.3405251141553,1937,2011,0.8425554317235945,-0.53860964
Buck Creek,05/05/2015,4.726,4.726,1,4.726,60389,5,126,2015.3405251141553,1985,2015,0.8425554317241308,-0.53860964
Buck Creek,06/05/2003,4.658,4.658,1,4.658,56007,5,127,2003.3432648401827,1841,2003,0.833159318,-0.553033046
Buck Creek,06/05/2014,5.436,5.436,1,5.436,60025,5,127,2014.3432648401827,1973,2014,0.8331593184798024,-0.553033046
Buck Creek,07/05/2002,4.265,4.265,1,4.265,55643,5,128,2002.346005,1829,2002,0.8235163221483428,-0.567292576
Buck Creek,07/05/2013,3.881,3.881,1,3.881,59661,5,128,2013.346005,1961,2013,0.8235163221483484,-0.567292576
Buck Creek,08/05/2012,5.957,5.957,1,5.957,59297,5,129,2012.3505236794172,1949,2012,0.807078585,-0.590444035
Buck Creek,01/06/2004,4.675,4.675,1,4.675,56399,6,153,2004.4160974499089,1854,2004,0.5030941305532056,-0.864231622
Buck Creek,01/06/2015,10.718,10.718,1,10.718,60416,6,153,2015.414497716895,1986,2015,0.5117553245520852,-0.85913124
Buck Creek,10/06/2008,4.476,4.476,1,4.476,57869,6,162,2008.4406876138432,1902,2008,0.36410411833790207,-0.931358251
Buck Creek,11/06/2013,10.279,10.279,1,10.279,59696,6,163,2013.4418949771689,1962,2013,0.35702834409981027,-0.934093551
Buck Creek,11/06/2019,7.474,7.474,1,7.474,61887,6,163,2019.4418949771689,2034,2019,0.35702834410120543,-0.934093551
Buck Creek,12/06/2007,4.152,4.152,1,4.152,57505,6,164,2007.4446347031962,1890,2007,0.34089656152754366,-0.940100811
Buck Creek,12/06/2018,3.997,3.997,1,3.997,61523,6,164,2018.4446347031962,2022,2018,0.3408965615275529,-0.940100811
Buck Creek,13/06/2006,4.92,4.92,1,4.92,57141,6,165,2006.4473744292238,1878,2006,0.3246637639438358,-0.945829499
Buck Creek,13/06/2014,10.114,10.114,1,10.114,60063,6,165,2014.4473744292238,1974,2014,0.32466376394399893,-0.945829499
Buck Creek,13/06/2017,6.216,6.216,1,6.216,61159,6,165,2017.4473744292238,2010,2017,0.32466376394384505,-0.945829499
Buck Creek,14/06/2005,8.082,8.082,1,8.082,56777,6,166,2005.4501141552512,1866,2005,0.30833476148349026,-0.951277917
Buck Creek,14/06/2016,6.214,6.214,1,6.214,60795,6,166,2016.451616575592,1998,2016,0.2993411069345253,-0.954146164
Buck Creek,15/06/2004,5.192,5.192,1,5.192,56413,6,167,2004.454348816029,1854,2004,0.2829178106567416,-0.959144156
Buck Creek,16/06/2005,8.01,8.01,1,8.01,56779,6,168,2005.455593607306,1866,2005,0.2754075235367449,-0.96132757
Buck Creek,16/06/2015,7.085,7.085,1,7.085,60431,6,168,2015.455593607306,1986,2015,0.27540752353738934,-0.96132757
Buck Creek,17/06/2003,4.466,4.466,1,4.466,56049,6,169,2003.4583333333333,1842,2003,0.25881904510345943,-0.965925826
Buck Creek,17/06/2005,8.83,8.83,1,8.83,56780,6,169,2005.4583333333333,1866,2005,0.2588190451039403,-0.965925826
Buck Creek,17/06/2006,7.01,7.01,1,7.01,57145,6,169,2006.4583333333333,1878,2006,0.2588190451033023,-0.965925826
Buck Creek,17/06/2014,6.412,6.412,1,6.412,60067,6,169,2014.4583333333333,1974,2014,0.2588190451034689,-0.965925826
Buck Creek,18/06/2002,6.646,6.646,1,6.646,55685,6,170,2002.4610730593608,1830,2002,0.24215387300069943,-0.970237858
Buck Creek,18/06/2005,7.654,7.654,1,7.654,56781,6,170,2005.4610730593608,1866,2005,0.24215387300054156,-0.970237858
Buck Creek,18/06/2006,7.555,7.555,1,7.555,57146,6,170,2006.4610730593608,1878,2006,0.24215387299990068,-0.970237858
Buck Creek,18/06/2013,6.484,6.484,1,6.484,59703,6,170,2013.4610730593608,1962,2013,0.24215387300070892,-0.970237858
Buck Creek,19/06/2007,5.734,5.734,1,5.734,57512,6,171,2007.4638127853882,1890,2007,0.225416945,-0.974262388
Buck Creek,19/06/2012,4.466,4.466,1,4.466,59339,6,171,2012.4652777777778,1950,2012,0.216439614,-0.976296007
Buck Creek,20/06/2007,9.2,9.2,1,9.2,57513,6,172,2007.4665525114156,1890,2007,0.20861322205278718,-0.977998223
Buck Creek,20/06/2019,11.822,11.822,1,11.822,61896,6,172,2019.4665525114156,2034,2019,0.20861322205215072,-0.977998223
Buck Creek,21/06/2011,4.692,4.692,1,4.692,58975,6,173,2011.469292237443,1938,2011,0.19174768202589507,-0.981444255
Buck Creek,21/06/2019,9.926,9.926,1,9.926,61897,6,173,2019.469292237443,2034,2019,0.19174768202606435,-0.981444255
Buck Creek,22/06/2010,5.236,5.236,1,5.236,58611,6,174,2010.4720319634703,1926,2010,0.17482532302223483,-0.984599465
Buck Creek,22/06/2021,8.57,8.57,1,8.57,62629,6,174,2021.4720319634703,2058,2021,0.1748253230222445,-0.984599465
Buck Creek,23/06/2009,4.607,4.607,1,4.607,58247,6,175,2009.4747716894976,1914,2009,0.15785115950232168,-0.987462916
Buck Creek,23/06/2015,12.355,12.355,1,12.355,60438,6,175,2015.4747716894976,1986,2015,0.15785115950379658,-0.987462916
Buck Creek,23/06/2017,10.116,10.116,1,10.116,61169,6,175,2017.4747716894976,2010,2017,0.15785116,-0.987462916
Buck Creek,23/06/2020,4.742,4.742,1,4.742,62265,6,175,2020.4762067395263,2046,2020,0.14894122117346678,-0.988846051
Buck Creek,24/06/2008,3.468,3.468,1,3.468,57883,6,176,2008.4789389799635,1902,2008,0.1319444169556886,-0.991257116
Buck Creek,25/06/2019,6.956,6.956,1,6.956,61901,6,177,2019.4802511415526,2034,2019,0.1237675520191849,-0.992311238
Buck Creek,26/06/2006,7.691,7.691,1,7.691,57154,6,178,2006.482991,1878,2006,0.10666820776393386,-0.994294671
Buck Creek,26/06/2007,2.712,2.712,1,2.712,57519,6,178,2007.482991,1890,2007,0.10666820776327707,-0.994294671
Buck Creek,26/06/2018,4.081,4.081,1,4.081,61537,6,178,2018.482991,2022,2018,0.10666820776328681,-0.994294671
Buck Creek,27/06/2006,15.074,15.074,1,15.074,57155,6,179,2006.4857305936073,1878,2006,0.089537255,-0.995983474
Buck Creek,27/06/2017,7.211,7.211,1,7.211,61173,6,179,2017.4857305936073,2010,2017,0.089537255,-0.995983474
Buck Creek,28/06/2005,3.893,3.893,1,3.893,56791,6,180,2005.4884703196346,1866,2005,0.072379771,-0.997377145
Buck Creek,28/06/2006,12.064,12.064,1,12.064,57156,6,180,2006.4884703196346,1878,2006,0.072379771,-0.997377145
Buck Creek,28/06/2008,8.356,8.356,1,8.356,57887,6,180,2008.4898679417122,1902,2008,0.063618607,-0.997974285
Buck Creek,28/06/2010,9.617,9.617,1,9.617,58617,6,180,2010.4884703196346,1926,2010,0.072379771,-0.997377145
Buck Creek,28/06/2013,8.579,8.579,1,8.579,59713,6,180,2013.4884703196346,1962,2013,0.072379771,-0.997377145
Buck Creek,28/06/2016,3.784,3.784,1,3.784,60809,6,180,2016.4898679417122,1998,2016,0.063618607,-0.997974285
Buck Creek,29/06/2004,3.352,3.352,1,3.352,56427,6,181,2004.4926001821493,1854,2004,0.046477677192857676,-0.998919329
Buck Creek,29/06/2008,9.198,9.198,1,9.198,57888,6,181,2008.4926001821493,1902,2008,0.046477677,-0.998919329
Buck Creek,29/06/2010,9,9,1,9,58618,6,181,2010.491210045662,1926,2010,0.055200839,-0.998475271
Buck Creek,03/06/2003,6.008,6.008,1,6.008,56035,6,155,2003.4199771689498,1842,2003,0.4818793768445147,-0.876237563
Buck Creek,03/06/2014,4.534,4.534,1,4.534,60053,6,155,2014.4199771689498,1974,2014,0.4818793768445233,-0.876237563
Buck Creek,30/06/2015,7.613,7.613,1,7.613,60445,6,182,2015.4939497716896,1986,2015,0.038005550332541826,-0.999277528
Buck Creek,04/06/2002,5.077,5.077,1,5.077,55671,6,156,2002.4227168949772,1830,2002,0.46672499197189415,-0.8844025
Buck Creek,04/06/2013,6.088,6.088,1,6.088,59689,6,156,2013.4227168949772,1962,2013,0.4667249919719028,-0.8844025
Buck Creek,05/06/2012,6.666,6.666,1,6.666,59325,6,157,2012.4270264116576,1950,2012,0.44260942795558705,-0.8967145
Buck Creek,05/06/2016,10.268,10.268,1,10.268,60786,6,157,2016.4270264116576,1998,2016,0.4426094279564799,-0.8967145
Buck Creek,05/06/2018,6.676,6.676,1,6.676,61516,6,157,2018.4254566210045,2022,2018,0.45143230641273835,-0.89230537
Buck Creek,06/06/2017,11.302,11.302,1,11.302,61152,6,158,2017.4281963470319,2010,2017,0.43600585171715067,-0.89994383
Buck Creek,06/06/2019,10.019,10.019,1,10.019,61882,6,158,2019.4281963470319,2034,2019,0.43600585171759876,-0.89994383
Buck Creek,07/06/2011,5.192,5.192,1,5.192,58961,6,159,2011.4309360730595,1938,2011,0.42045019907761333,-0.907315618
Buck Creek,08/06/2010,6.445,6.445,1,6.445,58597,6,160,2010.4336757990868,1926,2010,0.4047699579703277,-0.914418548
Buck Creek,08/06/2021,4.206,4.206,1,4.206,62615,6,160,2021.4336757990868,2058,2021,0.4047699579703367,-0.914418548
Buck Creek,09/06/2009,4.574,4.574,1,4.574,58233,6,161,2009.4364155251142,1914,2009,0.38896977479051564,-0.921250517
Buck Creek,09/06/2015,10.735,10.735,1,10.735,60424,6,161,2015.4364155251142,1986,2015,0.3889697747902159,-0.921250517
Buck Creek,09/06/2020,5.474,5.474,1,5.474,62251,6,161,2020.437955373406,2046,2020,0.38003846961068033,-0.924970681
Buck Creek,01/07/2003,3.896,3.896,1,3.896,56063,7,183,2003.496689497717,1843,2003,0.020798999410293572,-0.999783677
Buck Creek,01/07/2013,9.097,9.097,1,9.097,59716,7,183,2013.496689497717,1963,2013,0.020798999410963786,-0.999783677
Buck Creek,01/07/2014,5.465,5.465,1,5.465,60081,7,183,2014.496689497717,1975,2014,0.020798999,-0.999783677
Buck Creek,01/07/2017,12.234,12.234,1,12.234,61177,7,183,2017.496689497717,2011,2017,0.020798999410140715,-0.999783677
Buck Creek,10/07/2007,4.512,4.512,1,4.512,57533,7,192,2007.5213470319634,1891,2007,-0.133725557,-0.991018403
Buck Creek,10/07/2009,7.315,7.315,1,7.315,58264,7,192,2009.5213470319634,1915,2009,-0.133725557,-0.991018403
Buck Creek,10/07/2018,5.028,5.028,1,5.028,61551,7,192,2018.5213470319634,2023,2018,-0.133725557,-0.991018403
Buck Creek,11/07/2006,4.327,4.327,1,4.327,57169,7,193,2006.524086757991,1879,2006,-0.150764497,-0.988569707
Buck Creek,11/07/2009,10.933,10.933,1,10.933,58265,7,193,2009.524086757991,1915,2009,-0.150764497,-0.988569707
Buck Creek,11/07/2017,6.068,6.068,1,6.068,61187,7,193,2017.524086757991,2011,2017,-0.150764497,-0.988569707
Buck Creek,11/07/2021,10.17,10.17,1,10.17,62648,7,193,2021.524086757991,2059,2021,-0.150764497,-0.988569707
Buck Creek,12/07/2005,11.389,11.389,1,11.389,56805,7,194,2005.5268264840183,1867,2005,-0.167758762,-0.985828077
Buck Creek,12/07/2009,11.267,11.267,1,11.267,58266,7,194,2009.5268264840183,1915,2009,-0.167758762,-0.985828077
Buck Creek,12/07/2016,6.5,6.5,1,6.5,60823,7,194,2016.5281193078324,1999,2016,-0.175761072,-0.984432855
Buck Creek,13/07/2004,3.931,3.931,1,3.931,56441,7,195,2004.5308515482695,1855,2004,-0.192634272,-0.981270624
Buck Creek,13/07/2005,6.836,6.836,1,6.836,56806,7,195,2005.5295662100457,1867,2005,-0.184703317,-0.982794325
Buck Creek,13/07/2009,8.58,8.58,1,8.58,58267,7,195,2009.5295662100457,1915,2009,-0.184703317,-0.982794325
Buck Creek,13/07/2020,13.99,13.99,1,13.99,62285,7,195,2020.5308515482695,2047,2020,-0.192634272,-0.981270624
Buck Creek,14/07/2005,8.519,8.519,1,8.519,56807,7,196,2005.532305936073,1867,2005,-0.20159314,-0.979469349
Buck Creek,14/07/2015,5.008,5.008,1,5.008,60459,7,196,2015.532305936073,1987,2015,-0.20159314,-0.979469349
Buck Creek,14/07/2021,12.811,12.811,1,12.811,62651,7,196,2021.532305936073,2059,2021,-0.20159314,-0.979469349
Buck Creek,15/07/2003,3.584,3.584,1,3.584,56077,7,197,2003.5350456621004,1843,2003,-0.218423226,-0.975854136
Buck Creek,15/07/2005,6.857,6.857,1,6.857,56808,7,197,2005.5350456621004,1867,2005,-0.218423226,-0.975854136
Buck Creek,15/07/2014,5.137,5.137,1,5.137,60095,7,197,2014.5350456621004,1975,2014,-0.218423226,-0.975854136
Buck Creek,16/07/2002,4.44,4.44,1,4.44,55713,7,198,2002.5377853881278,1831,2002,-0.235188589,-0.971949756
Buck Creek,16/07/2010,7.384,7.384,1,7.384,58635,7,198,2010.5377853881278,1927,2010,-0.235188589,-0.971949756
Buck Creek,16/07/2013,6.002,6.002,1,6.002,59731,7,198,2013.5377853881278,1963,2013,-0.235188589,-0.971949756
Buck Creek,17/07/2012,4.969,4.969,1,4.969,59367,7,199,2012.5417805100183,1951,2012,-0.259509904,-0.965740446
Buck Creek,18/07/2021,12.32,12.32,1,12.32,62655,7,200,2021.5432648401827,2059,2021,-0.268505294,-0.963278209
Buck Creek,19/07/2011,5.412,5.412,1,5.412,59003,7,201,2011.546005,1939,2011,-0.285046763,-0.958513611
Buck Creek,02/07/2002,5.119,5.119,1,5.119,55699,7,184,2002.4994292237443,1831,2002,0.003586285,-0.999993569
Buck Creek,02/07/2013,10.922,10.922,1,10.922,59717,7,184,2013.4994292237443,1963,2013,0.003586285,-0.999993569
Buck Creek,20/07/2008,8.817,8.817,1,8.817,57909,7,202,2008.5499772313296,1903,2008,-0.308880933,-0.951100714
Buck Creek,20/07/2010,5.246,5.246,1,5.246,58639,7,202,2010.5487442922374,1927,2010,-0.301503766,-0.953464986
Buck Creek,20/07/2021,8.753,8.753,1,8.753,62657,7,202,2021.5487442922374,2059,2021,-0.301503766,-0.953464986
Buck Creek,21/07/2008,9.708,9.708,1,9.708,57910,7,203,2008.5527094717668,1903,2008,-0.325162327,-0.945658216
Buck Creek,21/07/2009,4.895,4.895,1,4.895,58275,7,203,2009.5514840182648,1915,2009,-0.317871427,-0.948133828
Buck Creek,21/07/2020,7.71,7.71,1,7.71,62293,7,203,2020.5527094717668,2047,2020,-0.325162327,-0.945658216
Buck Creek,22/07/2008,7.512,7.512,1,7.512,57911,7,204,2008.555441712204,1903,2008,-0.341347895,-0.939937027
Buck Creek,23/07/2012,4.733,4.733,1,4.733,59373,7,205,2012.5581739526413,1951,2012,-0.357432865,-0.933938835
Buck Creek,23/07/2019,8.431,8.431,1,8.431,61929,7,205,2019.5569634703197,2035,2019,-0.350319351,-0.936630318
Buck Creek,24/07/2007,4.74,4.74,1,4.74,57547,7,206,2007.559703196347,1891,2007,-0.366389999,-0.930461374
Buck Creek,24/07/2012,9.481,9.481,1,9.481,59374,7,206,2012.5609061930784,1951,2012,-0.373412499,-0.927665406
Buck Creek,24/07/2018,4.068,4.068,1,4.068,61565,7,206,2018.559703196347,2023,2018,-0.366389999,-0.930461374
Buck Creek,25/07/2017,6.258,6.258,1,6.258,61201,7,207,2017.5624429223744,2011,2017,-0.382352077,-0.924016715
Buck Creek,26/07/2005,4.174,4.174,1,4.174,56819,7,208,2005.5651826484018,1867,2005,-0.398200857,-0.917298249
Buck Creek,26/07/2006,6.245,6.245,1,6.245,57184,7,208,2006.5651826484018,1879,2006,-0.398200857,-0.917298249
Buck Creek,26/07/2012,9.978,9.978,1,9.978,59376,7,208,2012.5663706739526,1951,2012,-0.40503695,-0.914300317
Buck Creek,26/07/2016,3.443,3.443,1,3.443,60837,7,208,2016.5663706739526,1999,2016,-0.40503695,-0.914300317
Buck Creek,27/07/2004,6.547,6.547,1,6.547,56455,7,209,2004.5691029143898,1855,2004,-0.420672447,-0.907212595
Buck Creek,27/07/2005,9.257,9.257,1,9.257,56820,7,209,2005.5679223744291,1867,2005,-0.41393164,-0.910307968
Buck Creek,27/07/2012,10.21,10.21,1,10.21,59377,7,209,2012.5691029143898,1951,2012,-0.420672447,-0.907212595
Buck Creek,27/07/2014,5.263,5.263,1,5.263,60107,7,209,2014.5679223744291,1975,2014,-0.41393164,-0.910307968
Buck Creek,28/07/2005,8.98,8.98,1,8.98,56821,7,210,2005.5706621004567,1867,2005,-0.429539767,-0.903047944
Buck Creek,28/07/2006,8.274,8.274,1,8.274,57186,7,210,2006.5706621004567,1879,2006,-0.429539767,-0.903047944
Buck Creek,28/07/2014,11.698,11.698,1,11.698,60108,7,210,2014.5706621004567,1975,2014,-0.429539767,-0.903047944
Buck Creek,28/07/2015,4.438,4.438,1,4.438,60473,7,210,2015.5706621004567,1987,2015,-0.429539767,-0.903047944
Buck Creek,29/07/2003,4.158,4.158,1,4.158,56091,7,211,2003.573401826484,1843,2003,-0.445020612,-0.895520326
Buck Creek,29/07/2006,9.589,9.589,1,9.589,57187,7,211,2006.573401826484,1879,2006,-0.445020612,-0.895520326
Buck Creek,29/07/2014,11.226,11.226,1,11.226,60109,7,211,2014.573401826484,1975,2014,-0.445020612,-0.895520326
Buck Creek,03/07/2012,4.573,4.573,1,4.573,59353,7,185,2012.503529143898,1951,2012,-0.022172448,-0.999754161
Buck Creek,03/07/2021,11.093,11.093,1,11.093,62640,7,185,2021.5021689497717,2059,2021,-0.013627492,-0.999907141
Buck Creek,30/07/2002,3.928,3.928,1,3.928,55727,7,212,2002.5761415525114,1831,2002,-0.460369588,-0.887727347
Buck Creek,30/07/2013,5.305,5.305,1,5.305,59745,7,212,2013.5761415525114,1963,2013,-0.460369588,-0.887727347
Buck Creek,31/07/2009,8.611,8.611,1,8.611,58285,7,213,2009.5788812785388,1915,2009,-0.475582146,-0.879671315
Buck Creek,31/07/2012,5.755,5.755,1,5.755,59381,7,213,2012.5800318761385,1951,2012,-0.481929174,-0.876210175
Buck Creek,05/07/2011,6.353,6.353,1,6.353,58989,7,187,2011.5076484018264,1939,2011,-0.048037831,-0.998845517
Buck Creek,06/07/2010,4.724,4.724,1,4.724,58625,7,188,2010.510388127854,1927,2010,-0.065224197,-0.997870635
Buck Creek,06/07/2018,9.068,9.068,1,9.068,61547,7,188,2018.510388127854,2023,2018,-0.065224197,-0.997870635
Buck Creek,06/07/2021,10.361,10.361,1,10.361,62643,7,188,2021.510388127854,2059,2021,-0.065224197,-0.997870635
Buck Creek,07/07/2009,6.541,6.541,1,6.541,58261,7,189,2009.5131278538813,1915,2009,-0.082391236,-0.996600062
Buck Creek,07/07/2020,4.804,4.804,1,4.804,62279,7,189,2020.5144581056466,2047,2020,-0.090718062,-0.995876615
Buck Creek,08/07/2008,4.248,4.248,1,4.248,57897,7,190,2008.5171903460837,1903,2008,-0.107800241,-0.994172575
Buck Creek,08/07/2021,9.362,9.362,1,9.362,62645,7,190,2021.5158675799087,2059,2021,-0.099533861,-0.995034176
Buck Creek,09/07/2016,12.484,12.484,1,12.484,60820,7,191,2016.519922586521,1999,2016,-0.124850651,-0.992175546
Buck Creek,09/07/2019,5.287,5.287,1,5.287,61915,7,191,2019.518607305936,2035,2019,-0.116646992,-0.993173439
Buck Creek,09/07/2021,15.274,15.274,1,15.274,62646,7,191,2021.518607305936,2059,2021,-0.116646992,-0.993173439
Buck Creek,10/08/2004,4.019,4.019,1,4.019,56469,8,223,2004.607354,1856,2004,-0.624527846,-0.781002541
Buck Creek,10/08/2017,7.618,7.618,1,7.618,61217,8,223,2017.6062785388128,2012,2017,-0.619234758,-0.785205906
Buck Creek,11/08/2009,11.988,11.988,1,11.988,58296,8,224,2009.6090182648402,1916,2009,-0.632659041,-0.77443046
Buck Creek,11/08/2015,8.156,8.156,1,8.156,60487,8,224,2015.6090182648402,1988,2015,-0.632659041,-0.77443046
Buck Creek,12/08/2003,7.3,7.3,1,7.3,56105,8,225,2003.6117579908675,1844,2003,-0.645895853,-0.763425535
Buck Creek,12/08/2004,8.662,8.662,1,8.662,56471,8,225,2004.6128187613842,1856,2004,-0.650969714,-0.759103703
Buck Creek,12/08/2009,9.946,9.946,1,9.946,58297,8,225,2009.6117579908675,1916,2009,-0.645895853,-0.763425535
Buck Creek,12/08/2014,4.397,4.397,1,4.397,60123,8,225,2014.6117579908675,1976,2014,-0.645895853,-0.763425535
Buck Creek,13/08/2004,9.374,9.374,1,9.374,56472,8,226,2004.6155510018216,1856,2004,-0.663904816,-0.747817086
Buck Creek,13/08/2013,5.503,5.503,1,5.503,59759,8,226,2013.614497716895,1964,2013,-0.658941272,-0.75219439
Buck Creek,14/08/2002,3.373,3.373,1,3.373,55742,8,227,2002.6172374429225,1832,2002,-0.671791433,-0.740740353
Buck Creek,14/08/2004,8.738,8.738,1,8.738,56473,8,227,2004.6182832422587,1856,2004,-0.676644263,-0.736310085
Buck Creek,14/08/2012,4.846,4.846,1,4.846,59395,8,227,2012.6182832422587,1952,2012,-0.676644263,-0.736310085
Buck Creek,15/08/2018,2.854,2.854,1,2.854,61587,8,228,2018.6199771689498,2024,2018,-0.684442527,-0.729066819
Buck Creek,16/08/2011,10.584,10.584,1,10.584,59031,8,229,2011.6227168949772,1940,2011,-0.696890806,-0.717177247
Buck Creek,16/08/2016,11.526,11.526,1,11.526,60858,8,229,2016.623747723133,2000,2016,-0.701521231,-0.712648555
Buck Creek,17/08/2010,5.833,5.833,1,5.833,58667,8,230,2010.6254566210046,1928,2010,-0.709132582,-0.70507516
Buck Creek,17/08/2018,5.41,5.41,1,5.41,61589,8,230,2018.6254566210046,2024,2018,-0.709132582,-0.70507516
Buck Creek,17/08/2021,12.397,12.397,1,12.397,62685,8,230,2021.6254566210046,2060,2021,-0.709132582,-0.70507516
Buck Creek,18/08/2008,7.213,7.213,1,7.213,57938,8,231,2008.6292122040072,1904,2008,-0.725571293,-0.688147004
Buck Creek,18/08/2009,5.688,5.688,1,5.688,58303,8,231,2009.628196347032,1916,2009,-0.721164226,-0.692764144
Buck Creek,18/08/2020,4.085,4.085,1,4.085,62321,8,231,2020.6292122040072,2048,2020,-0.725571293,-0.688147004
Buck Creek,18/08/2021,15.172,15.172,1,15.172,62686,8,231,2021.628196347032,2060,2021,-0.721164226,-0.692764144
Buck Creek,19/08/2008,10.696,10.696,1,10.696,57939,8,232,2008.6319444444443,1904,2008,-0.737277337,-0.675590208
Buck Creek,19/08/2021,14.55,14.55,1,14.55,62687,8,232,2021.6309360730593,2060,2021,-0.732982174,-0.680247847
Buck Creek,02/08/2009,9.007,9.007,1,9.007,58287,8,215,2009.5843607305935,1916,2009,-0.505580021,-0.862779718
Buck Creek,02/08/2011,4.458,4.458,1,4.458,59017,8,215,2011.5843607305935,1940,2011,-0.505580021,-0.862779718
Buck Creek,20/08/2019,6.42,6.42,1,6.42,61957,8,233,2019.6336757990869,2036,2019,-0.744582923,-0.667529977
Buck Creek,21/08/2007,3.78,3.78,1,3.78,57575,8,234,2007.6364155251142,1892,2007,-0.755963036,-0.654614305
Buck Creek,21/08/2018,5.606,5.606,1,5.606,61593,8,234,2018.6364155251142,2024,2018,-0.755963036,-0.654614305
Buck Creek,22/08/2006,4.32,4.32,1,4.32,57211,8,235,2006.6391552511416,1880,2006,-0.767119141,-0.641504655
Buck Creek,22/08/2010,8.736,8.736,1,8.736,58672,8,235,2010.6391552511416,1928,2010,-0.767119141,-0.641504655
Buck Creek,22/08/2017,7.105,7.105,1,7.105,61229,8,235,2017.6391552511416,2012,2017,-0.767119141,-0.641504655
Buck Creek,23/08/2010,9.078,9.078,1,9.078,58673,8,236,2010.641894977169,1928,2010,-0.778047932,-0.628204915
Buck Creek,23/08/2016,7.114,7.114,1,7.114,60865,8,236,2016.642873406193,2000,2016,-0.78189519,-0.623409907
Buck Creek,24/08/2004,6.418,6.418,1,6.418,56483,8,237,2004.6456056466302,1856,2004,-0.792481636,-0.609895775
Buck Creek,24/08/2005,3.671,3.671,1,3.671,56848,8,237,2005.6446347031963,1868,2005,-0.788746171,-0.614719023
Buck Creek,25/08/2015,4.594,4.594,1,4.594,60501,8,238,2015.6473744292236,1988,2015,-0.799210687,-0.601050977
Buck Creek,26/08/2003,3.473,3.473,1,3.473,56119,8,239,2003.6501141552512,1844,2003,-0.80943838,-0.587204827
Buck Creek,26/08/2014,6.644,6.644,1,6.644,60137,8,239,2014.6501141552512,1976,2014,-0.80943838,-0.587204827
Buck Creek,27/08/2002,3.494,3.494,1,3.494,55755,8,240,2002.6528538812786,1832,2002,-0.819426219,-0.573184675
Buck Creek,27/08/2013,7.546,7.546,1,7.546,59773,8,240,2013.6528538812786,1964,2013,-0.819426219,-0.573184675
Buck Creek,28/08/2011,11.717,11.717,1,11.717,59043,8,241,2011.655593607306,1940,2011,-0.829171244,-0.558994676
Buck Creek,28/08/2012,8.374,8.374,1,8.374,59409,8,241,2012.656534608379,1952,2012,-0.832461779,-0.554082472
Buck Creek,29/08/2004,7.908,7.908,1,7.908,56488,8,242,2004.659266848816,1856,2004,-0.841850677,-0.539710514
Buck Creek,29/08/2011,10.157,10.157,1,10.157,59044,8,242,2011.6583333333333,1940,2011,-0.838670568,-0.544639035
Buck Creek,03/08/2009,8.501,8.501,1,8.501,58288,8,216,2009.587100456621,1916,2009,-0.520356448,-0.853949159
Buck Creek,03/08/2010,3.714,3.714,1,3.714,58653,8,216,2010.587100456621,1928,2010,-0.520356448,-0.853949159
Buck Creek,03/08/2021,7.572,7.572,1,7.572,62671,8,216,2021.587100456621,2060,2021,-0.520356448,-0.853949159
Buck Creek,30/08/2004,10.031,10.031,1,10.031,56489,8,243,2004.6619990892532,1856,2004,-0.850991477,-0.5251795
Buck Creek,30/08/2011,9.154,9.154,1,9.154,59045,8,243,2011.6610730593607,1940,2011,-0.847921376,-0.530122006
Buck Creek,31/08/2004,9.881,9.881,1,9.881,56490,8,244,2004.6647313296903,1856,2004,-0.859881485,-0.510493713
Buck Creek,31/08/2005,10.5,10.5,1,10.5,56855,8,244,2005.663812785388,1868,2005,-0.856920926,-0.51544789
Buck Creek,31/08/2010,4.451,4.451,1,4.451,58681,8,244,2010.663812785388,1928,2010,-0.856920926,-0.51544789
Buck Creek,31/08/2021,6.697,6.697,1,6.697,62699,8,244,2021.663812785388,2060,2021,-0.856920926,-0.51544789
Buck Creek,04/08/2009,7.889,7.889,1,7.889,58289,8,217,2009.5898401826485,1916,2009,-0.534978683,-0.844865557
Buck Creek,04/08/2017,10.209,10.209,1,10.209,61211,8,217,2017.5898401826485,2012,2017,-0.534978683,-0.844865557
Buck Creek,04/08/2020,8.068,8.068,1,8.068,62307,8,217,2020.590960837887,2048,2020,-0.540914311,-0.841077707
Buck Creek,05/08/2008,5.424,5.424,1,5.424,57925,8,218,2008.5936930783241,1904,2008,-0.555272823,-0.831668259
Buck Creek,05/08/2020,10.465,10.465,1,10.465,62308,8,218,2020.5936930783241,2048,2020,-0.555272823,-0.831668259
Buck Creek,06/08/2019,4.318,4.318,1,4.318,61943,8,219,2019.5953196347032,2036,2019,-0.563743289,-0.825950061
Buck Creek,07/08/2007,4.884,4.884,1,4.884,57561,8,220,2007.5980593607305,1892,2007,-0.577877137,-0.816123774
Buck Creek,07/08/2018,5.188,5.188,1,5.188,61579,8,220,2018.5980593607305,2024,2018,-0.577877137,-0.816123774
Buck Creek,08/08/2003,8.288,8.288,1,8.288,56101,8,221,2003.600799086758,1844,2003,-0.591839747,-0.806055652
Buck Creek,08/08/2006,4.804,4.804,1,4.804,57197,8,221,2006.600799086758,1880,2006,-0.591839747,-0.806055652
Buck Creek,08/08/2017,8.585,8.585,1,8.585,61215,8,221,2017.600799086758,2012,2017,-0.591839747,-0.806055652
Buck Creek,09/08/2003,10.818,10.818,1,10.818,56102,8,222,2003.6035388127855,1844,2003,-0.605626983,-0.795748677
Buck Creek,09/08/2005,3.728,3.728,1,3.728,56833,8,222,2005.6035388127855,1868,2005,-0.605626983,-0.795748677
Buck Creek,09/08/2016,4.314,4.314,1,4.314,60851,8,222,2016.6046220400729,2000,2016,-0.611028873,-0.79160831
Buck Creek,01/09/2005,9.428,9.428,1,9.428,56856,9,245,2005.6665525114156,1869,2005,-0.865666552,-0.500621035
Buck Creek,01/09/2009,7.932,7.932,1,7.932,58317,9,245,2009.6665525114156,1917,2009,-0.865666552,-0.500621035
Buck Creek,01/09/2020,4.283,4.283,1,4.283,62335,9,245,2020.6674635701274,2049,2020,-0.868518083,-0.495657481
Buck Creek,10/09/2002,2.921,2.921,1,2.921,55769,9,254,2002.691210045662,1833,2002,-0.932548416,-0.361044945
Buck Creek,10/09/2006,8.15,8.15,1,8.15,57230,9,254,2006.691210045662,1881,2006,-0.932548416,-0.361044945
Buck Creek,10/09/2013,5.089,5.089,1,5.089,59787,9,254,2013.691210045662,1965,2013,-0.932548416,-0.361044945
Buck Creek,11/09/2012,4.776,4.776,1,4.776,59423,9,255,2012.6947859744992,1953,2012,-0.940424397,-0.340002874
Buck Creek,11/09/2018,10.02,10.02,1,10.02,61614,9,255,2018.6939497716894,2025,2018,-0.938625044,-0.344939165
Buck Creek,13/09/2011,5.941,5.941,1,5.941,59059,9,257,2011.6994292237443,1941,2011,-0.949942177,-0.312425767
Buck Creek,14/09/2010,4.163,4.163,1,4.163,58695,9,258,2010.7021689497717,1929,2010,-0.955179329,-0.296027785
Buck Creek,14/09/2021,5.684,5.684,1,5.684,62713,9,258,2021.7021689497717,2061,2021,-0.955179329,-0.296027785
Buck Creek,15/09/2009,3.929,3.929,1,3.929,58331,9,259,2009.704908675799,1917,2009,-0.960133441,-0.279542083
Buck Creek,15/09/2020,3.667,3.667,1,3.667,62349,9,259,2020.7057149362477,2049,2020,-0.961537242,-0.274674593
Buck Creek,16/09/2008,4.87,4.87,1,4.87,57967,9,260,2008.7084471766848,1905,2008,-0.966110712,-0.258128053
Buck Creek,17/09/2019,4.634,4.634,1,4.634,61985,9,261,2019.7103881278538,2037,2019,-0.969186755,-0.246327086
Buck Creek,18/09/2007,3.612,3.612,1,3.612,57603,9,262,2007.7131278538814,1893,2007,-0.973283276,-0.229607634
Buck Creek,18/09/2018,4.158,4.158,1,4.158,61621,9,262,2018.7131278538814,2025,2018,-0.973283276,-0.229607634
Buck Creek,19/09/2006,4.636,4.636,1,4.636,57239,9,263,2006.7158675799087,1881,2006,-0.977091391,-0.212820143
Buck Creek,19/09/2017,5.692,5.692,1,5.692,61257,9,263,2017.7158675799087,2013,2017,-0.977091391,-0.212820143
Buck Creek,02/09/2008,3.672,3.672,1,3.672,57953,9,246,2008.6701958105646,1905,2008,-0.876898725,-0.480675177
Buck Creek,02/09/2014,5.512,5.512,1,5.512,60144,9,246,2014.669292237443,1977,2014,-0.874155662,-0.485645836
Buck Creek,02/09/2019,12.043,12.043,1,12.043,61970,9,246,2019.669292237443,2037,2019,-0.874155662,-0.485645836
Buck Creek,20/09/2005,3.779,3.779,1,3.779,56875,9,264,2005.718607305936,1869,2005,-0.980609973,-0.195969589
Buck Creek,20/09/2016,4.23,4.23,1,4.23,60893,9,264,2016.7193761384335,2001,2016,-0.981545202,-0.191230272
Buck Creek,21/09/2004,2.568,2.568,1,2.568,56511,9,265,2004.7221083788706,1857,2004,-0.984683291,-0.174352565
Buck Creek,22/09/2015,4.087,4.087,1,4.087,60529,9,266,2015.7240867579908,1989,2015,-0.986774454,-0.162099282
Buck Creek,23/09/2002,8.587,8.587,1,8.587,55782,9,267,2002.7268264840184,1833,2002,-0.989418525,-0.145089565
Buck Creek,23/09/2003,7.244,7.244,1,7.244,56147,9,267,2003.7268264840184,1845,2003,-0.989418525,-0.145089565
Buck Creek,23/09/2014,6.988,6.988,1,6.988,60165,9,267,2014.7268264840184,1977,2014,-0.989418525,-0.145089565
Buck Creek,23/09/2019,10.892,10.892,1,10.892,61991,9,267,2019.7268264840184,2037,2019,-0.989418525,-0.145089565
Buck Creek,24/09/2002,4.464,4.464,1,4.464,55783,9,268,2002.7295662100457,1833,2002,-0.991769411,-0.128036855
Buck Creek,24/09/2013,4.914,4.914,1,4.914,59801,9,268,2013.7295662100457,1965,2013,-0.991769411,-0.128036855
Buck Creek,25/09/2012,6.19,6.19,1,6.19,59437,9,269,2012.7330373406194,1953,2012,-0.994325776,-0.10637787
Buck Creek,27/09/2002,9.356,9.356,1,9.356,55786,9,271,2002.7377853881278,1833,2002,-0.99705642,-0.076671352
Buck Creek,27/09/2003,5.17,5.17,1,5.17,56151,9,271,2003.7377853881278,1845,2003,-0.99705642,-0.076671352
Buck Creek,27/09/2011,7.202,7.202,1,7.202,59073,9,271,2011.7377853881278,1941,2011,-0.99705642,-0.076671352
Buck Creek,28/09/2002,9.815,9.815,1,9.815,55787,9,272,2002.7405251141552,1833,2002,-0.998228466,-0.059497305
Buck Creek,28/09/2003,10.352,10.352,1,10.352,56152,9,272,2003.7405251141552,1845,2003,-0.998228466,-0.059497305
Buck Creek,28/09/2010,6.616,6.616,1,6.616,58709,9,272,2010.7405251141552,1929,2010,-0.998228466,-0.059497305
Buck Creek,28/09/2021,7.776,7.776,1,7.776,62727,9,272,2021.7405251141552,2061,2021,-0.998228466,-0.059497305
Buck Creek,29/09/2003,8.632,8.632,1,8.632,56153,9,273,2003.7432648401827,1845,2003,-0.999104716,-0.042305628
Buck Creek,29/09/2009,9.287,9.287,1,9.287,58345,9,273,2009.7432648401827,1917,2009,-0.999104716,-0.042305628
Buck Creek,29/09/2020,4.242,4.242,1,4.242,62363,9,273,2020.7439663023679,2049,2020,-0.99928147,-0.03790176
Buck Creek,03/09/2014,8.57,8.57,1,8.57,60145,9,247,2014.6720319634703,1977,2014,-0.882385741,-0.47052673
Buck Creek,03/09/2019,10.531,10.531,1,10.531,61971,9,247,2019.6720319634703,2037,2019,-0.882385741,-0.47052673
Buck Creek,30/09/2008,4.008,4.008,1,4.008,57981,9,274,2008.746698542805,1905,2008,-0.999784858,-0.02074218
Buck Creek,30/09/2010,12.541,12.541,1,12.541,58711,9,274,2010.746005,1929,2010,-0.99968491,-0.025101414
Buck Creek,30/09/2015,5.819,5.819,1,5.819,60537,9,274,2015.746005,1989,2015,-0.99968491,-0.025101414
Buck Creek,30/09/2020,10.026,10.026,1,10.026,62364,9,274,2020.746698542805,2049,2020,-0.999784858,-0.02074218
Buck Creek,04/09/2007,3.06,3.06,1,3.06,57589,9,248,2007.6747716894977,1893,2007,-0.89035435,-0.455268196
Buck Creek,04/09/2018,4.34,4.34,1,4.34,61607,9,248,2018.6747716894977,2025,2018,-0.89035435,-0.455268196
Buck Creek,05/09/2006,3.734,3.734,1,3.734,57225,9,249,2006.677511415525,1881,2006,-0.898059128,-0.439874757
Buck Creek,05/09/2017,10.51,10.51,1,10.51,61243,9,249,2017.677511415525,2013,2017,-0.898059128,-0.439874757
Buck Creek,06/09/2005,4.804,4.804,1,4.804,56861,9,250,2005.6802511415526,1869,2005,-0.905497792,-0.424350973
Buck Creek,06/09/2016,3.694,3.694,1,3.694,60879,9,250,2016.6811247723133,2001,2016,-0.907813479,-0.419374161
Buck Creek,07/09/2004,3.971,3.971,1,3.971,56497,9,251,2004.6838570127504,1857,2004,-0.914878826,-0.40372854
Buck Creek,08/09/2015,4.09,4.09,1,4.09,60515,9,252,2015.6857305936073,1989,2015,-0.919568039,-0.39293081
Buck Creek,09/09/2003,3.007,3.007,1,3.007,56133,9,253,2003.6884703196347,1845,2003,-0.926195453,-0.377043741
Buck Creek,09/09/2004,8.774,8.774,1,8.774,56499,9,253,2004.6893214936247,1857,2004,-0.92819866,-0.372085001
Buck Creek,09/09/2006,7.614,7.614,1,7.614,57229,9,253,2006.6884703196347,1881,2006,-0.926195453,-0.377043741
Buck Creek,09/09/2007,6.9,6.9,1,6.9,57594,9,253,2007.6884703196347,1893,2007,-0.926195453,-0.377043741
Buck Creek,09/09/2014,4.639,4.639,1,4.639,60151,9,253,2014.6884703196347,1977,2014,-0.926195453,-0.377043741
North Buck Creek,10/01/2006,13.439,13.439,1,13.439,56987,1,10,2006.0254566210047,1873,2006,0.15926752913192363,0.9872354603458143
North Buck Creek,10/01/2017,15.688,15.688,1,15.688,61005,1,10,2017.0254566210047,2005,2017,0.15926752913191394,0.9872354603458159
North Buck Creek,11/01/2005,13.136,13.136,1,13.136,56623,1,11,2005.028196347032,1861,2005,0.1762375675177652,0.9843476620561564
North Buck Creek,12/01/2016,18.865,18.865,1,18.865,60641,1,12,2016.0308515482695,1993,2016,0.19263427207034825,0.9812706238464123
North Buck Creek,12/01/2018,16.769,16.769,1,16.769,61372,1,12,2018.0309360730594,2017,2018,0.19315538290719636,0.9811681803105797
North Buck Creek,12/01/2020,19.954,19.954,1,19.954,62102,1,12,2020.0308515482695,2041,2020,0.19263427206937117,0.981270624
North Buck Creek,13/01/2004,2.728,2.728,1,2.728,56259,1,13,2004.0335837887067,1849,2004,0.20945070207604388,0.9778192079315339
North Buck Creek,13/01/2015,16.111,16.111,1,16.111,60277,1,13,2015.0336757990867,1981,2015,0.21001596219016216,0.9776979572574244
North Buck Creek,14/01/2003,12.673,12.673,1,12.673,55895,1,14,2003.036415525114,1837,2003,0.22681430920876247,0.9739380211995792
North Buck Creek,14/01/2014,14.844,14.844,1,14.844,59913,1,14,2014.036415525114,1969,2014,0.22681430920875292,0.9739380211995814
North Buck Creek,15/01/2013,18.689,18.689,1,18.689,59549,1,15,2013.0391552511417,1957,2013,0.24354544625601157,0.9698894862859171
North Buck Creek,17/01/2012,15.428,15.428,1,15.428,59185,1,17,2012.0445127504554,1945,2012,0.2760498840634312,0.9611433095582397
North Buck Creek,18/01/2011,13.394,13.394,1,13.394,58821,1,18,2011.0473744292237,1933,2011,0.2932861279575387,0.9560247105319372
North Buck Creek,19/01/2010,13.83,13.83,1,13.83,58457,1,19,2010.050114155251,1921,2010,0.3096990682893374,0.9508346265785215
North Buck Creek,02/01/2013,13.828,13.828,1,13.828,59536,1,2,2013.0035388127853,1957,2013,0.022233184391712187,0.9997528122049991
North Buck Creek,20/01/2009,13.721,13.721,1,13.721,58093,1,20,2009.0528538812785,1909,2009,0.3260202381033452,0.94536279
North Buck Creek,21/01/2020,17.1,17.1,1,17.1,62111,1,21,2020.055441712204,2041,2020,0.3413478948111453,0.939937027
North Buck Creek,21/01/2021,18.038,18.038,1,18.038,62477,1,21,2021.055593607306,2053,2021,0.34224480108593847,0.9396108216328962
North Buck Creek,22/01/2002,11.73,11.73,1,11.73,55538,1,22,2002.0583333333334,1825,2002,0.3583679495455675,0.9335804264970992
North Buck Creek,22/01/2008,13.296,13.296,1,13.296,57729,1,22,2008.0581739526413,1897,2008,0.3574328653696521,0.9339388345890968
North Buck Creek,22/01/2019,17.753,17.753,1,17.753,61747,1,22,2019.0583333333334,2029,2019,0.3583679495458621,0.9335804264969861
North Buck Creek,23/01/2007,14.772,14.772,1,14.772,57365,1,23,2007.0610730593608,1885,2007,0.3743849058470606,0.9272733913328299
North Buck Creek,23/01/2018,14.993,14.993,1,14.993,61383,1,23,2018.0610730593608,2017,2018,0.3743849058470515,0.9272733913328336
North Buck Creek,24/01/2006,15.016,15.016,1,15.016,57001,1,24,2006.063812785388,1873,2006,0.39029092382245334,0.9206915850499644
North Buck Creek,25/01/2005,11.437,11.437,1,11.437,56637,1,25,2005.0665525114155,1861,2005,0.40608129017394523,0.9138369579802866
North Buck Creek,25/01/2017,16.592,16.592,1,16.592,61020,1,25,2017.0665525114155,2005,2017,0.4060812901728777,0.913836958
North Buck Creek,26/01/2016,16.165,16.165,1,16.165,60655,1,26,2016.0691029143898,1993,2016,0.420672447,0.9072125947259663
North Buck Creek,27/01/2004,2.306,2.306,1,2.306,56273,1,27,2004.0718351548269,1849,2004,0.43618397087158384,0.8998575129178493
North Buck Creek,27/01/2015,16.138,16.138,1,16.138,60291,1,27,2015.0720319634704,1981,2015,0.4372963875554076,0.8993174464175543
North Buck Creek,28/01/2003,10.554,10.554,1,10.554,55909,1,28,2003.0747716894978,1837,2003,0.4527118688794147,0.8916568643686357
North Buck Creek,28/01/2014,13.312,13.312,1,13.312,59927,1,28,2014.0747716894978,1969,2014,0.45271186887940595,0.8916568643686401
North Buck Creek,29/01/2013,15.124,15.124,1,15.124,59563,1,29,2013.0775114155251,1957,2013,0.4679932019063279,0.8837320651472724
North Buck Creek,03/01/2012,16.85,16.85,1,16.85,59171,1,3,2012.0062613843352,1945,2012,0.03933129,0.9992262254342382
North Buck Creek,31/01/2012,15.172,15.172,1,15.172,59199,1,31,2012.0827641165756,1945,2012,0.49689947379780774,0.8678081083623624
North Buck Creek,04/01/2011,15.155,15.155,1,15.155,58807,1,4,2011.0090182648403,1933,2011,0.056633112,0.9983950573897034
North Buck Creek,05/01/2010,13.699,13.699,1,13.699,58443,1,5,2010.0117579908676,1921,2010,0.073810451,0.9972722884605321
North Buck Creek,05/01/2021,18.055,18.055,1,18.055,62461,1,5,2021.0117579908676,2053,2021,0.073810451,0.9972722884605327
North Buck Creek,06/01/2009,15.706,15.706,1,15.706,58079,1,6,2009.014497716895,1909,2009,0.090965918,0.995854006
North Buck Creek,07/01/2020,17.546,17.546,1,17.546,62097,1,7,2020.0171903460837,2041,2020,0.10780024132269872,0.9941725745416476
North Buck Creek,08/01/2002,11.035,11.035,1,11.035,55524,1,8,2002.0199771689497,1825,2002,0.12519091171478103,0.9921326703742912
North Buck Creek,08/01/2008,14.232,14.232,1,14.232,57715,1,8,2008.019922586521,1897,2008,0.12485065095763347,0.9921755464409789
North Buck Creek,08/01/2019,19.385,19.385,1,19.385,61733,1,8,2019.0199771689497,2029,2019,0.1251909117150941,0.9921326703742517
North Buck Creek,09/01/2007,16.056,16.056,1,16.056,57351,1,9,2007.022716894977,1885,2007,0.1422502963381232,0.9898307194625332
North Buck Creek,09/01/2018,15.497,15.497,1,15.497,61369,1,9,2018.022716894977,2017,2018,0.1422502963381135,0.9898307194625346
North Buck Creek,01/10/2019,20.849,20.849,1,20.849,61999,10,275,2019.7487442922375,2038,2020,-0.999968875,-0.007889763
North Buck Creek,11/10/2007,19.748,19.748,1,19.748,57626,10,285,2007.7761415525115,1894,2008,-0.986540904,0.1635146598827358
North Buck Creek,11/10/2011,20.352,20.352,1,20.352,59087,10,285,2011.7761415525115,1942,2012,-0.986540904,0.16351466
North Buck Creek,11/10/2018,27.552,27.552,1,27.552,61644,10,285,2018.7761415525115,2026,2019,-0.986540904,0.16351465988272615
North Buck Creek,12/10/2007,17.983,17.983,1,17.983,57627,10,286,2007.7788812785388,1894,2008,-0.983580102,0.180472113
North Buck Creek,12/10/2010,17.868,17.868,1,17.868,58723,10,286,2010.7788812785388,1930,2011,-0.983580102,0.180472113
North Buck Creek,13/10/2002,11.472,11.472,1,11.472,55802,10,287,2002.7816210045662,1834,2003,-0.980327843,0.19737608907703622
North Buck Creek,13/10/2009,19.406,19.406,1,19.406,58359,10,287,2009.7816210045662,1918,2010,-0.980327843,0.19737608907621954
North Buck Creek,13/10/2020,20.051,20.051,1,20.051,62377,10,287,2020.782217668488,2050,2021,-0.979581002,0.20104989350024952
North Buck Creek,14/10/2008,16.418,16.418,1,16.418,57995,10,288,2008.7849499089252,1906,2009,-0.97598537,0.21783607884643422
North Buck Creek,15/10/2003,19.735,19.735,1,19.735,56169,10,289,2003.787100456621,1846,2004,-0.972952898,0.2310035884211028
North Buck Creek,15/10/2019,21.499,21.499,1,21.499,62013,10,289,2019.787100456621,2038,2020,-0.972952898,0.23100358842076715
North Buck Creek,16/10/2002,14.949,14.949,1,14.949,55805,10,290,2002.7898401826485,1834,2003,-0.968832398,0.24771714750857268
North Buck Creek,16/10/2007,16.128,16.128,1,16.128,57631,10,290,2007.7898401826485,1894,2008,-0.968832398,0.24771714750824794
North Buck Creek,16/10/2011,20.671,20.671,1,20.671,59092,10,290,2011.7898401826485,1942,2012,-0.968832398,0.24771714750728324
North Buck Creek,16/10/2014,20.233,20.233,1,20.233,60188,10,290,2014.7898401826485,1978,2015,-0.968832398,0.24771714750744087
North Buck Creek,16/10/2018,24.004,24.004,1,24.004,61649,10,290,2018.7898401826485,2026,2019,-0.968832398,0.24771714750823845
North Buck Creek,16/10/2019,19.554,19.554,1,19.554,62014,10,290,2019.7898401826485,2038,2020,-0.968832398,0.24771714750711613
North Buck Creek,17/10/2002,18.038,18.038,1,18.038,55806,10,291,2002.7925799086759,1834,2003,-0.964424811,0.26435730265617213
North Buck Creek,17/10/2006,16.284,16.284,1,16.284,57267,10,291,2006.7925799086759,1882,2007,-0.964424811,0.2643573026552118
North Buck Creek,17/10/2013,18.595,18.595,1,18.595,59824,10,291,2013.7925799086759,1966,2014,-0.964424811,0.26435730265616264
North Buck Creek,17/10/2017,21.925,21.925,1,21.925,61285,10,291,2017.7925799086759,2014,2018,-0.964424811,0.26435730265520235
North Buck Creek,17/10/2019,22.526,22.526,1,22.526,62015,10,291,2019.7925799086759,2038,2020,-0.964424811,0.26435730265647644
North Buck Creek,18/10/2004,14.882,14.882,1,14.882,56538,10,292,2004.795878870674,1858,2005,-0.958738433,0.2842896701442167
North Buck Creek,18/10/2005,19.201,19.201,1,19.201,56903,10,292,2005.7953196347032,1870,2006,-0.959731445,0.2809191230298604
North Buck Creek,18/10/2016,24.432,24.432,1,24.432,60921,10,292,2016.795878870674,2002,2017,-0.958738433,0.28428967014484063
North Buck Creek,19/10/2007,16.795,16.795,1,16.795,57634,10,293,2007.7980593607306,1894,2008,-0.954753689,0.2973977010057762
North Buck Creek,02/10/2007,13.176,13.176,1,13.176,57617,10,276,2007.7514840182648,1894,2008,-0.999956528,0.009324227
North Buck Creek,02/10/2018,19.838,19.838,1,19.838,61635,10,276,2018.7514840182648,2026,2019,-0.999956528,0.009324227
North Buck Creek,20/10/2015,19.807,19.807,1,19.807,60557,10,294,2015.800799086758,1990,2016,-0.94949302,0.31378815362309287
North Buck Creek,21/10/2002,15.281,15.281,1,15.281,55810,10,295,2002.8035388127853,1834,2003,-0.943950995,0.3300856240390409
North Buck Creek,21/10/2003,18.52,18.52,1,18.52,56175,10,295,2003.8035388127853,1846,2004,-0.943950995,0.33008562403966446
North Buck Creek,21/10/2014,19.391,19.391,1,19.391,60193,10,295,2014.8035388127853,1978,2015,-0.943950995,0.3300856240396552
North Buck Creek,22/10/2001,15.004,15.004,1,15.004,55446,10,296,2001.8062785388129,1822,2002,-0.938129257,0.34628528296307565
North Buck Creek,22/10/2007,18.582,18.582,1,18.582,57637,10,296,2007.8062785388129,1894,2008,-0.938129257,0.34628528296167443
North Buck Creek,22/10/2013,16.204,16.204,1,16.204,59829,10,296,2013.8062785388129,1966,2014,-0.938129257,0.3462852829619797
North Buck Creek,23/10/2005,17.497,17.497,1,17.497,56908,10,297,2005.8090182648402,1870,2006,-0.932029531,0.3623823300822866
North Buck Creek,23/10/2007,19.96,19.96,1,19.96,57638,10,297,2007.8090182648402,1894,2008,-0.932029531,0.3623823300818226
North Buck Creek,23/10/2012,20.155,20.155,1,20.155,59465,10,297,2012.8095400728598,1954,2013,-0.930836411,0.36543614430732857
North Buck Creek,24/10/2005,18.664,18.664,1,18.664,56909,10,298,2005.8117579908676,1870,2006,-0.925653625,0.3783719954954811
North Buck Creek,24/10/2007,9.163,9.163,1,9.163,57639,10,298,2007.8117579908676,1894,2008,-0.925653625,0.37837199549502026
North Buck Creek,24/10/2017,22.052,22.052,1,22.052,61292,10,298,2017.8117579908676,2014,2018,-0.925653625,0.3783719954943997
North Buck Creek,25/10/2005,17.852,17.852,1,17.852,56910,10,299,2005.814497716895,1870,2006,-0.919003427,0.3942495411204847
North Buck Creek,25/10/2011,18.672,18.672,1,18.672,59101,10,299,2011.814497716895,1942,2012,-0.919003427,0.39424954112078375
North Buck Creek,26/10/2003,15.954,15.954,1,15.954,56180,10,300,2003.8172374429223,1846,2004,-0.912080909,0.4100102620983178
North Buck Creek,26/10/2010,19.006,19.006,1,19.006,58737,10,300,2010.8172374429223,1930,2011,-0.912080909,0.41001026209921704
North Buck Creek,27/10/2003,19.35,19.35,1,19.35,56181,10,301,2003.8199771689497,1846,2004,-0.904888122,0.4256494881879452
North Buck Creek,27/10/2007,20.404,20.404,1,20.404,57642,10,301,2007.8199771689497,1894,2008,-0.904888122,0.4256494881870442
North Buck Creek,27/10/2009,17.952,17.952,1,17.952,58373,10,301,2009.8199771689497,1918,2010,-0.904888122,0.42564948818659365
North Buck Creek,28/10/2003,19.655,19.655,1,19.655,56182,10,302,2003.8227168949772,1846,2004,-0.897427197,0.44116258514793977
North Buck Creek,28/10/2008,19.232,19.232,1,19.232,58009,10,302,2008.8232012750454,1906,2009,-0.896080386,0.44389181233697667
North Buck Creek,28/10/2018,24.464,24.464,1,24.464,61661,10,302,2018.8227168949772,2026,2019,-0.897427197,0.4411625851470374
North Buck Creek,28/10/2020,19.414,19.414,1,19.414,62392,10,302,2020.8232012750454,2050,2021,-0.896080386,0.44389181233592984
North Buck Creek,29/10/2003,20.023,20.023,1,20.023,56183,10,303,2003.8254566210046,1846,2004,-0.889700345,0.45654495611125334
North Buck Creek,29/10/2015,21.965,21.965,1,21.965,60566,10,303,2015.8254566210046,1990,2016,-0.889700345,0.4565449561118323
North Buck Creek,29/10/2018,24.692,24.692,1,24.692,61662,10,303,2018.8254566210046,2026,2019,-0.889700345,0.4565449561103587
North Buck Creek,29/10/2019,22.504,22.504,1,22.504,62027,10,303,2019.8254566210046,2038,2020,-0.889700345,0.4565449561109464
North Buck Creek,03/10/2006,18.744,18.744,1,18.744,57253,10,277,2006.7542237442922,1882,2007,-0.999647873,0.026535453021780592
North Buck Creek,03/10/2017,23.004,23.004,1,23.004,61271,10,277,2017.7542237442922,2014,2018,-0.999647873,0.026535453021770794
North Buck Creek,30/10/2005,16.957,16.957,1,16.957,56915,10,304,2005.828196347032,1870,2006,-0.881709855,0.471792043
North Buck Creek,30/10/2007,18.552,18.552,1,18.552,57645,10,304,2007.828196347032,1894,2008,-0.881709855,0.4717920429517631
North Buck Creek,30/10/2017,23.216,23.216,1,23.216,61298,10,304,2017.828196347032,2014,2018,-0.881709855,0.471792043
North Buck Creek,30/10/2018,23.158,23.158,1,23.158,61663,10,304,2018.828196347032,2026,2019,-0.881709855,0.4717920429517544
North Buck Creek,31/10/2006,19.368,19.368,1,19.368,57281,10,305,2006.8309360730593,1882,2007,-0.873458096,0.4868993276265441
North Buck Creek,31/10/2013,16.726,16.726,1,16.726,59838,10,305,2013.8309360730593,1966,2014,-0.873458096,0.48689932762740523
North Buck Creek,31/10/2017,23.785,23.785,1,23.785,61299,10,305,2017.8309360730593,2014,2018,-0.873458096,0.48689932762653554
North Buck Creek,04/10/2005,16.596,16.596,1,16.596,56889,10,278,2005.7569634703195,1870,2006,-0.999043,0.043738816
North Buck Creek,04/10/2016,18.15,18.15,1,18.15,60907,10,278,2016.7576275045537,2002,2017,-0.998851816,0.047906680885944276
North Buck Creek,05/10/2004,2.67,2.67,1,2.67,56525,10,279,2004.7603597449909,1858,2005,-0.997882251,0.065046241
North Buck Creek,06/10/2015,17.428,17.428,1,17.428,60543,10,280,2015.7624429223745,1990,2016,-0.996945407,0.078101567
North Buck Creek,07/10/2003,18.338,18.338,1,18.338,56161,10,281,2003.7651826484018,1846,2004,-0.995453309,0.095250772
North Buck Creek,07/10/2005,15.542,15.542,1,15.542,56892,10,281,2005.7651826484018,1870,2006,-0.995453309,0.095250772
North Buck Creek,07/10/2013,20.741,20.741,1,20.741,59814,10,281,2013.7651826484018,1966,2014,-0.995453309,0.095250772
North Buck Creek,07/10/2014,19.776,19.776,1,19.776,60179,10,281,2014.7651826484018,1978,2015,-0.995453309,0.095250772
North Buck Creek,08/10/2001,14.629,14.629,1,14.629,55432,10,282,2001.7679223744292,1822,2002,-0.993666236,0.11237175161602116
North Buck Creek,08/10/2002,11.73,11.73,1,11.73,55797,10,282,2002.7679223744292,1834,2003,-0.993666236,0.11237175161487006
North Buck Creek,08/10/2005,21.517,21.517,1,21.517,56893,10,282,2005.7679223744292,1870,2006,-0.993666236,0.11237175161503173
North Buck Creek,08/10/2013,21.797,21.797,1,21.797,59815,10,282,2013.7679223744292,1966,2014,-0.993666236,0.11237175161486032
North Buck Creek,09/10/2005,20.1,20.1,1,20.1,56894,10,283,2005.7706621004565,1870,2006,-0.991584719,0.12945943335626814
North Buck Creek,09/10/2012,18.806,18.806,1,18.806,59451,10,283,2012.7712887067396,1954,2013,-0.991067343,0.1333623716483536
North Buck Creek,01/11/2005,18.686,18.686,1,18.686,56917,11,306,2005.8336757990867,1871,2006,-0.864947512,0.5018623335239997
North Buck Creek,01/11/2013,19.058,19.058,1,19.058,59839,11,306,2013.8336757990867,1967,2014,-0.864947512,0.5018623335238505
North Buck Creek,01/11/2016,18.884,18.884,1,18.884,60935,11,306,2016.8341302367942,2003,2017,-0.863511012,0.504329983
North Buck Creek,10/11/2005,19.469,19.469,1,19.469,56926,11,315,2005.8583333333333,1871,2006,-0.777145961,0.6293203910500316
North Buck Creek,10/11/2009,16.392,16.392,1,16.392,58387,11,315,2009.8583333333333,1919,2010,-0.777145961,0.6293203910492577
North Buck Creek,10/11/2020,19.499,19.499,1,19.499,62405,11,315,2020.8587204007285,2051,2021,-0.775613147,0.6312085596103304
North Buck Creek,12/11/2008,15.354,15.354,1,15.354,58024,11,317,2008.864184881603,1907,2009,-0.753488152,0.6574614851757388
North Buck Creek,13/11/2007,15.072,15.072,1,15.072,57659,11,318,2007.8665525114154,1895,2008,-0.743624574,0.6685974072687687
North Buck Creek,14/11/2006,18.9,18.9,1,18.9,57295,11,319,2006.869292237443,1883,2007,-0.732005593,0.6812986219861227
North Buck Creek,14/11/2017,18.318,18.318,1,18.318,61313,11,319,2017.869292237443,2015,2018,-0.732005593,0.6812986219861156
North Buck Creek,14/11/2018,20.702,20.702,1,20.702,61678,11,319,2018.869292237443,2027,2019,-0.732005593,0.6812986219865991
North Buck Creek,14/11/2019,20.322,20.322,1,20.322,62043,11,319,2019.869292237443,2039,2020,-0.732005593,0.6812986219870826
North Buck Creek,15/11/2005,16.001,16.001,1,16.001,56931,11,320,2005.8720319634704,1871,2006,-0.720169702,0.6937979532181462
North Buck Creek,15/11/2016,17.488,17.488,1,17.488,60949,11,320,2016.8723816029144,2003,2017,-0.718643796,0.6953783821522957
North Buck Creek,16/11/2004,12.833,12.833,1,12.833,56567,11,321,2004.8751138433515,1859,2005,-0.706600808,0.7076123929302613
North Buck Creek,16/11/2020,20.826,20.826,1,20.826,62411,11,321,2020.8751138433515,2051,2021,-0.706600808,0.707612393
North Buck Creek,17/11/2015,18.628,18.628,1,18.628,60585,11,322,2015.877511415525,1991,2016,-0.695861287,0.718176211
North Buck Creek,18/11/2003,16.148,16.148,1,16.148,56203,11,323,2003.8802511415524,1847,2004,-0.683395964,0.7300479134646732
North Buck Creek,18/11/2013,18.036,18.036,1,18.036,59856,11,323,2013.8802511415524,1967,2014,-0.683395964,0.7300479134642152
North Buck Creek,18/11/2014,16.698,16.698,1,16.698,60221,11,323,2014.8802511415524,1979,2015,-0.683395964,0.7300479134646666
North Buck Creek,19/11/2002,12.78,12.78,1,12.78,55839,11,324,2002.882991,1835,2003,-0.670728137,0.7417032871179106
North Buck Creek,19/11/2013,20.128,20.128,1,20.128,59857,11,324,2013.882991,1967,2014,-0.670728137,0.741703287
North Buck Creek,02/11/2003,19.88,19.88,1,19.88,56187,11,307,2003.8364155251143,1847,2004,-0.856180625,0.516676627
North Buck Creek,02/11/2004,16.108,16.108,1,16.108,56553,11,307,2004.8368624772313,1859,2005,-0.854726277,0.519078984
North Buck Creek,02/11/2013,23.986,23.986,1,23.986,59840,11,307,2013.8364155251143,1967,2014,-0.856180625,0.5166766267813682
North Buck Creek,20/11/2001,11.389,11.389,1,11.389,55475,11,325,2001.8857305936074,1823,2002,-0.657861559,0.7531388780798987
North Buck Creek,20/11/2012,15.77,15.77,1,15.77,59493,11,325,2012.8860428051003,1955,2013,-0.656382874,0.7544279437540033
North Buck Creek,22/11/2011,15.324,15.324,1,15.324,59129,11,327,2011.891210045662,1943,2012,-0.631547456,0.7753372236102533
North Buck Creek,23/11/2010,15.29,15.29,1,15.29,58765,11,328,2010.8939497716894,1931,2011,-0.61810773,0.7860934003305128
North Buck Creek,24/11/2009,15.851,15.851,1,15.851,58401,11,329,2009.8966894977168,1919,2010,-0.604484845,0.7966166406098609
North Buck Creek,24/11/2020,19.096,19.096,1,19.096,62419,11,329,2020.8969717668488,2051,2021,-0.603071056,0.7976874708304298
North Buck Creek,25/11/2008,14.64,14.64,1,14.64,58037,11,330,2008.899704007286,1907,2009,-0.589288826,0.8079224463670097
North Buck Creek,26/11/2019,17.568,17.568,1,17.568,62055,11,331,2019.9021689497717,2039,2020,-0.576705799,0.8169519087470286
North Buck Creek,27/11/2007,16.116,16.116,1,16.116,57673,11,332,2007.904908675799,1895,2008,-0.56255787,0.8267579108245247
North Buck Creek,27/11/2018,18.196,18.196,1,18.196,61691,11,332,2018.904908675799,2027,2019,-0.56255787,0.8267579108245191
North Buck Creek,28/11/2006,16.788,16.788,1,16.788,57309,11,333,2006.9076484018265,1883,2007,-0.548243242,0.8363189266891342
North Buck Creek,28/11/2017,17.374,17.374,1,17.374,61327,11,333,2017.9076484018265,2015,2018,-0.548243242,0.8363189266891289
North Buck Creek,29/11/2005,16.13,16.13,1,16.13,56945,11,334,2005.9103881278538,1871,2006,-0.533766159,0.8456321232075391
North Buck Creek,29/11/2016,16.103,16.103,1,16.103,60963,11,334,2016.9106329690346,2003,2017,-0.532464622,0.8464522587617322
North Buck Creek,03/11/2015,18.266,18.266,1,18.266,60571,11,308,2015.8391552511416,1991,2016,-0.847160034,0.5313378176031364
North Buck Creek,30/11/2004,16.997,16.997,1,16.997,56581,11,335,2004.9133652094717,1859,2005,-0.517855683,0.8554679953621867
North Buck Creek,04/11/2003,20.047,20.047,1,20.047,56189,11,309,2003.841894977169,1847,2004,-0.837888411,0.5458415615622024
North Buck Creek,04/11/2014,18.078,18.078,1,18.078,60207,11,309,2014.841894977169,1979,2015,-0.837888411,0.5458415615621942
North Buck Creek,05/11/2002,12.179,12.179,1,12.179,55825,11,310,2002.8446347031963,1835,2003,-0.828368504,0.5601835608848308
North Buck Creek,05/11/2008,18.214,18.214,1,18.214,58017,11,310,2008.845059198543,1907,2009,-0.826871447,0.5623909760610671
North Buck Creek,05/11/2013,18.746,18.746,1,18.746,59843,11,310,2013.8446347031963,1967,2014,-0.828368504,0.5601835608848227
North Buck Creek,05/11/2020,18.379,18.379,1,18.379,62400,11,310,2020.845059198543,2051,2021,-0.826871447,0.5623909760601012
North Buck Creek,06/11/2001,14.36,14.36,1,14.36,55461,11,311,2001.8473744292237,1823,2002,-0.818603133,0.5743595657301355
North Buck Creek,06/11/2005,16.74,16.74,1,16.74,56922,11,311,2005.8473744292237,1871,2006,-0.818603133,0.5743595657308094
North Buck Creek,06/11/2012,16.106,16.106,1,16.106,59479,11,311,2012.847791,1955,2013,-0.817095417,0.576502454
North Buck Creek,06/11/2017,20.544,20.544,1,20.544,61305,11,311,2017.8473744292237,2015,2018,-0.818603133,0.5743595657298531
North Buck Creek,08/11/2011,16.426,16.426,1,16.426,59115,11,313,2011.8528538812786,1943,2012,-0.798347647,0.6021968397924963
North Buck Creek,09/11/2005,16.019,16.019,1,16.019,56925,11,314,2005.855593607306,1871,2006,-0.787863535,0.6158498602227747
North Buck Creek,09/11/2010,16.283,16.283,1,16.283,58751,11,314,2010.855593607306,1931,2011,-0.787863535,0.6158498602239437
North Buck Creek,01/12/2015,15.864,15.864,1,15.864,60599,12,336,2015.9158675799088,1992,2016,-0.504341829,0.8635040936504781
North Buck Creek,10/12/2019,17.976,17.976,1,17.976,62069,12,345,2019.9405251141552,2040,2020,-0.36505486,0.930986009
North Buck Creek,11/12/2007,14.052,14.052,1,14.052,57687,12,346,2007.9432648401826,1896,2008,-0.348975379,0.9371318929228584
North Buck Creek,11/12/2018,18.794,18.794,1,18.794,61705,12,346,2018.9432648401826,2028,2019,-0.348975379,0.9371318929228549
North Buck Creek,12/12/2006,15.564,15.564,1,15.564,57323,12,347,2006.9460045662101,1884,2007,-0.33279249,0.943000084
North Buck Creek,12/12/2017,17.628,17.628,1,17.628,61341,12,347,2017.9460045662101,2016,2018,-0.33279249,0.9430000842118148
North Buck Creek,13/12/2005,14.605,14.605,1,14.605,56959,12,348,2005.9487442922375,1872,2006,-0.316510987,0.9485888442242066
North Buck Creek,13/12/2016,17.207,17.207,1,17.207,60977,12,348,2016.9488843351548,2004,2017,-0.315676186,0.9488669799198814
North Buck Creek,14/12/2004,17.131,17.131,1,17.131,56595,12,349,2004.951616575592,1860,2005,-0.299341107,0.9541461636976958
North Buck Creek,15/12/2015,18.605,18.605,1,18.605,60613,12,350,2015.9542237442922,1992,2016,-0.283671466,0.9589215294303582
North Buck Creek,16/12/2003,16.211,16.211,1,16.211,56231,12,351,2003.9569634703196,1848,2004,-0.267123179,0.9636623928268501
North Buck Creek,16/12/2014,15.864,15.864,1,15.864,60249,12,351,2014.9569634703196,1980,2015,-0.267123179,0.9636623928268475
North Buck Creek,17/12/2002,11.87,11.87,1,11.87,55867,12,352,2002.959703196347,1836,2003,-0.250495738,0.9681177022583405
North Buck Creek,17/12/2013,16.348,16.348,1,16.348,59885,12,352,2013.959703196347,1968,2014,-0.250495738,0.968117702
North Buck Creek,18/12/2012,17.518,17.518,1,17.518,59521,12,353,2012.9625455373407,1956,2013,-0.23316714,0.9724366738777056
North Buck Creek,19/12/2001,12.962,12.962,1,12.962,55504,12,354,2001.9651826484019,1824,2002,-0.217023122,0.9761664634184622
North Buck Creek,02/12/2003,16.16,16.16,1,16.16,56217,12,337,2003.9186073059361,1848,2004,-0.489403302,0.872057572
North Buck Creek,02/12/2014,17.332,17.332,1,17.332,60235,12,337,2014.9186073059361,1980,2015,-0.489403302,0.8720575717241232
North Buck Creek,20/12/2011,16.087,16.087,1,16.087,59157,12,355,2011.9679223744292,1944,2012,-0.200187867,0.97975753
North Buck Creek,21/12/2010,15.282,15.282,1,15.282,58793,12,356,2010.9706621004566,1932,2011,-0.183293292,0.9830582735300798
North Buck Creek,22/12/2009,15.228,15.228,1,15.228,58429,12,357,2009.973401826484,1920,2010,-0.166344403,0.9860677155524509
North Buck Creek,22/12/2020,17.243,17.243,1,17.243,62447,12,357,2020.9734744990892,2052,2021,-0.165894132,0.9861435681770354
North Buck Creek,23/12/2008,16.02,16.02,1,16.02,58065,12,358,2008.9762067395263,1908,2009,-0.148941221,0.988846051
North Buck Creek,23/12/2019,17.866,17.866,1,17.866,62082,12,358,2019.9761415525113,2040,2020,-0.149346222,0.9887849644299406
North Buck Creek,26/12/2006,14.724,14.724,1,14.724,57337,12,361,2006.9843607305936,1884,2007,-0.098106366,0.9951759347176669
North Buck Creek,26/12/2007,15.972,15.972,1,15.972,57702,12,361,2007.9843607305936,1896,2008,-0.098106366,0.9951759347177316
North Buck Creek,26/12/2017,17.027,17.027,1,17.027,61355,12,361,2017.9843607305936,2016,2018,-0.098106366,0.9951759347176659
North Buck Creek,27/12/2005,14.792,14.792,1,14.792,56973,12,362,2005.987100456621,1872,2006,-0.080961512,0.9967172284752742
North Buck Creek,27/12/2016,17.394,17.394,1,17.394,60991,12,362,2016.987135701275,2004,2017,-0.080740789,0.996735133
North Buck Creek,28/12/2004,14.107,14.107,1,14.107,56609,12,363,2004.9898679417122,1860,2005,-0.063618607,0.9979742846477391
North Buck Creek,03/12/2002,12.648,12.648,1,12.648,55853,12,338,2002.9213470319635,1836,2003,-0.474319754,0.8803526403178549
North Buck Creek,03/12/2013,16.246,16.246,1,16.246,59871,12,338,2013.9213470319635,1968,2014,-0.474319754,0.8803526403178502
North Buck Creek,30/12/2014,18.235,18.235,1,18.235,60263,12,365,2014.9953196347033,1980,2015,-0.029403364,0.9995676276198895
North Buck Creek,30/12/2015,18.227,18.227,1,18.227,60628,12,365,2015.9953196347033,1992,2016,-0.029403364,0.9995676276198554
North Buck Creek,31/12/2003,16.111,16.111,1,16.111,56246,12,366,2003.9980593607306,1848,2004,-0.012193094,0.9999256614662911
North Buck Creek,31/12/2013,17.047,17.047,1,17.047,59899,12,366,2013.9980593607306,1968,2014,-0.012193094,0.9999256614662829
North Buck Creek,04/12/2001,14.332,14.332,1,14.332,55489,12,339,2001.9240867579908,1824,2002,-0.459095655,0.8883868414255699
North Buck Creek,04/12/2012,16.367,16.367,1,16.367,59507,12,339,2012.9242941712205,1956,2013,-0.457937505,0.8889843875417365
North Buck Creek,06/12/2011,16.381,16.381,1,16.381,59143,12,341,2011.9295662100456,1944,2012,-0.428243888,0.9036631963571925
North Buck Creek,07/12/2010,16.619,16.619,1,16.619,58779,12,342,2010.9323059360731,1932,2011,-0.412625363,0.9109008234679614
North Buck Creek,08/12/2009,15.076,15.076,1,15.076,58415,12,343,2009.9350456621005,1920,2010,-0.396884567,0.9178685310058767
North Buck Creek,08/12/2020,17.288,17.288,1,17.288,62433,12,343,2020.935223132969,2052,2021,-0.395860822,0.9183105192489365
North Buck Creek,09/12/2008,14.046,14.046,1,14.046,58051,12,344,2008.937955373406,1908,2009,-0.38003847,0.9249706814905138
North Buck Creek,01/02/2011,13.106,13.106,1,13.106,58835,2,32,2011.0857305936072,1934,2011,0.5129872361097009,0.858396235
North Buck Creek,10/02/2015,16.508,16.508,1,16.508,60305,2,41,2015.1103881278539,1982,2015,0.639301127,0.7689564804924075
North Buck Creek,11/02/2003,12.774,12.774,1,12.774,55923,2,42,2003.1131278538812,1838,2003,0.6524427295032891,0.7578380333015083
North Buck Creek,11/02/2014,14.24,14.24,1,14.24,59941,2,42,2014.1131278538812,1970,2014,0.6524427295032816,0.7578380333015147
North Buck Creek,12/02/2013,15.649,15.649,1,15.649,59577,2,43,2013.1158675799086,1958,2013,0.6653909990483694,0.7464950223446991
North Buck Creek,14/02/2012,13.795,13.795,1,13.795,59213,2,45,2012.1210154826958,1946,2012,0.6891842998520147,0.7245860893209919
North Buck Creek,15/02/2011,14.616,14.616,1,14.616,58849,2,46,2011.1240867579909,1934,2011,0.7030377352437575,0.7111525453960833
North Buck Creek,16/02/2010,13.465,13.465,1,13.465,58485,2,47,2010.1268264840182,1922,2010,0.7151748946621396,0.6989455415445452
North Buck Creek,17/02/2009,16.502,16.502,1,16.502,58121,2,48,2009.1295662100456,1910,2009,0.7271001323244869,0.6865314250445594
North Buck Creek,17/02/2021,17.686,17.686,1,17.686,62504,2,48,2021.1295662100456,2054,2021,0.7271001323236849,0.6865314250454089
North Buck Creek,18/02/2020,17.228,17.228,1,17.228,62139,2,49,2020.1319444444443,2042,2020,0.7372773368089377,0.675590208
North Buck Creek,19/02/2008,13.824,13.824,1,13.824,57757,2,50,2008.1346766848817,1898,2008,0.7487661015856865,0.6628343119635355
North Buck Creek,19/02/2019,18.257,18.257,1,18.257,61775,2,50,2019.1350456621005,2030,2019,0.7503007714044622,0.6610966286632152
North Buck Creek,02/02/2010,15.092,15.092,1,15.092,58471,2,33,2010.0884703196348,1922,2010,0.5276871116244882,0.849438822
North Buck Creek,20/02/2007,13.236,13.236,1,13.236,57393,2,51,2007.137785388128,1886,2007,0.7615692979704085,0.6480834856628112
North Buck Creek,20/02/2018,15.527,15.527,1,15.527,61411,2,51,2018.137785388128,2018,2018,0.7615692979704022,0.6480834856628186
North Buck Creek,21/02/2006,13.589,13.589,1,13.589,57029,2,52,2006.1405251141553,1874,2006,0.7726121551185422,0.6348783015374534
North Buck Creek,21/02/2017,17.518,17.518,1,17.518,61047,2,52,2017.1405251141553,2006,2017,0.772612155,0.6348783015374609
North Buck Creek,21/02/2018,17.057,17.057,1,17.057,61412,2,52,2018.1405251141553,2018,2018,0.7726121551189554,0.6348783015369506
North Buck Creek,22/02/2005,13.967,13.967,1,13.967,56665,2,53,2005.1432648401826,1862,2005,0.7834260706107699,0.6214849892695471
North Buck Creek,23/02/2016,16.322,16.322,1,16.322,60683,2,54,2016.1456056466302,1994,2016,0.7924816360168938,0.6098957751747321
North Buck Creek,24/02/2004,13.334,13.334,1,13.334,56301,2,55,2004.1483378870673,1850,2004,0.8028345340208051,0.5962019045454289
North Buck Creek,24/02/2015,14.959,14.959,1,14.959,60319,2,55,2015.1487442922376,1982,2015,0.8043543278305223,0.5941499097873437
North Buck Creek,24/02/2017,18.946,18.946,1,18.946,61050,2,55,2017.1487442922376,2006,2017,0.8043543278313072,0.5941499097862811
North Buck Creek,25/02/2003,12.678,12.678,1,12.678,55937,2,56,2003.151484018265,1838,2003,0.8144624680644797,0.5802162425461013
North Buck Creek,25/02/2014,17.006,17.006,1,17.006,59955,2,56,2014.151484018265,1970,2014,0.8144624680644741,0.5802162425461093
North Buck Creek,26/02/2002,12.641,12.641,1,12.641,55573,2,57,2002.1542237442923,1826,2002,0.8243292654915952,0.5661106447101018
North Buck Creek,26/02/2013,15.798,15.798,1,15.798,59591,2,57,2013.1542237442923,1958,2013,0.8243292654915897,0.5661106447101099
North Buck Creek,28/02/2012,15.242,15.242,1,15.242,59227,2,59,2012.159266848816,1946,2012,0.8418506765072203,0.5397105135758756
North Buck Creek,03/02/2009,14.188,14.188,1,14.188,58107,2,34,2009.0912100456621,1910,2009,0.5422306220596748,0.8402297022248012
North Buck Creek,04/02/2020,16.912,16.912,1,16.912,62125,2,35,2020.0936930783241,2042,2020,0.5552728228538788,0.8316682585020814
North Buck Creek,04/02/2021,17.423,17.423,1,17.423,62491,2,35,2021.0939497716895,2054,2021,0.556613458,0.8307716043115854
North Buck Creek,05/02/2002,14.341,14.341,1,14.341,55552,2,36,2002.0966894977169,1826,2002,0.5708313570773224,0.821067331
North Buck Creek,05/02/2008,11.52,11.52,1,11.52,57743,2,36,2008.0964253187615,1898,2008,0.5694676937027459,0.8220137138934336
North Buck Creek,05/02/2019,16.513,16.513,1,16.513,61761,2,36,2019.0966894977169,2030,2019,0.5708313570775815,0.8210673308425849
North Buck Creek,06/02/2007,13.392,13.392,1,13.392,57379,2,37,2007.0994292237442,1886,2007,0.5848801066447641,0.8111197574040527
North Buck Creek,06/02/2018,17.111,17.111,1,17.111,61397,2,37,2018.0994292237442,2018,2018,0.5848801066447561,0.8111197574040585
North Buck Creek,07/02/2006,14.378,14.378,1,14.378,57015,2,38,2006.1021689497718,1874,2006,0.5987555436165372,0.8009318316738729
North Buck Creek,07/02/2017,16.476,16.476,1,16.476,61033,2,38,2017.1021689497718,2006,2017,0.5987555436165293,0.8009318316738787
North Buck Creek,08/02/2005,2.034,2.034,1,2.034,56651,2,39,2005.1049086757992,1862,2005,0.6124535563970517,0.7905065725574985
North Buck Creek,08/02/2019,16.483,16.483,1,16.483,61764,2,39,2019.1049086757992,2030,2019,0.6124535563957346,0.7905065725585189
North Buck Creek,09/02/2016,15.912,15.912,1,15.912,60669,2,40,2016.107354,1994,2016,0.6245278458976848,0.7810025414160939
North Buck Creek,01/03/2011,14.43,14.43,1,14.43,58863,3,61,2011.1624429223743,1935,2011,0.8524527262323313,0.522804313
North Buck Creek,10/03/2015,13.733,13.733,1,13.733,60333,3,70,2015.187100456621,1983,2015,0.9229159318793259,0.38500153594929404
North Buck Creek,11/03/2003,12.073,12.073,1,12.073,55951,3,71,2003.1898401826484,1839,2003,0.9294063604839008,0.3690580131795941
North Buck Creek,11/03/2014,15.528,15.528,1,15.528,59969,3,71,2014.1898401826484,1971,2014,0.9294063604838971,0.3690580131796032
North Buck Creek,11/03/2016,16.884,16.884,1,16.884,60700,3,71,2016.192053734062,1995,2016,0.9344492213625962,0.3560964092697899
North Buck Creek,11/03/2020,17.363,17.363,1,17.363,62161,3,71,2020.192053734062,2043,2020,0.9344492213622416,0.3560964092707204
North Buck Creek,12/03/2002,14.194,14.194,1,14.194,55587,3,72,2002.1925799086757,1827,2002,0.9356213859256182,0.35300513055566973
North Buck Creek,12/03/2010,12.944,12.944,1,12.944,58509,3,72,2010.1925799086757,1923,2010,0.9356213859255573,0.3530051305558311
North Buck Creek,12/03/2013,14.298,14.298,1,14.298,59605,3,72,2013.1925799086757,1959,2013,0.9356213859256147,0.3530051305556789
North Buck Creek,12/03/2021,16.35,16.35,1,16.35,62527,3,72,2021.1925799086757,2055,2021,0.9356213859255539,0.35300513055584026
North Buck Creek,13/03/2012,13.498,13.498,1,13.498,59241,3,73,2012.1975182149363,1947,2012,0.9461224242735367,0.3238091386708624
North Buck Creek,15/03/2011,16.31,16.31,1,16.31,58877,3,75,2011.200799086758,1935,2011,0.9525960381010729,0.3042380452772784
North Buck Creek,15/03/2019,15.226,15.226,1,15.226,61799,3,75,2019.200799086758,2031,2019,0.9525960381010204,0.3042380452774427
North Buck Creek,16/03/2002,13.259,13.259,1,13.259,55591,3,76,2002.2035388127854,1827,2002,0.9576918585483304,0.28779559425092777
North Buck Creek,16/03/2010,16.356,16.356,1,16.356,58513,3,76,2010.2035388127854,1923,2010,0.9576918585482808,0.28779559425109297
North Buck Creek,16/03/2021,19.417,19.417,1,19.417,62531,3,76,2021.2035388127854,2055,2021,0.957691859,0.28779559425110235
North Buck Creek,17/03/2009,14.129,14.129,1,14.129,58149,3,77,2009.2062785388127,1911,2009,0.9625038942291071,0.27126786317919016
North Buck Creek,17/03/2020,16.783,16.783,1,16.783,62167,3,77,2020.2084471766848,2043,2020,0.9661107121353693,0.25812805329388283
North Buck Creek,18/03/2008,12.948,12.948,1,12.948,57785,3,78,2008.2111794171221,1899,2008,0.970399465,0.24150544246854308
North Buck Creek,19/03/2019,18.611,18.611,1,18.611,61803,3,79,2019.2117579908677,2031,2019,0.9712709921653175,0.23797617481210084
North Buck Creek,02/03/2010,16.304,16.304,1,16.304,58499,3,62,2010.165182648402,1923,2010,0.8613256430002775,0.5080532813693447
North Buck Creek,02/03/2021,18.592,18.592,1,18.592,62517,3,62,2021.165182648402,2055,2021,0.8613256430002725,0.5080532813693531
North Buck Creek,20/03/2007,17.88,17.88,1,17.88,57421,3,80,2007.214497716895,1887,2007,0.9752234565406734,0.22122208256153209
North Buck Creek,20/03/2018,16.754,16.754,1,16.754,61439,3,80,2018.214497716895,2019,2018,0.9752234565406712,0.22122208256154163
North Buck Creek,20/03/2020,15.526,15.526,1,15.526,62170,3,80,2020.2166438979964,2043,2020,0.9781178469248067,0.20805162226519716
North Buck Creek,21/03/2006,12.538,12.538,1,12.538,57057,3,81,2006.2172374429224,1875,2006,0.978886941,0.20440243743354383
North Buck Creek,21/03/2017,17.43,17.43,1,17.43,61075,3,81,2017.2172374429224,2007,2017,0.978886941,0.20440243743355344
North Buck Creek,22/03/2005,13.344,13.344,1,13.344,56693,3,82,2005.2199771689498,1863,2005,0.98226036,0.18752222345197586
North Buck Creek,22/03/2016,15.93,15.93,1,15.93,60711,3,82,2016.2221083788706,1995,2016,0.9846832907370661,0.17435256506063396
North Buck Creek,23/03/2004,14.674,14.674,1,14.674,56329,3,83,2004.2248406193078,1851,2004,0.9875311890197997,0.15742347573707202
North Buck Creek,24/03/2015,14.328,14.328,1,14.328,60347,3,84,2015.2254566210045,1983,2015,0.9881330908333315,0.15360011328175258
North Buck Creek,25/03/2003,13.014,13.014,1,13.014,55965,3,85,2003.228196347032,1839,2003,0.9906306617086359,0.13656826894527935
North Buck Creek,25/03/2014,16.877,16.877,1,16.877,59983,3,85,2014.228196347032,1971,2014,0.9906306617086346,0.13656826894528906
North Buck Creek,26/03/2009,13.1,13.1,1,13.1,58158,3,86,2009.2309360730594,1911,2009,0.9928346873392034,0.11949595648416823
North Buck Creek,26/03/2013,16.776,16.776,1,16.776,59619,3,86,2013.2309360730594,1959,2013,0.9928346873393018,0.11949595648335089
North Buck Creek,26/03/2015,14.009,14.009,1,14.009,60349,3,86,2015.2309360730594,1983,2015,0.9928346873392423,0.11949595648384519
North Buck Creek,26/03/2021,18.27,18.27,1,18.27,62541,3,86,2021.2309360730594,2055,2021,0.9928346873392812,0.11949595648352214
North Buck Creek,27/03/2002,12.631,12.631,1,12.631,55602,3,87,2002.2336757990868,1827,2002,0.9947445146248542,0.10238823479171401
North Buck Creek,27/03/2009,12.542,12.542,1,12.542,58159,3,87,2009.2336757990868,1911,2009,0.994744515,0.10238823479254268
North Buck Creek,27/03/2012,15.883,15.883,1,15.883,59255,3,87,2012.2357695810565,1947,2012,0.9960053773474947,0.089293271
North Buck Creek,28/03/2016,16.26,16.26,1,16.26,60717,3,88,2016.2385018214936,1995,2016,0.9973914514089005,0.072182357
North Buck Creek,29/03/2003,14.326,14.326,1,14.326,55969,3,89,2003.2391552511415,1839,2003,0.997679398,0.06808685
North Buck Creek,29/03/2011,16.54,16.54,1,16.54,58891,3,89,2011.2391552511415,1935,2011,0.9976793978139632,0.06808685
North Buck Creek,29/03/2020,16.085,16.085,1,16.085,62179,3,89,2020.2412340619308,2043,2020,0.99848359,0.05505017
North Buck Creek,03/03/2009,15.108,15.108,1,15.108,58135,3,63,2009.1679223744293,1911,2009,0.8699433303903124,0.4931517027339678
North Buck Creek,03/03/2020,17.504,17.504,1,17.504,62153,3,63,2020.1701958105646,2043,2020,0.8768987249935736,0.48067517733355547
North Buck Creek,30/03/2002,12.541,12.541,1,12.541,55605,3,90,2002.2418949771688,1827,2002,0.9987035840483182,0.050903352
North Buck Creek,30/03/2003,14.827,14.827,1,14.827,55970,3,90,2003.2418949771688,1839,2003,0.9987035840483518,0.050903352
North Buck Creek,30/03/2010,14.987,14.987,1,14.987,58527,3,90,2010.2418949771688,1923,2010,0.9987035840483094,0.050903351648604586
North Buck Creek,30/03/2018,17.108,17.108,1,17.108,61449,3,90,2018.2418949771688,2019,2018,0.9987035840483006,0.050903352
North Buck Creek,30/03/2021,18.467,18.467,1,18.467,62545,3,90,2021.2418949771688,2055,2021,0.9987035840483088,0.050903352
North Buck Creek,31/03/2009,13.982,13.982,1,13.982,58163,3,91,2009.2446347031964,1911,2009,0.9994318328569636,0.033704769279292786
North Buck Creek,04/03/2008,13.188,13.188,1,13.188,57771,3,64,2008.172928051002,1899,2008,0.8850209405531022,0.46555121606811684
North Buck Creek,05/03/2019,17.996,17.996,1,17.996,61789,3,65,2019.173401826484,2031,2019,0.886402879,0.4629146099476839
North Buck Creek,06/03/2004,12.032,12.032,1,12.032,56312,3,66,2004.1783925318762,1851,2004,0.9004805956819838,0.43489619083204173
North Buck Creek,06/03/2007,14.016,14.016,1,14.016,57407,3,66,2007.1761415525114,1887,2007,0.8942398628970964,0.4475880557005315
North Buck Creek,06/03/2018,16.994,16.994,1,16.994,61425,3,66,2018.1761415525114,2019,2018,0.8942398628970921,0.4475880557005402
North Buck Creek,07/03/2006,12.101,12.101,1,12.101,57043,3,67,2006.1788812785387,1875,2006,0.9018118642257803,0.43212887145112494
North Buck Creek,07/03/2017,17.136,17.136,1,17.136,61061,3,67,2017.1788812785387,2007,2017,0.901811864,0.4321288714511338
North Buck Creek,08/03/2016,14.405,14.405,1,14.405,60697,3,68,2016.1838570127504,1995,2016,0.9148788259601516,0.40372853975137146
North Buck Creek,09/03/2004,13.897,13.897,1,13.897,56315,3,69,2004.1865892531875,1851,2004,0.9216745537103701,0.3879639378122534
North Buck Creek,09/03/2005,13.542,13.542,1,13.542,56680,3,69,2005.1843607305937,1863,2005,0.9161520233667043,0.40083097445318966
North Buck Creek,01/04/2008,12.18,12.18,1,12.18,57799,4,92,2008.2494307832424,1900,2008,0.9999936043508348,0.003576487
North Buck Creek,01/04/2016,16.825,16.825,1,16.825,60721,4,92,2016.2494307832424,1996,2016,0.9999936043508342,0.003576487
North Buck Creek,10/04/2011,14.826,14.826,1,14.826,58903,4,101,2011.2720319634702,1936,2011,0.9904337329667219,-0.137989205
North Buck Creek,10/04/2012,13.297,13.297,1,13.297,59269,4,101,2012.2740209471767,1948,2012,0.9886319642351306,-0.150355709
North Buck Creek,10/04/2015,13.124,13.124,1,13.124,60364,4,101,2015.2720319634702,1984,2015,0.9904337329668593,-0.137989205
North Buck Creek,11/04/2011,14.992,14.992,1,14.992,58904,4,102,2011.2747716894978,1936,2011,0.9879117321959704,-0.155017449
North Buck Creek,11/04/2017,15.982,15.982,1,15.982,61096,4,102,2017.2747716894978,2008,2017,0.987911732,-0.155017449
North Buck Creek,12/04/2008,15.394,15.394,1,15.394,57810,4,103,2008.279485428051,1900,2008,0.9828879476910668,-0.184204458
North Buck Creek,12/04/2011,15.138,15.138,1,15.138,58905,4,103,2011.2775114155252,1936,2011,0.9850969918583674,-0.171999758
North Buck Creek,12/04/2021,20.767,20.767,1,20.767,62558,4,103,2021.2775114155252,2056,2021,0.9850969918581698,-0.171999758
North Buck Creek,13/04/2002,14.365,14.365,1,14.365,55619,4,104,2002.2802511415525,1828,2002,0.9819903460217192,-0.188931099
North Buck Creek,13/04/2010,16.405,16.405,1,16.405,58541,4,104,2010.2802511415525,1924,2010,0.9819903460217518,-0.188931099
North Buck Creek,13/04/2018,16.338,16.338,1,16.338,61463,4,104,2018.2802511415525,2020,2018,0.9819903460217844,-0.188931099
North Buck Creek,13/04/2021,20.948,20.948,1,20.948,62559,4,104,2021.2802511415525,2056,2021,0.9819903460217536,-0.188931099
North Buck Creek,14/04/2002,17.246,17.246,1,17.246,55620,4,105,2002.2829908675799,1828,2002,0.9785927152527146,-0.205806457
North Buck Creek,14/04/2008,14.689,14.689,1,14.689,57812,4,105,2008.2849499089252,1900,2008,0.9759853701531342,-0.217836079
North Buck Creek,14/04/2009,13.093,13.093,1,13.093,58177,4,105,2009.2829908675799,1912,2009,0.9785927152525117,-0.205806457
North Buck Creek,14/04/2020,18.45,18.45,1,18.45,62195,4,105,2020.2849499089252,2044,2020,0.9759853701533887,-0.217836079
North Buck Creek,15/04/2003,13.106,13.106,1,13.106,55986,4,106,2003.2857305936072,1840,2003,0.9749051063423012,-0.222620829
North Buck Creek,15/04/2015,15.581,15.581,1,15.581,60369,4,106,2015.2857305936072,1984,2015,0.9749051063421563,-0.222620829
North Buck Creek,15/04/2019,16.054,16.054,1,16.054,61830,4,106,2019.2857305936072,2032,2019,0.974905106,-0.222620829
North Buck Creek,16/04/2003,14.708,14.708,1,14.708,55987,4,107,2003.2884703196346,1840,2003,0.9709286120088672,-0.239369234
North Buck Creek,16/04/2018,14.924,14.924,1,14.924,61466,4,107,2018.2884703196346,2020,2018,0.9709286120086724,-0.239369234
North Buck Creek,17/04/2007,14.016,14.016,1,14.016,57449,4,108,2007.2912100456622,1888,2007,0.9666644105726906,-0.256046709
North Buck Creek,17/04/2018,16.099,16.099,1,16.099,61467,4,108,2018.2912100456622,2020,2018,0.9666644105726931,-0.256046709
North Buck Creek,18/04/2006,13.808,13.808,1,13.808,57085,4,109,2006.2939497716895,1876,2006,0.9621137656096792,-0.272648312
North Buck Creek,18/04/2017,19.201,19.201,1,19.201,61103,4,109,2017.2939497716895,2008,2017,0.9621137656096819,-0.272648312
North Buck Creek,19/04/2005,12.72,12.72,1,12.72,56721,4,110,2005.296689497717,1864,2005,0.9572780255743173,-0.289169123
North Buck Creek,19/04/2016,15.924,15.924,1,15.924,60739,4,110,2016.298611111111,1996,2016,0.9537169507482401,-0.3007058
North Buck Creek,02/04/2019,17.489,17.489,1,17.489,61817,4,93,2019.2501141552511,2032,2019,0.9999997427700635,-7.17E-04
North Buck Creek,20/04/2004,14.534,14.534,1,14.534,56357,4,111,2004.3013433515482,1852,2004,0.9484144034538552,-0.317033309
North Buck Creek,20/04/2005,15.006,15.006,1,15.006,56722,4,111,2005.2994292237443,1864,2005,0.9521586233995174,-0.305604247
North Buck Creek,20/04/2019,17.746,17.746,1,17.746,61835,4,111,2019.2994292237443,2032,2019,0.9521586233994707,-0.305604247
North Buck Creek,21/04/2015,15.882,15.882,1,15.882,60375,4,112,2015.3021689497716,1984,2015,0.9467570760761073,-0.321948814
North Buck Creek,21/04/2017,20.161,20.161,1,20.161,61106,4,112,2017.3021689497716,2008,2017,0.9467570760756819,-0.321948814
North Buck Creek,22/04/2002,14.951,14.951,1,14.951,55628,4,113,2002.3049086757992,1828,2002,0.9410749841974002,-0.338197981
North Buck Creek,22/04/2003,15.113,15.113,1,15.113,55993,4,113,2003.3049086757992,1840,2003,0.9410749841971768,-0.338197981
North Buck Creek,22/04/2006,14.309,14.309,1,14.309,57089,4,113,2006.3049086757992,1876,2006,0.9410749841971218,-0.338197981
North Buck Creek,22/04/2012,17.402,17.402,1,17.402,59281,4,113,2012.3068078324227,1948,2012,0.9369724476855396,-0.349403252
North Buck Creek,22/04/2014,14.029,14.029,1,14.029,60011,4,113,2014.3049086757992,1972,2014,0.941074984,-0.338197981
North Buck Creek,23/04/2005,14.739,14.739,1,14.739,56725,4,114,2005.3076484018266,1864,2005,0.9351140314908878,-0.354346932
North Buck Creek,23/04/2006,15.947,15.947,1,15.947,57090,4,114,2006.3076484018266,1876,2006,0.9351140314912982,-0.354346932
North Buck Creek,23/04/2012,16.15,16.15,1,16.15,59282,4,114,2012.3095400728598,1948,2012,0.9308364112091773,-0.365436144
North Buck Creek,23/04/2013,15.917,15.917,1,15.917,59647,4,114,2013.3076484018266,1960,2013,0.9351140314909488,-0.354346932
North Buck Creek,23/04/2018,15.205,15.205,1,15.205,61473,4,114,2018.3076484018266,2020,2018,0.9351140314910676,-0.354346932
North Buck Creek,24/04/2012,18.871,18.871,1,18.871,59283,4,115,2012.312272313297,1948,2012,0.9244260529706083,-0.381361341
North Buck Creek,24/04/2020,16.553,16.553,1,16.553,62205,4,115,2020.312272313297,2044,2020,0.924426053,-0.381361341
North Buck Creek,25/04/2005,14.756,14.756,1,14.756,56727,4,116,2005.3131278538813,1864,2005,0.9223626911404565,-0.386325078
North Buck Creek,25/04/2018,15.392,15.392,1,15.392,61475,4,116,2018.3131278538813,2020,2018,0.9223626911406526,-0.386325078
North Buck Creek,26/04/2005,14.802,14.802,1,14.802,56728,4,117,2005.3158675799086,1864,2005,0.9155760819932094,-0.402144797
North Buck Creek,26/04/2006,15.156,15.156,1,15.156,57093,4,117,2006.3158675799086,1876,2006,0.9155760819929437,-0.402144797
North Buck Creek,26/04/2011,14.888,14.888,1,14.888,58919,4,117,2011.3158675799086,1936,2011,0.9155760819930785,-0.402144797
North Buck Creek,26/04/2018,16.798,16.798,1,16.798,61476,4,117,2018.3158675799086,2020,2018,0.915576082,-0.402144797
North Buck Creek,27/04/2010,15.143,15.143,1,15.143,58555,4,118,2010.318607305936,1924,2010,0.9085181678925238,-0.417845353
North Buck Creek,27/04/2021,18.547,18.547,1,18.547,62573,4,118,2021.318607305936,2056,2021,0.9085181678925279,-0.417845353
North Buck Creek,28/04/2009,16.124,16.124,1,16.124,58191,4,119,2009.3213470319636,1912,2009,0.9011910402513845,-0.433422091
North Buck Creek,29/04/2008,17.784,17.784,1,17.784,57827,4,120,2008.3259335154828,1900,2008,0.8883283536999137,-0.459208815
North Buck Creek,03/04/2007,13.764,13.764,1,13.764,57435,4,94,2007.2528538812785,1888,2007,0.9998392355906898,-0.017930504
North Buck Creek,03/04/2015,12.013,12.013,1,12.013,60357,4,94,2015.2528538812785,1984,2015,0.9998392355906928,-0.017930504
North Buck Creek,03/04/2018,16.292,16.292,1,16.292,61453,4,94,2018.2528538812785,2020,2018,0.9998392355906899,-0.017930504
North Buck Creek,30/04/2019,17.929,17.929,1,17.929,61845,4,121,2019.3268264840183,2032,2019,0.8857379082225174,-0.464185693
North Buck Creek,04/04/2006,12.491,12.491,1,12.491,57071,4,95,2006.2555936073059,1876,2006,0.999382454,-0.035138436
North Buck Creek,04/04/2008,13.974,13.974,1,13.974,57802,4,95,2008.2576275045537,1900,2008,0.9988518157997749,-0.047906681
North Buck Creek,04/04/2017,15.802,15.802,1,15.802,61089,4,95,2017.2555936073059,2008,2017,0.9993824544675003,-0.035138436
North Buck Creek,04/04/2018,14.857,14.857,1,14.857,61454,4,95,2018.2555936073059,2020,2018,0.9993824544674771,-0.035138436
North Buck Creek,05/04/2005,12.834,12.834,1,12.834,56707,4,96,2005.2583333333334,1864,2005,0.9986295347546006,-0.052335956
North Buck Creek,05/04/2016,15.672,15.672,1,15.672,60725,4,96,2016.2603597449909,1996,2016,0.9978822508109123,-0.065046241
North Buck Creek,05/04/2017,17.77,17.77,1,17.77,61090,4,96,2017.2583333333334,2008,2017,0.9986295347545665,-0.052335956
North Buck Creek,06/04/2004,12.398,12.398,1,12.398,56343,4,97,2004.263091985428,1852,2004,0.996618605,-0.082166632
North Buck Creek,07/04/2015,15.672,15.672,1,15.672,60361,4,98,2015.2638127853882,1984,2015,0.9962362596713592,-0.08667938
North Buck Creek,07/04/2017,18.118,18.118,1,18.118,61092,4,98,2017.2638127853882,2008,2017,0.9962362596712447,-0.08667938
North Buck Creek,07/04/2021,17.555,17.555,1,17.555,62553,4,98,2021.2638127853882,2056,2021,0.99623626,-0.08667938
North Buck Creek,08/04/2003,13.759,13.759,1,13.759,55979,4,99,2003.2665525114155,1840,2003,0.9945966134799933,-0.103815107
North Buck Creek,08/04/2014,13.013,13.013,1,13.013,59997,4,99,2014.2665525114155,1972,2014,0.9945966134799944,-0.103815107
North Buck Creek,09/04/2002,12.883,12.883,1,12.883,55615,4,100,2002.2692922374429,1828,2002,0.9926622468468902,-0.120920071
North Buck Creek,09/04/2008,14.138,14.138,1,14.138,57807,4,100,2008.2712887067396,1900,2008,0.9910673427311337,-0.133362372
North Buck Creek,09/04/2013,14.792,14.792,1,14.792,59633,4,100,2013.2692922374429,1960,2013,0.9926622468468914,-0.120920071
North Buck Creek,09/04/2019,18.306,18.306,1,18.306,61824,4,100,2019.2692922374429,2032,2019,0.992662247,-0.120920071
North Buck Creek,01/05/2007,14.82,14.82,1,14.82,57463,5,122,2007.3295662100456,1889,2007,0.8776164829307868,-0.479363441
North Buck Creek,01/05/2018,15.763,15.763,1,15.763,61481,5,122,2018.3295662100456,2021,2018,0.8776164829307914,-0.479363441
North Buck Creek,10/05/2011,16.096,16.096,1,16.096,58933,5,131,2011.3542237442923,1937,2011,0.7931349695934006,-0.60904591
North Buck Creek,10/05/2019,17.824,17.824,1,17.824,61855,5,131,2019.3542237442923,2033,2019,0.7931349695935057,-0.60904591
North Buck Creek,11/05/2003,17.046,17.046,1,17.046,56012,5,132,2003.3569634703197,1841,2003,0.7825337339321345,-0.622608188
North Buck Creek,11/05/2010,15.931,15.931,1,15.931,58569,5,132,2010.3569634703197,1925,2010,0.7825337339315207,-0.622608188
North Buck Creek,11/05/2021,18.776,18.776,1,18.776,62587,5,132,2021.3569634703197,2057,2021,0.7825337339315268,-0.622608188
North Buck Creek,12/05/2003,18.905,18.905,1,18.905,56013,5,133,2003.359703196347,1841,2003,0.771700617,-0.635985973
North Buck Creek,12/05/2009,15.314,15.314,1,15.314,58205,5,133,2009.359703196347,1913,2009,0.771700617,-0.635985973
North Buck Creek,13/05/2002,15.879,15.879,1,15.879,55649,5,134,2002.3624429223744,1829,2002,0.7606388277941043,-0.649175303
North Buck Creek,13/05/2008,14.472,14.472,1,14.472,57841,5,134,2008.364184881603,1901,2008,0.7534881522033635,-0.657461485
North Buck Creek,14/05/2002,18.056,18.056,1,18.056,55650,5,135,2002.3651826484017,1829,2002,0.7493516452499861,-0.662172267
North Buck Creek,14/05/2003,17.809,17.809,1,17.809,56015,5,135,2003.3651826484017,1841,2003,0.7493516452507532,-0.662172267
North Buck Creek,14/05/2019,18.052,18.052,1,18.052,61859,5,135,2019.3651826484017,2033,2019,0.7493516452497772,-0.662172267
North Buck Creek,15/05/2007,15.684,15.684,1,15.684,57477,5,136,2007.3679223744293,1889,2007,0.7378424136412483,-0.674973016
North Buck Creek,15/05/2018,19.469,19.469,1,19.469,61495,5,136,2018.3679223744293,2021,2018,0.7378424136412548,-0.674973016
North Buck Creek,16/05/2006,17.202,17.202,1,17.202,57113,5,137,2006.3706621004567,1877,2006,0.7261145434016122,-0.687573756
North Buck Creek,16/05/2009,16.881,16.881,1,16.881,58209,5,137,2009.3706621004567,1913,2009,0.7261145434015004,-0.687573756
North Buck Creek,16/05/2014,18.497,18.497,1,18.497,60035,5,137,2014.3706621004567,1973,2014,0.7261145434017308,-0.687573756
North Buck Creek,16/05/2017,19.297,19.297,1,19.297,61131,5,137,2017.3706621004567,2009,2017,0.726114543,-0.687573756
North Buck Creek,17/05/2005,2.866,2.866,1,2.866,56749,5,138,2005.373401826484,1865,2005,0.7141715097531961,-0.699970753
North Buck Creek,17/05/2009,18.932,18.932,1,18.932,58210,5,138,2009.373401826484,1913,2009,0.7141715097526199,-0.699970753
North Buck Creek,17/05/2014,20.954,20.954,1,20.954,60036,5,138,2014.373401826484,1973,2014,0.7141715097528545,-0.699970753
North Buck Creek,17/05/2016,17.252,17.252,1,17.252,60767,5,138,2016.3751138433515,1997,2016,0.7066008076496862,-0.707612393
North Buck Creek,18/05/2004,15.852,15.852,1,15.852,56385,5,139,2004.3778460837887,1853,2004,0.6943495807233244,-0.719637867
North Buck Creek,19/05/2015,19.435,19.435,1,19.435,60403,5,140,2015.3788812785388,1985,2015,0.6896541708479231,-0.724138885
North Buck Creek,19/05/2019,19.094,19.094,1,19.094,61864,5,140,2019.3788812785388,2033,2019,0.689654171,-0.724138885
North Buck Creek,02/05/2006,13.528,13.528,1,13.528,57099,5,123,2006.332305936073,1877,2006,0.8692350009346436,-0.494399144
North Buck Creek,02/05/2017,19.57,19.57,1,19.57,61117,5,123,2017.332305936073,2009,2017,0.8692350009346484,-0.494399144
North Buck Creek,20/05/2003,15.296,15.296,1,15.296,56021,5,141,2003.3816210045661,1841,2003,0.6770871306081232,-0.735902859
North Buck Creek,20/05/2014,16.658,16.658,1,16.658,60039,5,141,2014.3816210045661,1973,2014,0.6770871306081304,-0.735902859
North Buck Creek,20/05/2020,18.62,18.62,1,18.62,62231,5,141,2020.3833105646631,2045,2020,0.6692369136420959,-0.743049092
North Buck Creek,21/05/2002,14.855,14.855,1,14.855,55657,5,142,2002.3843607305937,1829,2002,0.6643194548374268,-0.747448769
North Buck Creek,21/05/2013,16.938,16.938,1,16.938,59675,5,142,2013.3843607305937,1961,2013,0.6643194548374342,-0.747448769
North Buck Creek,22/05/2004,16.554,16.554,1,16.554,56389,5,143,2004.3887750455374,1853,2004,0.6433353959259709,-0.765584462
North Buck Creek,22/05/2012,19.156,19.156,1,19.156,59311,5,143,2012.3887750455374,1949,2012,0.643335396,-0.765584462
North Buck Creek,23/05/2004,17.645,17.645,1,17.645,56390,5,144,2004.3915072859745,1853,2004,0.6300983236496911,-0.776515359
North Buck Creek,23/05/2014,17.684,17.684,1,17.684,60042,5,144,2014.3898401826484,1973,2014,0.6381973883944352,-0.769872777
North Buck Creek,24/05/2004,18.976,18.976,1,18.976,56391,5,145,2004.3942395264116,1853,2004,0.6166755585067274,-0.787217413
North Buck Creek,24/05/2011,21.143,21.143,1,21.143,58947,5,145,2011.3925799086758,1937,2011,0.6248507382526163,-0.780744231
North Buck Creek,24/05/2014,19.807,19.807,1,19.807,60043,5,145,2014.3925799086758,1973,2014,0.6248507382524893,-0.780744231
North Buck Creek,25/05/2010,16.961,16.961,1,16.961,58583,5,146,2010.3953196347031,1925,2010,0.6113189313506456,-0.791384334
North Buck Creek,25/05/2014,20.543,20.543,1,20.543,60044,5,146,2014.3953196347031,1973,2014,0.6113189313514337,-0.791384334
North Buck Creek,25/05/2021,17.665,17.665,1,17.665,62601,5,146,2021.3953196347031,2057,2021,0.6113189313506534,-0.791384334
North Buck Creek,26/05/2009,16.147,16.147,1,16.147,58219,5,147,2009.3980593607305,1913,2009,0.5976059774559659,-0.801789932
North Buck Creek,27/05/2008,17.844,17.844,1,17.844,57855,5,148,2008.4024362477232,1901,2008,0.5753329299829493,-0.817919323
North Buck Creek,28/05/2019,18.995,18.995,1,18.995,61873,5,149,2019.4035388127854,2033,2019,0.5696529349398723,-0.821885353
North Buck Creek,29/05/2007,14.508,14.508,1,14.508,57491,5,150,2007.4062785388128,1889,2007,0.5554211294072756,-0.831569221
North Buck Creek,29/05/2018,21.755,21.755,1,21.755,61509,5,150,2018.4062785388128,2021,2018,0.5554211294072837,-0.831569221
North Buck Creek,03/05/2005,13.76,13.76,1,13.76,56735,5,124,2005.3350456621004,1865,2005,0.860595946,-0.509288345
North Buck Creek,03/05/2016,18.684,18.684,1,18.684,60753,5,124,2016.3368624772313,1997,2016,0.8547262770362912,-0.519078984
North Buck Creek,30/05/2006,17.724,17.724,1,17.724,57127,5,151,2006.4090182648401,1877,2006,0.5410247406070677,-0.841006677
North Buck Creek,30/05/2017,18.748,18.748,1,18.748,61145,5,151,2017.4090182648401,2009,2017,0.541024741,-0.841006677
North Buck Creek,31/05/2005,13.616,13.616,1,13.616,56763,5,152,2005.4117579908675,1865,2005,0.5264680345014882,-0.850194924
North Buck Creek,31/05/2016,22.109,22.109,1,22.109,60781,5,152,2016.4133652094717,1997,2016,0.5178556834797987,-0.855467995
North Buck Creek,04/05/2004,16.476,16.476,1,16.476,56371,5,125,2004.3395947176684,1853,2004,0.8456896501543354,-0.533675009
North Buck Creek,05/05/2015,16.255,16.255,1,16.255,60389,5,126,2015.3405251141553,1985,2015,0.8425554317241308,-0.53860964
North Buck Creek,06/05/2003,14.848,14.848,1,14.848,56007,5,127,2003.3432648401827,1841,2003,0.833159318,-0.553033046
North Buck Creek,06/05/2014,14.472,14.472,1,14.472,60025,5,127,2014.3432648401827,1973,2014,0.8331593184798024,-0.553033046
North Buck Creek,07/05/2002,13.998,13.998,1,13.998,55643,5,128,2002.346005,1829,2002,0.8235163221483428,-0.567292576
North Buck Creek,07/05/2013,14.976,14.976,1,14.976,59661,5,128,2013.346005,1961,2013,0.8235163221483484,-0.567292576
North Buck Creek,08/05/2003,15.221,15.221,1,15.221,56009,5,129,2003.3487442922374,1841,2003,0.8136293001579785,-0.581384006
North Buck Creek,08/05/2012,16.706,16.706,1,16.706,59297,5,129,2012.3505236794172,1949,2012,0.807078585,-0.590444035
North Buck Creek,01/06/2004,16.94,16.94,1,16.94,56399,6,153,2004.4160974499089,1854,2004,0.5030941305532056,-0.864231622
North Buck Creek,01/06/2015,19.591,19.591,1,19.591,60416,6,153,2015.414497716895,1986,2015,0.5117553245520852,-0.85913124
North Buck Creek,10/06/2008,18.216,18.216,1,18.216,57869,6,162,2008.4406876138432,1902,2008,0.36410411833790207,-0.931358251
North Buck Creek,11/06/2019,21.252,21.252,1,21.252,61887,6,163,2019.4418949771689,2034,2019,0.35702834410120543,-0.934093551
North Buck Creek,12/06/2007,13.812,13.812,1,13.812,57505,6,164,2007.4446347031962,1890,2007,0.34089656152754366,-0.940100811
North Buck Creek,12/06/2018,20.048,20.048,1,20.048,61523,6,164,2018.4446347031962,2022,2018,0.3408965615275529,-0.940100811
North Buck Creek,13/06/2006,18.325,18.325,1,18.325,57141,6,165,2006.4473744292238,1878,2006,0.3246637639438358,-0.945829499
North Buck Creek,13/06/2014,20.785,20.785,1,20.785,60063,6,165,2014.4473744292238,1974,2014,0.32466376394399893,-0.945829499
North Buck Creek,13/06/2017,20.828,20.828,1,20.828,61159,6,165,2017.4473744292238,2010,2017,0.32466376394384505,-0.945829499
North Buck Creek,14/06/2005,20.878,20.878,1,20.878,56777,6,166,2005.4501141552512,1866,2005,0.30833476148349026,-0.951277917
North Buck Creek,14/06/2016,19.154,19.154,1,19.154,60795,6,166,2016.451616575592,1998,2016,0.2993411069345253,-0.954146164
North Buck Creek,15/06/2004,15.127,15.127,1,15.127,56413,6,167,2004.454348816029,1854,2004,0.2829178106567416,-0.959144156
North Buck Creek,15/06/2005,19.742,19.742,1,19.742,56778,6,167,2005.4528538812785,1866,2005,0.29191439277655234,-0.956444451
North Buck Creek,16/06/2005,18.648,18.648,1,18.648,56779,6,168,2005.455593607306,1866,2005,0.2754075235367449,-0.96132757
North Buck Creek,16/06/2015,21.365,21.365,1,21.365,60431,6,168,2015.455593607306,1986,2015,0.27540752353738934,-0.96132757
North Buck Creek,17/06/2003,16.309,16.309,1,16.309,56049,6,169,2003.4583333333333,1842,2003,0.25881904510345943,-0.965925826
North Buck Creek,17/06/2005,18.998,18.998,1,18.998,56780,6,169,2005.4583333333333,1866,2005,0.2588190451039403,-0.965925826
North Buck Creek,17/06/2006,17.126,17.126,1,17.126,57145,6,169,2006.4583333333333,1878,2006,0.2588190451033023,-0.965925826
North Buck Creek,17/06/2014,21.067,21.067,1,21.067,60067,6,169,2014.4583333333333,1974,2014,0.2588190451034689,-0.965925826
North Buck Creek,18/06/2002,18.442,18.442,1,18.442,55685,6,170,2002.4610730593608,1830,2002,0.24215387300069943,-0.970237858
North Buck Creek,18/06/2013,20.75,20.75,1,20.75,59703,6,170,2013.4610730593608,1962,2013,0.24215387300070892,-0.970237858
North Buck Creek,19/06/2005,19.726,19.726,1,19.726,56782,6,171,2005.4638127853882,1866,2005,0.22541694547845595,-0.974262388
North Buck Creek,19/06/2007,8.292,8.292,1,8.292,57512,6,171,2007.4638127853882,1890,2007,0.225416945,-0.974262388
North Buck Creek,19/06/2012,18.828,18.828,1,18.828,59339,6,171,2012.4652777777778,1950,2012,0.216439614,-0.976296007
North Buck Creek,02/06/2015,22.067,22.067,1,22.067,60417,6,154,2015.4172374429224,1986,2015,0.4968909704579707,-0.867812977
North Buck Creek,20/06/2007,18.022,18.022,1,18.022,57513,6,172,2007.4665525114156,1890,2007,0.20861322205278718,-0.977998223
North Buck Creek,20/06/2019,20.735,20.735,1,20.735,61896,6,172,2019.4665525114156,2034,2019,0.20861322205215072,-0.977998223
North Buck Creek,21/06/2011,21.204,21.204,1,21.204,58975,6,173,2011.469292237443,1938,2011,0.19174768202589507,-0.981444255
North Buck Creek,21/06/2019,27.545,27.545,1,27.545,61897,6,173,2019.469292237443,2034,2019,0.19174768202606435,-0.981444255
North Buck Creek,22/06/2006,21.07,21.07,1,21.07,57150,6,174,2006.4720319634703,1878,2006,0.1748253230230454,-0.984599465
North Buck Creek,22/06/2010,22.673,22.673,1,22.673,58611,6,174,2010.4720319634703,1926,2010,0.17482532302223483,-0.984599465
North Buck Creek,22/06/2021,22.687,22.687,1,22.687,62629,6,174,2021.4720319634703,2058,2021,0.1748253230222445,-0.984599465
North Buck Creek,23/06/2005,18.15,18.15,1,18.15,56786,6,175,2005.4747716894976,1866,2005,0.1578511595031346,-0.987462916
North Buck Creek,23/06/2009,18.598,18.598,1,18.598,58247,6,175,2009.4747716894976,1914,2009,0.15785115950232168,-0.987462916
North Buck Creek,23/06/2015,22.988,22.988,1,22.988,60438,6,175,2015.4747716894976,1986,2015,0.15785115950379658,-0.987462916
North Buck Creek,23/06/2017,20.599,20.599,1,20.599,61169,6,175,2017.4747716894976,2010,2017,0.15785116,-0.987462916
North Buck Creek,23/06/2020,28.247,28.247,1,28.247,62265,6,175,2020.4762067395263,2046,2020,0.14894122117346678,-0.988846051
North Buck Creek,24/06/2008,13.056,13.056,1,13.056,57883,6,176,2008.4789389799635,1902,2008,0.1319444169556886,-0.991257116
North Buck Creek,25/06/2014,20.834,20.834,1,20.834,60075,6,177,2014.4802511415526,1974,2014,0.1237675520188523,-0.992311238
North Buck Creek,25/06/2019,24.148,24.148,1,24.148,61901,6,177,2019.4802511415526,2034,2019,0.1237675520191849,-0.992311238
North Buck Creek,26/06/2006,19.186,19.186,1,19.186,57154,6,178,2006.482991,1878,2006,0.10666820776393386,-0.994294671
North Buck Creek,26/06/2007,16.536,16.536,1,16.536,57519,6,178,2007.482991,1890,2007,0.10666820776327707,-0.994294671
North Buck Creek,26/06/2018,20.887,20.887,1,20.887,61537,6,178,2018.482991,2022,2018,0.10666820776328681,-0.994294671
North Buck Creek,27/06/2006,14.157,14.157,1,14.157,57155,6,179,2006.4857305936073,1878,2006,0.089537255,-0.995983474
North Buck Creek,27/06/2017,23.668,23.668,1,23.668,61173,6,179,2017.4857305936073,2010,2017,0.089537255,-0.995983474
North Buck Creek,28/06/2005,15.205,15.205,1,15.205,56791,6,180,2005.4884703196346,1866,2005,0.072379771,-0.997377145
North Buck Creek,28/06/2006,27.164,27.164,1,27.164,57156,6,180,2006.4884703196346,1878,2006,0.072379771,-0.997377145
North Buck Creek,28/06/2010,19.631,19.631,1,19.631,58617,6,180,2010.4884703196346,1926,2010,0.072379771,-0.997377145
North Buck Creek,03/06/2003,16.478,16.478,1,16.478,56035,6,155,2003.4199771689498,1842,2003,0.4818793768445147,-0.876237563
North Buck Creek,03/06/2014,17.645,17.645,1,17.645,60053,6,155,2014.4199771689498,1974,2014,0.4818793768445233,-0.876237563
North Buck Creek,30/06/2010,23.646,23.646,1,23.646,58619,6,182,2010.4939497716896,1926,2010,0.03800555,-0.999277528
North Buck Creek,30/06/2015,21.562,21.562,1,21.562,60445,6,182,2015.4939497716896,1986,2015,0.038005550332541826,-0.999277528
North Buck Creek,04/06/2002,16.603,16.603,1,16.603,55671,6,156,2002.4227168949772,1830,2002,0.46672499197189415,-0.8844025
North Buck Creek,04/06/2013,21.022,21.022,1,21.022,59689,6,156,2013.4227168949772,1962,2013,0.4667249919719028,-0.8844025
North Buck Creek,05/06/2012,19.35,19.35,1,19.35,59325,6,157,2012.4270264116576,1950,2012,0.44260942795558705,-0.8967145
North Buck Creek,05/06/2016,19.554,19.554,1,19.554,60786,6,157,2016.4270264116576,1998,2016,0.4426094279564799,-0.8967145
North Buck Creek,05/06/2018,24.677,24.677,1,24.677,61516,6,157,2018.4254566210045,2022,2018,0.45143230641273835,-0.89230537
North Buck Creek,06/06/2017,22.655,22.655,1,22.655,61152,6,158,2017.4281963470319,2010,2017,0.43600585171715067,-0.89994383
North Buck Creek,06/06/2019,20.26,20.26,1,20.26,61882,6,158,2019.4281963470319,2034,2019,0.43600585171759876,-0.89994383
North Buck Creek,07/06/2011,21.258,21.258,1,21.258,58961,6,159,2011.4309360730595,1938,2011,0.42045019907761333,-0.907315618
North Buck Creek,08/06/2010,20.527,20.527,1,20.527,58597,6,160,2010.4336757990868,1926,2010,0.4047699579703277,-0.914418548
North Buck Creek,09/06/2009,15.91,15.91,1,15.91,58233,6,161,2009.4364155251142,1914,2009,0.38896977479051564,-0.921250517
North Buck Creek,09/06/2015,18.358,18.358,1,18.358,60424,6,161,2015.4364155251142,1986,2015,0.3889697747902159,-0.921250517
North Buck Creek,09/06/2020,26.101,26.101,1,26.101,62251,6,161,2020.437955373406,2046,2020,0.38003846961068033,-0.924970681
North Buck Creek,01/07/2003,13.693,13.693,1,13.693,56063,7,183,2003.496689497717,1843,2003,0.020798999410293572,-0.999783677
North Buck Creek,01/07/2014,22.356,22.356,1,22.356,60081,7,183,2014.496689497717,1975,2014,0.020798999,-0.999783677
North Buck Creek,01/07/2017,21.612,21.612,1,21.612,61177,7,183,2017.496689497717,2011,2017,0.020798999410140715,-0.999783677
North Buck Creek,10/07/2007,14.448,14.448,1,14.448,57533,7,192,2007.5213470319634,1891,2007,-0.133725557,-0.991018403
North Buck Creek,10/07/2016,22.522,22.522,1,22.522,60821,7,192,2016.5226548269582,1999,2016,-0.141864267,-0.98988612
North Buck Creek,10/07/2018,24.556,24.556,1,24.556,61551,7,192,2018.5213470319634,2023,2018,-0.133725557,-0.991018403
North Buck Creek,11/07/2006,19.78,19.78,1,19.78,57169,7,193,2006.524086757991,1879,2006,-0.150764497,-0.988569707
North Buck Creek,11/07/2009,19.669,19.669,1,19.669,58265,7,193,2009.524086757991,1915,2009,-0.150764497,-0.988569707
North Buck Creek,11/07/2017,24.238,24.238,1,24.238,61187,7,193,2017.524086757991,2011,2017,-0.150764497,-0.988569707
North Buck Creek,12/07/2005,3.037,3.037,1,3.037,56805,7,194,2005.5268264840183,1867,2005,-0.167758762,-0.985828077
North Buck Creek,12/07/2009,26.19,26.19,1,26.19,58266,7,194,2009.5268264840183,1915,2009,-0.167758762,-0.985828077
North Buck Creek,12/07/2016,22.055,22.055,1,22.055,60823,7,194,2016.5281193078324,1999,2016,-0.175761072,-0.984432855
North Buck Creek,12/07/2020,25.184,25.184,1,25.184,62284,7,194,2020.5281193078324,2047,2020,-0.175761072,-0.984432855
North Buck Creek,13/07/2004,13.786,13.786,1,13.786,56441,7,195,2004.5308515482695,1855,2004,-0.192634272,-0.981270624
North Buck Creek,14/07/2015,26.473,26.473,1,26.473,60459,7,196,2015.532305936073,1987,2015,-0.20159314,-0.979469349
North Buck Creek,14/07/2021,26.854,26.854,1,26.854,62651,7,196,2021.532305936073,2059,2021,-0.20159314,-0.979469349
North Buck Creek,15/07/2003,12.038,12.038,1,12.038,56077,7,197,2003.5350456621004,1843,2003,-0.218423226,-0.975854136
North Buck Creek,15/07/2004,13.685,13.685,1,13.685,56443,7,197,2004.5363160291438,1855,2004,-0.226205406,-0.974079624
North Buck Creek,15/07/2014,27.77,27.77,1,27.77,60095,7,197,2014.5350456621004,1975,2014,-0.218423226,-0.975854136
North Buck Creek,16/07/2002,15.769,15.769,1,15.769,55713,7,198,2002.5377853881278,1831,2002,-0.235188589,-0.971949756
North Buck Creek,16/07/2013,31.237,31.237,1,31.237,59731,7,198,2013.5377853881278,1963,2013,-0.235188589,-0.971949756
North Buck Creek,18/07/2021,26.845,26.845,1,26.845,62655,7,200,2021.5432648401827,2059,2021,-0.268505294,-0.963278209
North Buck Creek,19/07/2011,27.806,27.806,1,27.806,59003,7,201,2011.546005,1939,2011,-0.285046763,-0.958513611
North Buck Creek,02/07/2002,19.214,19.214,1,19.214,55699,7,184,2002.4994292237443,1831,2002,0.003586285,-0.999993569
North Buck Creek,02/07/2006,22.391,22.391,1,22.391,57160,7,184,2006.4994292237443,1879,2006,0.003586285,-0.999993569
North Buck Creek,02/07/2013,25.565,25.565,1,25.565,59717,7,184,2013.4994292237443,1963,2013,0.003586285,-0.999993569
North Buck Creek,20/07/2010,23.842,23.842,1,23.842,58639,7,202,2010.5487442922374,1927,2010,-0.301503766,-0.953464986
North Buck Creek,20/07/2021,29.05,29.05,1,29.05,62657,7,202,2021.5487442922374,2059,2021,-0.301503766,-0.953464986
North Buck Creek,21/07/2009,21.497,21.497,1,21.497,58275,7,203,2009.5514840182648,1915,2009,-0.317871427,-0.948133828
North Buck Creek,21/07/2020,31.241,31.241,1,31.241,62293,7,203,2020.5527094717668,2047,2020,-0.325162327,-0.945658216
North Buck Creek,22/07/2008,20.64,20.64,1,20.64,57911,7,204,2008.555441712204,1903,2008,-0.341347895,-0.939937027
North Buck Creek,23/07/2014,18.484,18.484,1,18.484,60103,7,205,2014.5569634703197,1975,2014,-0.350319351,-0.936630318
North Buck Creek,23/07/2019,27.748,27.748,1,27.748,61929,7,205,2019.5569634703197,2035,2019,-0.350319351,-0.936630318
North Buck Creek,24/07/2007,17.496,17.496,1,17.496,57547,7,206,2007.559703196347,1891,2007,-0.366389999,-0.930461374
North Buck Creek,24/07/2012,13.225,13.225,1,13.225,59374,7,206,2012.5609061930784,1951,2012,-0.373412499,-0.927665406
North Buck Creek,24/07/2014,19.057,19.057,1,19.057,60104,7,206,2014.559703196347,1975,2014,-0.366389999,-0.930461374
North Buck Creek,25/07/2017,25.334,25.334,1,25.334,61201,7,207,2017.5624429223744,2011,2017,-0.382352077,-0.924016715
North Buck Creek,26/07/2006,23.983,23.983,1,23.983,57184,7,208,2006.5651826484018,1879,2006,-0.398200857,-0.917298249
North Buck Creek,26/07/2012,13.759,13.759,1,13.759,59376,7,208,2012.5663706739526,1951,2012,-0.40503695,-0.914300317
North Buck Creek,27/07/2004,17.975,17.975,1,17.975,56455,7,209,2004.5691029143898,1855,2004,-0.420672447,-0.907212595
North Buck Creek,27/07/2012,21.823,21.823,1,21.823,59377,7,209,2012.5691029143898,1951,2012,-0.420672447,-0.907212595
North Buck Creek,28/07/2006,19.455,19.455,1,19.455,57186,7,210,2006.5706621004567,1879,2006,-0.429539767,-0.903047944
North Buck Creek,28/07/2012,20.729,20.729,1,20.729,59378,7,210,2012.5718351548269,1951,2012,-0.436183971,-0.899857513
North Buck Creek,29/07/2003,15.071,15.071,1,15.071,56091,7,211,2003.573401826484,1843,2003,-0.445020612,-0.895520326
North Buck Creek,29/07/2006,22.157,22.157,1,22.157,57187,7,211,2006.573401826484,1879,2006,-0.445020612,-0.895520326
North Buck Creek,29/07/2014,23.216,23.216,1,23.216,60109,7,211,2014.573401826484,1975,2014,-0.445020612,-0.895520326
North Buck Creek,30/07/2013,27.907,27.907,1,27.907,59745,7,212,2013.5761415525114,1963,2013,-0.460369588,-0.887727347
North Buck Creek,31/07/2012,18.698,18.698,1,18.698,59381,7,213,2012.5800318761385,1951,2012,-0.481929174,-0.876210175
North Buck Creek,05/07/2011,22.798,22.798,1,22.798,58989,7,187,2011.5076484018264,1939,2011,-0.048037831,-0.998845517
North Buck Creek,06/07/2010,21.372,21.372,1,21.372,58625,7,188,2010.510388127854,1927,2010,-0.065224197,-0.997870635
North Buck Creek,06/07/2018,35.543,35.543,1,35.543,61547,7,188,2018.510388127854,2023,2018,-0.065224197,-0.997870635
North Buck Creek,06/07/2021,24.588,24.588,1,24.588,62643,7,188,2021.510388127854,2059,2021,-0.065224197,-0.997870635
North Buck Creek,07/07/2009,20.878,20.878,1,20.878,58261,7,189,2009.5131278538813,1915,2009,-0.082391236,-0.996600062
North Buck Creek,07/07/2020,30.425,30.425,1,30.425,62279,7,189,2020.5144581056466,2047,2020,-0.090718062,-0.995876615
North Buck Creek,08/07/2008,19.008,19.008,1,19.008,57897,7,190,2008.5171903460837,1903,2008,-0.107800241,-0.994172575
North Buck Creek,09/07/2019,23.17,23.17,1,23.17,61915,7,191,2019.518607305936,2035,2019,-0.116646992,-0.993173439
North Buck Creek,09/07/2021,24.742,24.742,1,24.742,62646,7,191,2021.518607305936,2059,2021,-0.116646992,-0.993173439
North Buck Creek,01/08/2016,16.571,16.571,1,16.571,60843,8,214,2016.5827641165756,2000,2016,-0.496899474,-0.867808108
North Buck Creek,10/08/2004,16.774,16.774,1,16.774,56469,8,223,2004.607354,1856,2004,-0.624527846,-0.781002541
North Buck Creek,10/08/2009,15.619,15.619,1,15.619,58295,8,223,2009.6062785388128,1916,2009,-0.619234758,-0.785205906
North Buck Creek,10/08/2017,28.484,28.484,1,28.484,61217,8,223,2017.6062785388128,2012,2017,-0.619234758,-0.785205906
North Buck Creek,11/08/2009,22.126,22.126,1,22.126,58296,8,224,2009.6090182648402,1916,2009,-0.632659041,-0.77443046
North Buck Creek,11/08/2015,15.518,15.518,1,15.518,60487,8,224,2015.6090182648402,1988,2015,-0.632659041,-0.77443046
North Buck Creek,12/08/2003,20.838,20.838,1,20.838,56105,8,225,2003.6117579908675,1844,2003,-0.645895853,-0.763425535
North Buck Creek,12/08/2014,21.394,21.394,1,21.394,60123,8,225,2014.6117579908675,1976,2014,-0.645895853,-0.763425535
North Buck Creek,13/08/2004,19.43,19.43,1,19.43,56472,8,226,2004.6155510018216,1856,2004,-0.663904816,-0.747817086
North Buck Creek,13/08/2013,22.966,22.966,1,22.966,59759,8,226,2013.614497716895,1964,2013,-0.658941272,-0.75219439
North Buck Creek,14/08/2012,19.596,19.596,1,19.596,59395,8,227,2012.6182832422587,1952,2012,-0.676644263,-0.736310085
North Buck Creek,14/08/2016,17.852,17.852,1,17.852,60856,8,227,2016.6182832422587,2000,2016,-0.676644263,-0.736310085
North Buck Creek,16/08/2011,23.087,23.087,1,23.087,59031,8,229,2011.6227168949772,1940,2011,-0.696890806,-0.717177247
North Buck Creek,17/08/2010,23.944,23.944,1,23.944,58667,8,230,2010.6254566210046,1928,2010,-0.709132582,-0.70507516
North Buck Creek,17/08/2016,15.743,15.743,1,15.743,60859,8,230,2016.62648,2000,2016,-0.71365142,-0.700501
North Buck Creek,17/08/2021,27.01,27.01,1,27.01,62685,8,230,2021.6254566210046,2060,2021,-0.709132582,-0.70507516
North Buck Creek,18/08/2009,22.274,22.274,1,22.274,58303,8,231,2009.628196347032,1916,2009,-0.721164226,-0.692764144
North Buck Creek,18/08/2018,22.89,22.89,1,22.89,61590,8,231,2018.628196347032,2024,2018,-0.721164226,-0.692764144
North Buck Creek,18/08/2021,24.431,24.431,1,24.431,62686,8,231,2021.628196347032,2060,2021,-0.721164226,-0.692764144
North Buck Creek,19/08/2008,23.388,23.388,1,23.388,57939,8,232,2008.6319444444443,1904,2008,-0.737277337,-0.675590208
North Buck Creek,19/08/2021,29.495,29.495,1,29.495,62687,8,232,2021.6309360730593,2060,2021,-0.732982174,-0.680247847
North Buck Creek,02/08/2017,29.941,29.941,1,29.941,61209,8,215,2017.5843607305935,2012,2017,-0.505580021,-0.862779718
North Buck Creek,20/08/2019,26.149,26.149,1,26.149,61957,8,233,2019.6336757990869,2036,2019,-0.744582923,-0.667529977
North Buck Creek,20/08/2021,31.884,31.884,1,31.884,62688,8,233,2021.6336757990869,2060,2021,-0.744582923,-0.667529977
North Buck Creek,21/08/2010,13.549,13.549,1,13.549,58671,8,234,2010.6364155251142,1928,2010,-0.755963036,-0.654614305
North Buck Creek,21/08/2018,19.434,19.434,1,19.434,61593,8,234,2018.6364155251142,2024,2018,-0.755963036,-0.654614305
North Buck Creek,22/08/2006,20.893,20.893,1,20.893,57211,8,235,2006.6391552511416,1880,2006,-0.767119141,-0.641504655
North Buck Creek,22/08/2010,19.567,19.567,1,19.567,58672,8,235,2010.6391552511416,1928,2010,-0.767119141,-0.641504655
North Buck Creek,22/08/2017,29.296,29.296,1,29.296,61229,8,235,2017.6391552511416,2012,2017,-0.767119141,-0.641504655
North Buck Creek,23/08/2016,22.436,22.436,1,22.436,60865,8,236,2016.642873406193,2000,2016,-0.78189519,-0.623409907
North Buck Creek,24/08/2004,19.958,19.958,1,19.958,56483,8,237,2004.6456056466302,1856,2004,-0.792481636,-0.609895775
North Buck Creek,24/08/2010,21.444,21.444,1,21.444,58674,8,237,2010.6446347031963,1928,2010,-0.788746171,-0.614719023
North Buck Creek,25/08/2015,19.434,19.434,1,19.434,60501,8,238,2015.6473744292236,1988,2015,-0.799210687,-0.601050977
North Buck Creek,26/08/2003,15.629,15.629,1,15.629,56119,8,239,2003.6501141552512,1844,2003,-0.80943838,-0.587204827
North Buck Creek,26/08/2014,22.12,22.12,1,22.12,60137,8,239,2014.6501141552512,1976,2014,-0.80943838,-0.587204827
North Buck Creek,27/08/2012,6.618,6.618,1,6.618,59408,8,240,2012.6538023679418,1952,2012,-0.822827552,-0.56829114
North Buck Creek,27/08/2013,21.757,21.757,1,21.757,59773,8,240,2013.6528538812786,1964,2013,-0.819426219,-0.573184675
North Buck Creek,28/08/2011,20.276,20.276,1,20.276,59043,8,241,2011.655593607306,1940,2011,-0.829171244,-0.558994676
North Buck Creek,28/08/2012,13.383,13.383,1,13.383,59409,8,241,2012.656534608379,1952,2012,-0.832461779,-0.554082472
North Buck Creek,29/08/2004,14.649,14.649,1,14.649,56488,8,242,2004.659266848816,1856,2004,-0.841850677,-0.539710514
North Buck Creek,29/08/2011,30.895,30.895,1,30.895,59044,8,242,2011.6583333333333,1940,2011,-0.838670568,-0.544639035
North Buck Creek,03/08/2021,25.565,25.565,1,25.565,62671,8,216,2021.587100456621,2060,2021,-0.520356448,-0.853949159
North Buck Creek,30/08/2011,25.358,25.358,1,25.358,59045,8,243,2011.6610730593607,1940,2011,-0.847921376,-0.530122006
North Buck Creek,31/08/2004,21.521,21.521,1,21.521,56490,8,244,2004.6647313296903,1856,2004,-0.859881485,-0.510493713
North Buck Creek,31/08/2005,19.073,19.073,1,19.073,56855,8,244,2005.663812785388,1868,2005,-0.856920926,-0.51544789
North Buck Creek,31/08/2010,21.724,21.724,1,21.724,58681,8,244,2010.663812785388,1928,2010,-0.856920926,-0.51544789
North Buck Creek,31/08/2021,31.897,31.897,1,31.897,62699,8,244,2021.663812785388,2060,2021,-0.856920926,-0.51544789
North Buck Creek,04/08/2009,26.435,26.435,1,26.435,58289,8,217,2009.5898401826485,1916,2009,-0.534978683,-0.844865557
North Buck Creek,04/08/2017,20.989,20.989,1,20.989,61211,8,217,2017.5898401826485,2012,2017,-0.534978683,-0.844865557
North Buck Creek,04/08/2020,22.037,22.037,1,22.037,62307,8,217,2020.590960837887,2048,2020,-0.540914311,-0.841077707
North Buck Creek,05/08/2008,20.796,20.796,1,20.796,57925,8,218,2008.5936930783241,1904,2008,-0.555272823,-0.831668259
North Buck Creek,05/08/2020,25.295,25.295,1,25.295,62308,8,218,2020.5936930783241,2048,2020,-0.555272823,-0.831668259
North Buck Creek,07/08/2018,18.067,18.067,1,18.067,61579,8,220,2018.5980593607305,2024,2018,-0.577877137,-0.816123774
North Buck Creek,08/08/2006,21.378,21.378,1,21.378,57197,8,221,2006.600799086758,1880,2006,-0.591839747,-0.806055652
North Buck Creek,08/08/2017,27.866,27.866,1,27.866,61215,8,221,2017.600799086758,2012,2017,-0.591839747,-0.806055652
North Buck Creek,08/08/2019,19.144,19.144,1,19.144,61945,8,221,2019.600799086758,2036,2019,-0.591839747,-0.806055652
North Buck Creek,09/08/2016,17.987,17.987,1,17.987,60851,8,222,2016.6046220400729,2000,2016,-0.611028873,-0.79160831
North Buck Creek,01/09/2005,23.081,23.081,1,23.081,56856,9,245,2005.6665525114156,1869,2005,-0.865666552,-0.500621035
North Buck Creek,01/09/2009,22.873,22.873,1,22.873,58317,9,245,2009.6665525114156,1917,2009,-0.865666552,-0.500621035
North Buck Creek,10/09/2013,18.637,18.637,1,18.637,59787,9,254,2013.691210045662,1965,2013,-0.932548416,-0.361044945
North Buck Creek,11/09/2004,23.683,23.683,1,23.683,56501,9,255,2004.6947859744992,1857,2004,-0.940424397,-0.340002874
North Buck Creek,11/09/2012,18.197,18.197,1,18.197,59423,9,255,2012.6947859744992,1953,2012,-0.940424397,-0.340002874
North Buck Creek,11/09/2018,15.474,15.474,1,15.474,61614,9,255,2018.6939497716894,2025,2018,-0.938625044,-0.344939165
North Buck Creek,12/09/2004,22.578,22.578,1,22.578,56502,9,256,2004.6975182149363,1857,2004,-0.946122424,-0.323809139
North Buck Creek,13/09/2011,22.627,22.627,1,22.627,59059,9,257,2011.6994292237443,1941,2011,-0.949942177,-0.312425767
North Buck Creek,14/09/2010,21.926,21.926,1,21.926,58695,9,258,2010.7021689497717,1929,2010,-0.955179329,-0.296027785
North Buck Creek,14/09/2021,28.44,28.44,1,28.44,62713,9,258,2021.7021689497717,2061,2021,-0.955179329,-0.296027785
North Buck Creek,15/09/2009,20.107,20.107,1,20.107,58331,9,259,2009.704908675799,1917,2009,-0.960133441,-0.279542083
North Buck Creek,16/09/2008,19.22,19.22,1,19.22,57967,9,260,2008.7084471766848,1905,2008,-0.966110712,-0.258128053
North Buck Creek,17/09/2019,21.914,21.914,1,21.914,61985,9,261,2019.7103881278538,2037,2019,-0.969186755,-0.246327086
North Buck Creek,18/09/2007,10.692,10.692,1,10.692,57603,9,262,2007.7131278538814,1893,2007,-0.973283276,-0.229607634
North Buck Creek,19/09/2006,18.668,18.668,1,18.668,57239,9,263,2006.7158675799087,1881,2006,-0.977091391,-0.212820143
North Buck Creek,19/09/2017,24.539,24.539,1,24.539,61257,9,263,2017.7158675799087,2013,2017,-0.977091391,-0.212820143
North Buck Creek,02/09/2014,20.54,20.54,1,20.54,60144,9,246,2014.669292237443,1977,2014,-0.874155662,-0.485645836
North Buck Creek,02/09/2019,21.487,21.487,1,21.487,61970,9,246,2019.669292237443,2037,2019,-0.874155662,-0.485645836
North Buck Creek,20/09/2005,14.347,14.347,1,14.347,56875,9,264,2005.718607305936,1869,2005,-0.980609973,-0.195969589
North Buck Creek,20/09/2016,19.417,19.417,1,19.417,60893,9,264,2016.7193761384335,2001,2016,-0.981545202,-0.191230272
North Buck Creek,21/09/2004,4.063,4.063,1,4.063,56511,9,265,2004.7221083788706,1857,2004,-0.984683291,-0.174352565
North Buck Creek,22/09/2015,15.172,15.172,1,15.172,60529,9,266,2015.7240867579908,1989,2015,-0.986774454,-0.162099282
North Buck Creek,23/09/2002,12.804,12.804,1,12.804,55782,9,267,2002.7268264840184,1833,2002,-0.989418525,-0.145089565
North Buck Creek,23/09/2003,16.115,16.115,1,16.115,56147,9,267,2003.7268264840184,1845,2003,-0.989418525,-0.145089565
North Buck Creek,23/09/2014,19.426,19.426,1,19.426,60165,9,267,2014.7268264840184,1977,2014,-0.989418525,-0.145089565
North Buck Creek,24/09/2002,10.719,10.719,1,10.719,55783,9,268,2002.7295662100457,1833,2002,-0.991769411,-0.128036855
North Buck Creek,24/09/2013,20.123,20.123,1,20.123,59801,9,268,2013.7295662100457,1965,2013,-0.991769411,-0.128036855
North Buck Creek,24/09/2019,22.015,22.015,1,22.015,61992,9,268,2019.7295662100457,2037,2019,-0.991769411,-0.128036855
North Buck Creek,25/09/2012,19.426,19.426,1,19.426,59437,9,269,2012.7330373406194,1953,2012,-0.994325776,-0.10637787
North Buck Creek,26/09/2003,18.35,18.35,1,18.35,56150,9,270,2003.7350456621004,1845,2003,-0.995588924,-0.093822679
North Buck Creek,27/09/2002,13.595,13.595,1,13.595,55786,9,271,2002.7377853881278,1833,2002,-0.99705642,-0.076671352
North Buck Creek,27/09/2011,22.955,22.955,1,22.955,59073,9,271,2011.7377853881278,1941,2011,-0.99705642,-0.076671352
North Buck Creek,28/09/2002,16.745,16.745,1,16.745,55787,9,272,2002.7405251141552,1833,2002,-0.998228466,-0.059497305
North Buck Creek,28/09/2003,19.101,19.101,1,19.101,56152,9,272,2003.7405251141552,1845,2003,-0.998228466,-0.059497305
North Buck Creek,28/09/2010,21.342,21.342,1,21.342,58709,9,272,2010.7405251141552,1929,2010,-0.998228466,-0.059497305
North Buck Creek,28/09/2021,26.483,26.483,1,26.483,62727,9,272,2021.7405251141552,2061,2021,-0.998228466,-0.059497305
North Buck Creek,29/09/2009,21.689,21.689,1,21.689,58345,9,273,2009.7432648401827,1917,2009,-0.999104716,-0.042305628
North Buck Creek,29/09/2015,10.451,10.451,1,10.451,60536,9,273,2015.7432648401827,1989,2015,-0.999104716,-0.042305628
North Buck Creek,03/09/2014,22.945,22.945,1,22.945,60145,9,247,2014.6720319634703,1977,2014,-0.882385741,-0.47052673
North Buck Creek,03/09/2019,23.27,23.27,1,23.27,61971,9,247,2019.6720319634703,2037,2019,-0.882385741,-0.47052673
North Buck Creek,30/09/2002,13.747,13.747,1,13.747,55789,9,274,2002.746005,1833,2002,-0.99968491,-0.025101414
North Buck Creek,30/09/2003,21.605,21.605,1,21.605,56154,9,274,2003.746005,1845,2003,-0.99968491,-0.025101414
North Buck Creek,30/09/2008,16.934,16.934,1,16.934,57981,9,274,2008.746698542805,1905,2008,-0.999784858,-0.02074218
North Buck Creek,30/09/2015,22.522,22.522,1,22.522,60537,9,274,2015.746005,1989,2015,-0.99968491,-0.025101414
North Buck Creek,30/09/2020,17.394,17.394,1,17.394,62364,9,274,2020.746698542805,2049,2020,-0.999784858,-0.02074218
North Buck Creek,04/09/2004,18.012,18.012,1,18.012,56494,9,248,2004.675660291439,1857,2004,-0.892882336,-0.450290055
North Buck Creek,04/09/2018,16.978,16.978,1,16.978,61607,9,248,2018.6747716894977,2025,2018,-0.89035435,-0.455268196
North Buck Creek,05/09/2006,18.228,18.228,1,18.228,57225,9,249,2006.677511415525,1881,2006,-0.898059128,-0.439874757
North Buck Creek,05/09/2017,20.732,20.732,1,20.732,61243,9,249,2017.677511415525,2013,2017,-0.898059128,-0.439874757
North Buck Creek,06/09/2005,18.245,18.245,1,18.245,56861,9,250,2005.6802511415526,1869,2005,-0.905497792,-0.424350973
North Buck Creek,07/09/2004,15.541,15.541,1,15.541,56497,9,251,2004.6838570127504,1857,2004,-0.914878826,-0.40372854
North Buck Creek,08/09/2004,20.262,20.262,1,20.262,56498,9,252,2004.6865892531875,1857,2004,-0.921674554,-0.387963938
North Buck Creek,09/09/2003,12.355,12.355,1,12.355,56133,9,253,2003.6884703196347,1845,2003,-0.926195453,-0.377043741
North Buck Creek,09/09/2004,21.85,21.85,1,21.85,56499,9,253,2004.6893214936247,1857,2004,-0.92819866,-0.372085001
North Buck Creek,09/09/2014,21.78,21.78,1,21.78,60151,9,253,2014.6884703196347,1977,2014,-0.926195453,-0.377043741
South Buck Creek,10/01/2006,2.563,2.563,1,2.563,56987,1,10,2006.0254566210047,1873,2006,0.15926752913192363,0.9872354603458143
South Buck Creek,10/01/2017,2.837,2.837,1,2.837,61005,1,10,2017.0254566210047,2005,2017,0.15926752913191394,0.9872354603458159
South Buck Creek,11/01/2005,2.627,2.627,1,2.627,56623,1,11,2005.028196347032,1861,2005,0.1762375675177652,0.9843476620561564
South Buck Creek,12/01/2016,4.198,4.198,1,4.198,60641,1,12,2016.0308515482695,1993,2016,0.19263427207034825,0.9812706238464123
South Buck Creek,12/01/2018,7.255,7.255,1,7.255,61372,1,12,2018.0309360730594,2017,2018,0.19315538290719636,0.9811681803105797
South Buck Creek,12/01/2020,5.327,5.327,1,5.327,62102,1,12,2020.0308515482695,2041,2020,0.19263427206937117,0.981270624
South Buck Creek,13/01/2004,3.961,3.961,1,3.961,56259,1,13,2004.0335837887067,1849,2004,0.20945070207604388,0.9778192079315339
South Buck Creek,13/01/2015,2.394,2.394,1,2.394,60277,1,13,2015.0336757990867,1981,2015,0.21001596219016216,0.9776979572574244
South Buck Creek,14/01/2003,2.55,2.55,1,2.55,55895,1,14,2003.036415525114,1837,2003,0.22681430920876247,0.9739380211995792
South Buck Creek,14/01/2014,3.187,3.187,1,3.187,59913,1,14,2014.036415525114,1969,2014,0.22681430920875292,0.9739380211995814
South Buck Creek,15/01/2013,3.529,3.529,1,3.529,59549,1,15,2013.0391552511417,1957,2013,0.24354544625601157,0.9698894862859171
South Buck Creek,17/01/2012,2.288,2.288,1,2.288,59185,1,17,2012.0445127504554,1945,2012,0.2760498840634312,0.9611433095582397
South Buck Creek,18/01/2011,1.786,1.786,1,1.786,58821,1,18,2011.0473744292237,1933,2011,0.2932861279575387,0.9560247105319372
South Buck Creek,19/01/2010,2.165,2.165,1,2.165,58457,1,19,2010.050114155251,1921,2010,0.3096990682893374,0.9508346265785215
South Buck Creek,02/01/2013,2.161,2.161,1,2.161,59536,1,2,2013.0035388127853,1957,2013,0.022233184391712187,0.9997528122049991
South Buck Creek,20/01/2009,2.288,2.288,1,2.288,58093,1,20,2009.0528538812785,1909,2009,0.3260202381033452,0.94536279
South Buck Creek,21/01/2020,3.026,3.026,1,3.026,62111,1,21,2020.055441712204,2041,2020,0.3413478948111453,0.939937027
South Buck Creek,21/01/2021,2.945,2.945,1,2.945,62477,1,21,2021.055593607306,2053,2021,0.34224480108593847,0.9396108216328962
South Buck Creek,22/01/2002,2.208,2.208,1,2.208,55538,1,22,2002.0583333333334,1825,2002,0.3583679495455675,0.9335804264970992
South Buck Creek,22/01/2008,2.544,2.544,1,2.544,57729,1,22,2008.0581739526413,1897,2008,0.3574328653696521,0.9339388345890968
South Buck Creek,22/01/2019,2.981,2.981,1,2.981,61747,1,22,2019.0583333333334,2029,2019,0.3583679495458621,0.9335804264969861
South Buck Creek,23/01/2007,2.808,2.808,1,2.808,57365,1,23,2007.0610730593608,1885,2007,0.3743849058470606,0.9272733913328299
South Buck Creek,23/01/2018,3.71,3.71,1,3.71,61383,1,23,2018.0610730593608,2017,2018,0.3743849058470515,0.9272733913328336
South Buck Creek,24/01/2006,3.059,3.059,1,3.059,57001,1,24,2006.063812785388,1873,2006,0.39029092382245334,0.9206915850499644
South Buck Creek,25/01/2005,2.587,2.587,1,2.587,56637,1,25,2005.0665525114155,1861,2005,0.40608129017394523,0.9138369579802866
South Buck Creek,25/01/2017,3.694,3.694,1,3.694,61020,1,25,2017.0665525114155,2005,2017,0.4060812901728777,0.913836958
South Buck Creek,26/01/2016,2.824,2.824,1,2.824,60655,1,26,2016.0691029143898,1993,2016,0.420672447,0.9072125947259663
South Buck Creek,27/01/2004,3.126,3.126,1,3.126,56273,1,27,2004.0718351548269,1849,2004,0.43618397087158384,0.8998575129178493
South Buck Creek,27/01/2015,1.97,1.97,1,1.97,60291,1,27,2015.0720319634704,1981,2015,0.4372963875554076,0.8993174464175543
South Buck Creek,28/01/2003,2.149,2.149,1,2.149,55909,1,28,2003.0747716894978,1837,2003,0.4527118688794147,0.8916568643686357
South Buck Creek,28/01/2014,1.897,1.897,1,1.897,59927,1,28,2014.0747716894978,1969,2014,0.45271186887940595,0.8916568643686401
South Buck Creek,29/01/2013,1.991,1.991,1,1.991,59563,1,29,2013.0775114155251,1957,2013,0.4679932019063279,0.8837320651472724
South Buck Creek,03/01/2012,3,3,1,3,59171,1,3,2012.0062613843352,1945,2012,0.03933129,0.9992262254342382
South Buck Creek,31/01/2012,2.521,2.521,1,2.521,59199,1,31,2012.0827641165756,1945,2012,0.49689947379780774,0.8678081083623624
South Buck Creek,04/01/2011,2.662,2.662,1,2.662,58807,1,4,2011.0090182648403,1933,2011,0.056633112,0.9983950573897034
South Buck Creek,05/01/2010,2.264,2.264,1,2.264,58443,1,5,2010.0117579908676,1921,2010,0.073810451,0.9972722884605321
South Buck Creek,05/01/2021,3.605,3.605,1,3.605,62461,1,5,2021.0117579908676,2053,2021,0.073810451,0.9972722884605327
South Buck Creek,06/01/2009,2.978,2.978,1,2.978,58079,1,6,2009.014497716895,1909,2009,0.090965918,0.995854006
South Buck Creek,07/01/2020,3.178,3.178,1,3.178,62097,1,7,2020.0171903460837,2041,2020,0.10780024132269872,0.9941725745416476
South Buck Creek,08/01/2002,2.142,2.142,1,2.142,55524,1,8,2002.0199771689497,1825,2002,0.12519091171478103,0.9921326703742912
South Buck Creek,08/01/2008,4.2,4.2,1,4.2,57715,1,8,2008.019922586521,1897,2008,0.12485065095763347,0.9921755464409789
South Buck Creek,08/01/2019,3.349,3.349,1,3.349,61733,1,8,2019.0199771689497,2029,2019,0.1251909117150941,0.9921326703742517
South Buck Creek,09/01/2007,3.36,3.36,1,3.36,57351,1,9,2007.022716894977,1885,2007,0.1422502963381232,0.9898307194625332
South Buck Creek,09/01/2018,2.423,2.423,1,2.423,61369,1,9,2018.022716894977,2017,2018,0.1422502963381135,0.9898307194625346
South Buck Creek,01/10/2010,6.55,6.55,1,6.55,58712,10,275,2010.7487442922375,1930,2011,-0.999968875,-0.007889763
South Buck Creek,01/10/2019,7.105,7.105,1,7.105,61999,10,275,2019.7487442922375,2038,2020,-0.999968875,-0.007889763
South Buck Creek,11/10/2011,3.133,3.133,1,3.133,59087,10,285,2011.7761415525115,1942,2012,-0.986540904,0.16351466
South Buck Creek,11/10/2013,3.977,3.977,1,3.977,59818,10,285,2013.7761415525115,1966,2014,-0.986540904,0.1635146598830568
South Buck Creek,11/10/2018,8.603,8.603,1,8.603,61644,10,285,2018.7761415525115,2026,2019,-0.986540904,0.16351465988272615
South Buck Creek,12/10/2002,4.74,4.74,1,4.74,55801,10,286,2002.7788812785388,1834,2003,-0.983580102,0.18047211337020655
South Buck Creek,12/10/2007,5.822,5.822,1,5.822,57627,10,286,2007.7788812785388,1894,2008,-0.983580102,0.180472113
South Buck Creek,12/10/2010,3.362,3.362,1,3.362,58723,10,286,2010.7788812785388,1930,2011,-0.983580102,0.180472113
South Buck Creek,13/10/2009,4.004,4.004,1,4.004,58359,10,287,2009.7816210045662,1918,2010,-0.980327843,0.19737608907621954
South Buck Creek,13/10/2020,4.823,4.823,1,4.823,62377,10,287,2020.782217668488,2050,2021,-0.979581002,0.20104989350024952
South Buck Creek,14/10/2008,2.984,2.984,1,2.984,57995,10,288,2008.7849499089252,1906,2009,-0.97598537,0.21783607884643422
South Buck Creek,15/10/2003,7.307,7.307,1,7.307,56169,10,289,2003.787100456621,1846,2004,-0.972952898,0.2310035884211028
South Buck Creek,15/10/2011,4.708,4.708,1,4.708,59091,10,289,2011.787100456621,1942,2012,-0.972952898,0.23100358842093496
South Buck Creek,15/10/2019,4.352,4.352,1,4.352,62013,10,289,2019.787100456621,2038,2020,-0.972952898,0.23100358842076715
South Buck Creek,16/10/2002,6.053,6.053,1,6.053,55805,10,290,2002.7898401826485,1834,2003,-0.968832398,0.24771714750857268
South Buck Creek,16/10/2007,4.2,4.2,1,4.2,57631,10,290,2007.7898401826485,1894,2008,-0.968832398,0.24771714750824794
South Buck Creek,16/10/2008,4.384,4.384,1,4.384,57997,10,290,2008.7904143897997,1906,2009,-0.967932368,0.25121092961478925
South Buck Creek,16/10/2014,7.402,7.402,1,7.402,60188,10,290,2014.7898401826485,1978,2015,-0.968832398,0.24771714750744087
South Buck Creek,16/10/2018,5.336,5.336,1,5.336,61649,10,290,2018.7898401826485,2026,2019,-0.968832398,0.24771714750823845
South Buck Creek,16/10/2019,6.227,6.227,1,6.227,62014,10,290,2019.7898401826485,2038,2020,-0.968832398,0.24771714750711613
South Buck Creek,17/10/2002,5.347,5.347,1,5.347,55806,10,291,2002.7925799086759,1834,2003,-0.964424811,0.26435730265617213
South Buck Creek,17/10/2006,3.084,3.084,1,3.084,57267,10,291,2006.7925799086759,1882,2007,-0.964424811,0.2643573026552118
South Buck Creek,17/10/2017,3.937,3.937,1,3.937,61285,10,291,2017.7925799086759,2014,2018,-0.964424811,0.26435730265520235
South Buck Creek,17/10/2019,8.27,8.27,1,8.27,62015,10,291,2019.7925799086759,2038,2020,-0.964424811,0.26435730265647644
South Buck Creek,18/10/2004,2.742,2.742,1,2.742,56538,10,292,2004.795878870674,1858,2005,-0.958738433,0.2842896701442167
South Buck Creek,18/10/2005,4.484,4.484,1,4.484,56903,10,292,2005.7953196347032,1870,2006,-0.959731445,0.2809191230298604
South Buck Creek,18/10/2016,4.84,4.84,1,4.84,60921,10,292,2016.795878870674,2002,2017,-0.958738433,0.28428967014484063
South Buck Creek,02/10/2002,4.687,4.687,1,4.687,55791,10,276,2002.7514840182648,1834,2003,-0.999956528,0.009324227
South Buck Creek,02/10/2007,2.448,2.448,1,2.448,57617,10,276,2007.7514840182648,1894,2008,-0.999956528,0.009324227
South Buck Creek,02/10/2018,5.021,5.021,1,5.021,61635,10,276,2018.7514840182648,2026,2019,-0.999956528,0.009324227
South Buck Creek,20/10/2015,5.138,5.138,1,5.138,60557,10,294,2015.800799086758,1990,2016,-0.94949302,0.31378815362309287
South Buck Creek,21/10/2002,4.094,4.094,1,4.094,55810,10,295,2002.8035388127853,1834,2003,-0.943950995,0.3300856240390409
South Buck Creek,21/10/2003,4.778,4.778,1,4.778,56175,10,295,2003.8035388127853,1846,2004,-0.943950995,0.33008562403966446
South Buck Creek,21/10/2014,4,4,1,4,60193,10,295,2014.8035388127853,1978,2015,-0.943950995,0.3300856240396552
South Buck Creek,22/10/2001,4.032,4.032,1,4.032,55446,10,296,2001.8062785388129,1822,2002,-0.938129257,0.34628528296307565
South Buck Creek,22/10/2008,3.584,3.584,1,3.584,58003,10,296,2008.8068078324227,1906,2009,-0.936972448,0.349403252
South Buck Creek,22/10/2013,3.881,3.881,1,3.881,59829,10,296,2013.8062785388129,1966,2014,-0.938129257,0.3462852829619797
South Buck Creek,23/10/2012,4.193,4.193,1,4.193,59465,10,297,2012.8095400728598,1954,2013,-0.930836411,0.36543614430732857
South Buck Creek,24/10/2017,5.957,5.957,1,5.957,61292,10,298,2017.8117579908676,2014,2018,-0.925653625,0.3783719954943997
South Buck Creek,25/10/2008,7.205,7.205,1,7.205,58006,10,299,2008.815004553734,1906,2009,-0.917743262,0.3971741492264611
South Buck Creek,25/10/2011,3.602,3.602,1,3.602,59101,10,299,2011.814497716895,1942,2012,-0.919003427,0.39424954112078375
South Buck Creek,26/10/2003,4.115,4.115,1,4.115,56180,10,300,2003.8172374429223,1846,2004,-0.912080909,0.4100102620983178
South Buck Creek,26/10/2008,6.832,6.832,1,6.832,58007,10,300,2008.8177367941712,1906,2009,-0.910790008,0.412869908
South Buck Creek,26/10/2010,3.719,3.719,1,3.719,58737,10,300,2010.8172374429223,1930,2011,-0.912080909,0.41001026209921704
South Buck Creek,27/10/2003,5.898,5.898,1,5.898,56181,10,301,2003.8199771689497,1846,2004,-0.904888122,0.4256494881879452
South Buck Creek,27/10/2009,4.034,4.034,1,4.034,58373,10,301,2009.8199771689497,1918,2010,-0.904888122,0.42564948818659365
South Buck Creek,28/10/2003,5.164,5.164,1,5.164,56182,10,302,2003.8227168949772,1846,2004,-0.897427197,0.44116258514793977
South Buck Creek,28/10/2008,4.582,4.582,1,4.582,58009,10,302,2008.8232012750454,1906,2009,-0.896080386,0.44389181233697667
South Buck Creek,28/10/2018,6.934,6.934,1,6.934,61661,10,302,2018.8227168949772,2026,2019,-0.897427197,0.4411625851470374
South Buck Creek,28/10/2020,5.028,5.028,1,5.028,62392,10,302,2020.8232012750454,2050,2021,-0.896080386,0.44389181233592984
South Buck Creek,29/10/2015,6.58,6.58,1,6.58,60566,10,303,2015.8254566210046,1990,2016,-0.889700345,0.4565449561118323
South Buck Creek,29/10/2019,5.231,5.231,1,5.231,62027,10,303,2019.8254566210046,2038,2020,-0.889700345,0.4565449561109464
South Buck Creek,03/10/2006,4.092,4.092,1,4.092,57253,10,277,2006.7542237442922,1882,2007,-0.999647873,0.026535453021780592
South Buck Creek,03/10/2017,2.684,2.684,1,2.684,61271,10,277,2017.7542237442922,2014,2018,-0.999647873,0.026535453021770794
South Buck Creek,30/10/2007,4.344,4.344,1,4.344,57645,10,304,2007.828196347032,1894,2008,-0.881709855,0.4717920429517631
South Buck Creek,30/10/2017,8.267,8.267,1,8.267,61298,10,304,2017.828196347032,2014,2018,-0.881709855,0.471792043
South Buck Creek,30/10/2018,5.189,5.189,1,5.189,61663,10,304,2018.828196347032,2026,2019,-0.881709855,0.4717920429517544
South Buck Creek,31/10/2006,3.96,3.96,1,3.96,57281,10,305,2006.8309360730593,1882,2007,-0.873458096,0.4868993276265441
South Buck Creek,31/10/2017,6.02,6.02,1,6.02,61299,10,305,2017.8309360730593,2014,2018,-0.873458096,0.48689932762653554
South Buck Creek,31/10/2019,7.839,7.839,1,7.839,62029,10,305,2019.8309360730593,2038,2020,-0.873458096,0.48689932762768945
South Buck Creek,04/10/2003,5.59,5.59,1,5.59,56158,10,278,2003.7569634703195,1846,2004,-0.999043,0.043738816
South Buck Creek,04/10/2005,3.173,3.173,1,3.173,56889,10,278,2005.7569634703195,1870,2006,-0.999043,0.043738816
South Buck Creek,04/10/2016,2.797,2.797,1,2.797,60907,10,278,2016.7576275045537,2002,2017,-0.998851816,0.047906680885944276
South Buck Creek,05/10/2004,4.318,4.318,1,4.318,56525,10,279,2004.7603597449909,1858,2005,-0.997882251,0.065046241
South Buck Creek,06/10/2007,4.894,4.894,1,4.894,57621,10,280,2007.7624429223745,1894,2008,-0.996945407,0.078101567
South Buck Creek,06/10/2010,5.48,5.48,1,5.48,58717,10,280,2010.7624429223745,1930,2011,-0.996945407,0.078101567
South Buck Creek,06/10/2015,3.07,3.07,1,3.07,60543,10,280,2015.7624429223745,1990,2016,-0.996945407,0.078101567
South Buck Creek,07/10/2003,4.33,4.33,1,4.33,56161,10,281,2003.7651826484018,1846,2004,-0.995453309,0.095250772
South Buck Creek,07/10/2013,5.374,5.374,1,5.374,59814,10,281,2013.7651826484018,1966,2014,-0.995453309,0.095250772
South Buck Creek,07/10/2014,4.164,4.164,1,4.164,60179,10,281,2014.7651826484018,1978,2015,-0.995453309,0.095250772
South Buck Creek,07/10/2019,8.081,8.081,1,8.081,62005,10,281,2019.7651826484018,2038,2020,-0.995453309,0.095250772
South Buck Creek,08/10/2001,4.247,4.247,1,4.247,55432,10,282,2001.7679223744292,1822,2002,-0.993666236,0.11237175161602116
South Buck Creek,08/10/2002,2.866,2.866,1,2.866,55797,10,282,2002.7679223744292,1834,2003,-0.993666236,0.11237175161487006
South Buck Creek,08/10/2013,5.614,5.614,1,5.614,59815,10,282,2013.7679223744292,1966,2014,-0.993666236,0.11237175161486032
South Buck Creek,09/10/2012,3.613,3.613,1,3.613,59451,10,283,2012.7712887067396,1954,2013,-0.991067343,0.1333623716483536
South Buck Creek,01/11/2005,4.44,4.44,1,4.44,56917,11,306,2005.8336757990867,1871,2006,-0.864947512,0.5018623335239997
South Buck Creek,01/11/2013,6.15,6.15,1,6.15,59839,11,306,2013.8336757990867,1967,2014,-0.864947512,0.5018623335238505
South Buck Creek,01/11/2016,4.45,4.45,1,4.45,60935,11,306,2016.8341302367942,2003,2017,-0.863511012,0.504329983
South Buck Creek,01/11/2019,6.984,6.984,1,6.984,62030,11,306,2019.8336757990867,2039,2020,-0.864947512,0.5018623335241319
South Buck Creek,10/11/2005,5.833,5.833,1,5.833,56926,11,315,2005.8583333333333,1871,2006,-0.777145961,0.6293203910500316
South Buck Creek,10/11/2009,3.191,3.191,1,3.191,58387,11,315,2009.8583333333333,1919,2010,-0.777145961,0.6293203910492577
South Buck Creek,10/11/2020,4.492,4.492,1,4.492,62405,11,315,2020.8587204007285,2051,2021,-0.775613147,0.6312085596103304
South Buck Creek,12/11/2008,3.376,3.376,1,3.376,58024,11,317,2008.864184881603,1907,2009,-0.753488152,0.6574614851757388
South Buck Creek,13/11/2007,3.528,3.528,1,3.528,57659,11,318,2007.8665525114154,1895,2008,-0.743624574,0.6685974072687687
South Buck Creek,14/11/2006,3.672,3.672,1,3.672,57295,11,319,2006.869292237443,1883,2007,-0.732005593,0.6812986219861227
South Buck Creek,14/11/2017,3.584,3.584,1,3.584,61313,11,319,2017.869292237443,2015,2018,-0.732005593,0.6812986219861156
South Buck Creek,14/11/2018,4.405,4.405,1,4.405,61678,11,319,2018.869292237443,2027,2019,-0.732005593,0.6812986219865991
South Buck Creek,14/11/2019,3.564,3.564,1,3.564,62043,11,319,2019.869292237443,2039,2020,-0.732005593,0.6812986219870826
South Buck Creek,15/11/2005,3.535,3.535,1,3.535,56931,11,320,2005.8720319634704,1871,2006,-0.720169702,0.6937979532181462
South Buck Creek,15/11/2016,3.642,3.642,1,3.642,60949,11,320,2016.8723816029144,2003,2017,-0.718643796,0.6953783821522957
South Buck Creek,15/11/2020,4.603,4.603,1,4.603,62410,11,320,2020.8723816029144,2051,2021,-0.718643796,0.6953783821515801
South Buck Creek,16/11/2004,2.782,2.782,1,2.782,56567,11,321,2004.8751138433515,1859,2005,-0.706600808,0.7076123929302613
South Buck Creek,17/11/2015,4.008,4.008,1,4.008,60585,11,322,2015.877511415525,1991,2016,-0.695861287,0.718176211
South Buck Creek,18/11/2003,3.802,3.802,1,3.802,56203,11,323,2003.8802511415524,1847,2004,-0.683395964,0.7300479134646732
South Buck Creek,18/11/2013,5.296,5.296,1,5.296,59856,11,323,2013.8802511415524,1967,2014,-0.683395964,0.7300479134642152
South Buck Creek,18/11/2014,3.316,3.316,1,3.316,60221,11,323,2014.8802511415524,1979,2015,-0.683395964,0.7300479134646666
South Buck Creek,19/11/2002,3.127,3.127,1,3.127,55839,11,324,2002.882991,1835,2003,-0.670728137,0.7417032871179106
South Buck Creek,19/11/2013,4.168,4.168,1,4.168,59857,11,324,2013.882991,1967,2014,-0.670728137,0.741703287
South Buck Creek,19/11/2020,4.348,4.348,1,4.348,62414,11,324,2020.8833105646631,2051,2021,-0.669236914,0.7430490921999234
South Buck Creek,02/11/2004,3.035,3.035,1,3.035,56553,11,307,2004.8368624772313,1859,2005,-0.854726277,0.519078984
South Buck Creek,02/11/2013,5.707,5.707,1,5.707,59840,11,307,2013.8364155251143,1967,2014,-0.856180625,0.5166766267813682
South Buck Creek,20/11/2001,3.286,3.286,1,3.286,55475,11,325,2001.8857305936074,1823,2002,-0.657861559,0.7531388780798987
South Buck Creek,20/11/2012,2.668,2.668,1,2.668,59493,11,325,2012.8860428051003,1955,2013,-0.656382874,0.7544279437540033
South Buck Creek,22/11/2011,2.406,2.406,1,2.406,59129,11,327,2011.891210045662,1943,2012,-0.631547456,0.7753372236102533
South Buck Creek,23/11/2010,3.604,3.604,1,3.604,58765,11,328,2010.8939497716894,1931,2011,-0.61810773,0.7860934003305128
South Buck Creek,24/11/2009,3.382,3.382,1,3.382,58401,11,329,2009.8966894977168,1919,2010,-0.604484845,0.7966166406098609
South Buck Creek,24/11/2020,4.764,4.764,1,4.764,62419,11,329,2020.8969717668488,2051,2021,-0.603071056,0.7976874708304298
South Buck Creek,25/11/2008,3.798,3.798,1,3.798,58037,11,330,2008.899704007286,1907,2009,-0.589288826,0.8079224463670097
South Buck Creek,26/11/2019,3.784,3.784,1,3.784,62055,11,331,2019.9021689497717,2039,2020,-0.576705799,0.8169519087470286
South Buck Creek,27/11/2007,4.308,4.308,1,4.308,57673,11,332,2007.904908675799,1895,2008,-0.56255787,0.8267579108245247
South Buck Creek,27/11/2018,4.858,4.858,1,4.858,61691,11,332,2018.904908675799,2027,2019,-0.56255787,0.8267579108245191
South Buck Creek,28/11/2006,2.892,2.892,1,2.892,57309,11,333,2006.9076484018265,1883,2007,-0.548243242,0.8363189266891342
South Buck Creek,28/11/2017,3.227,3.227,1,3.227,61327,11,333,2017.9076484018265,2015,2018,-0.548243242,0.8363189266891289
South Buck Creek,29/11/2005,3.746,3.746,1,3.746,56945,11,334,2005.9103881278538,1871,2006,-0.533766159,0.8456321232075391
South Buck Creek,29/11/2016,4.24,4.24,1,4.24,60963,11,334,2016.9106329690346,2003,2017,-0.532464622,0.8464522587617322
South Buck Creek,03/11/2003,5.737,5.737,1,5.737,56188,11,308,2003.8391552511416,1847,2004,-0.847160034,0.531337818
South Buck Creek,03/11/2015,4.162,4.162,1,4.162,60571,11,308,2015.8391552511416,1991,2016,-0.847160034,0.5313378176031364
South Buck Creek,30/11/2004,3.965,3.965,1,3.965,56581,11,335,2004.9133652094717,1859,2005,-0.517855683,0.8554679953621867
South Buck Creek,04/11/2003,4.759,4.759,1,4.759,56189,11,309,2003.841894977169,1847,2004,-0.837888411,0.5458415615622024
South Buck Creek,04/11/2014,3.324,3.324,1,3.324,60207,11,309,2014.841894977169,1979,2015,-0.837888411,0.5458415615621942
South Buck Creek,05/11/2002,3.092,3.092,1,3.092,55825,11,310,2002.8446347031963,1835,2003,-0.828368504,0.5601835608848308
South Buck Creek,05/11/2008,4.488,4.488,1,4.488,58017,11,310,2008.845059198543,1907,2009,-0.826871447,0.5623909760610671
South Buck Creek,05/11/2013,3.688,3.688,1,3.688,59843,11,310,2013.8446347031963,1967,2014,-0.828368504,0.5601835608848227
South Buck Creek,05/11/2020,5.618,5.618,1,5.618,62400,11,310,2020.845059198543,2051,2021,-0.826871447,0.5623909760601012
South Buck Creek,06/11/2001,3.541,3.541,1,3.541,55461,11,311,2001.8473744292237,1823,2002,-0.818603133,0.5743595657301355
South Buck Creek,06/11/2012,2.874,2.874,1,2.874,59479,11,311,2012.847791,1955,2013,-0.817095417,0.576502454
South Buck Creek,06/11/2017,5.275,5.275,1,5.275,61305,11,311,2017.8473744292237,2015,2018,-0.818603133,0.5743595657298531
South Buck Creek,08/11/2011,2.618,2.618,1,2.618,59115,11,313,2011.8528538812786,1943,2012,-0.798347647,0.6021968397924963
South Buck Creek,09/11/2005,4.544,4.544,1,4.544,56925,11,314,2005.855593607306,1871,2006,-0.787863535,0.6158498602227747
South Buck Creek,09/11/2010,3.077,3.077,1,3.077,58751,11,314,2010.855593607306,1931,2011,-0.787863535,0.6158498602239437
South Buck Creek,01/12/2015,3.212,3.212,1,3.212,60599,12,336,2015.9158675799088,1992,2016,-0.504341829,0.8635040936504781
South Buck Creek,10/12/2019,4.904,4.904,1,4.904,62069,12,345,2019.9405251141552,2040,2020,-0.36505486,0.930986009
South Buck Creek,11/12/2007,2.856,2.856,1,2.856,57687,12,346,2007.9432648401826,1896,2008,-0.348975379,0.9371318929228584
South Buck Creek,11/12/2018,4.212,4.212,1,4.212,61705,12,346,2018.9432648401826,2028,2019,-0.348975379,0.9371318929228549
South Buck Creek,12/12/2006,2.964,2.964,1,2.964,57323,12,347,2006.9460045662101,1884,2007,-0.33279249,0.943000084
South Buck Creek,12/12/2017,3.18,3.18,1,3.18,61341,12,347,2017.9460045662101,2016,2018,-0.33279249,0.9430000842118148
South Buck Creek,13/12/2005,2.75,2.75,1,2.75,56959,12,348,2005.9487442922375,1872,2006,-0.316510987,0.9485888442242066
South Buck Creek,13/12/2016,3.154,3.154,1,3.154,60977,12,348,2016.9488843351548,2004,2017,-0.315676186,0.9488669799198814
South Buck Creek,14/12/2004,3.416,3.416,1,3.416,56595,12,349,2004.951616575592,1860,2005,-0.299341107,0.9541461636976958
South Buck Creek,15/12/2015,4.83,4.83,1,4.83,60613,12,350,2015.9542237442922,1992,2016,-0.283671466,0.9589215294303582
South Buck Creek,16/12/2003,3.223,3.223,1,3.223,56231,12,351,2003.9569634703196,1848,2004,-0.267123179,0.9636623928268501
South Buck Creek,16/12/2014,2.563,2.563,1,2.563,60249,12,351,2014.9569634703196,1980,2015,-0.267123179,0.9636623928268475
South Buck Creek,17/12/2002,2.654,2.654,1,2.654,55867,12,352,2002.959703196347,1836,2003,-0.250495738,0.9681177022583405
South Buck Creek,17/12/2013,2.434,2.434,1,2.434,59885,12,352,2013.959703196347,1968,2014,-0.250495738,0.968117702
South Buck Creek,18/12/2012,3.512,3.512,1,3.512,59521,12,353,2012.9625455373407,1956,2013,-0.23316714,0.9724366738777056
South Buck Creek,19/12/2001,3.162,3.162,1,3.162,55504,12,354,2001.9651826484019,1824,2002,-0.217023122,0.9761664634184622
South Buck Creek,02/12/2003,3.54,3.54,1,3.54,56217,12,337,2003.9186073059361,1848,2004,-0.489403302,0.872057572
South Buck Creek,02/12/2014,3.517,3.517,1,3.517,60235,12,337,2014.9186073059361,1980,2015,-0.489403302,0.8720575717241232
South Buck Creek,20/12/2011,2.645,2.645,1,2.645,59157,12,355,2011.9679223744292,1944,2012,-0.200187867,0.97975753
South Buck Creek,21/12/2010,2.459,2.459,1,2.459,58793,12,356,2010.9706621004566,1932,2011,-0.183293292,0.9830582735300798
South Buck Creek,22/12/2009,2.516,2.516,1,2.516,58429,12,357,2009.973401826484,1920,2010,-0.166344403,0.9860677155524509
South Buck Creek,22/12/2020,3.371,3.371,1,3.371,62447,12,357,2020.9734744990892,2052,2021,-0.165894132,0.9861435681770354
South Buck Creek,23/12/2008,3.014,3.014,1,3.014,58065,12,358,2008.9762067395263,1908,2009,-0.148941221,0.988846051
South Buck Creek,23/12/2019,3.118,3.118,1,3.118,62082,12,358,2019.9761415525113,2040,2020,-0.149346222,0.9887849644299406
South Buck Creek,26/12/2006,3.252,3.252,1,3.252,57337,12,361,2006.9843607305936,1884,2007,-0.098106366,0.9951759347176669
South Buck Creek,26/12/2007,3.24,3.24,1,3.24,57702,12,361,2007.9843607305936,1896,2008,-0.098106366,0.9951759347177316
South Buck Creek,26/12/2017,3.258,3.258,1,3.258,61355,12,361,2017.9843607305936,2016,2018,-0.098106366,0.9951759347176659
South Buck Creek,27/12/2005,3.463,3.463,1,3.463,56973,12,362,2005.987100456621,1872,2006,-0.080961512,0.9967172284752742
South Buck Creek,27/12/2016,4.081,4.081,1,4.081,60991,12,362,2016.987135701275,2004,2017,-0.080740789,0.996735133
South Buck Creek,28/12/2004,3.061,3.061,1,3.061,56609,12,363,2004.9898679417122,1860,2005,-0.063618607,0.9979742846477391
South Buck Creek,03/12/2002,2.744,2.744,1,2.744,55853,12,338,2002.9213470319635,1836,2003,-0.474319754,0.8803526403178549
South Buck Creek,03/12/2013,2.845,2.845,1,2.845,59871,12,338,2013.9213470319635,1968,2014,-0.474319754,0.8803526403178502
South Buck Creek,30/12/2014,3.211,3.211,1,3.211,60263,12,365,2014.9953196347033,1980,2015,-0.029403364,0.9995676276198895
South Buck Creek,30/12/2015,4.008,4.008,1,4.008,60628,12,365,2015.9953196347033,1992,2016,-0.029403364,0.9995676276198554
South Buck Creek,31/12/2003,3.616,3.616,1,3.616,56246,12,366,2003.9980593607306,1848,2004,-0.012193094,0.9999256614662911
South Buck Creek,31/12/2013,2.62,2.62,1,2.62,59899,12,366,2013.9980593607306,1968,2014,-0.012193094,0.9999256614662829
South Buck Creek,04/12/2001,3.724,3.724,1,3.724,55489,12,339,2001.9240867579908,1824,2002,-0.459095655,0.8883868414255699
South Buck Creek,04/12/2012,3.329,3.329,1,3.329,59507,12,339,2012.9242941712205,1956,2013,-0.457937505,0.8889843875417365
South Buck Creek,06/12/2011,3.238,3.238,1,3.238,59143,12,341,2011.9295662100456,1944,2012,-0.428243888,0.9036631963571925
South Buck Creek,07/12/2010,2.906,2.906,1,2.906,58779,12,342,2010.9323059360731,1932,2011,-0.412625363,0.9109008234679614
South Buck Creek,08/12/2009,2.934,2.934,1,2.934,58415,12,343,2009.9350456621005,1920,2010,-0.396884567,0.9178685310058767
South Buck Creek,08/12/2020,3.697,3.697,1,3.697,62433,12,343,2020.935223132969,2052,2021,-0.395860822,0.9183105192489365
South Buck Creek,09/12/2008,2.58,2.58,1,2.58,58051,12,344,2008.937955373406,1908,2009,-0.38003847,0.9249706814905138
South Buck Creek,01/02/2011,1.544,1.544,1,1.544,58835,2,32,2011.0857305936072,1934,2011,0.5129872361097009,0.858396235
South Buck Creek,10/02/2015,1.844,1.844,1,1.844,60305,2,41,2015.1103881278539,1982,2015,0.639301127,0.7689564804924075
South Buck Creek,11/02/2003,2.444,2.444,1,2.444,55923,2,42,2003.1131278538812,1838,2003,0.6524427295032891,0.7578380333015083
South Buck Creek,11/02/2014,1.663,1.663,1,1.663,59941,2,42,2014.1131278538812,1970,2014,0.6524427295032816,0.7578380333015147
South Buck Creek,12/02/2013,2.219,2.219,1,2.219,59577,2,43,2013.1158675799086,1958,2013,0.6653909990483694,0.7464950223446991
South Buck Creek,14/02/2012,1.972,1.972,1,1.972,59213,2,45,2012.1210154826958,1946,2012,0.6891842998520147,0.7245860893209919
South Buck Creek,15/02/2011,1.585,1.585,1,1.585,58849,2,46,2011.1240867579909,1934,2011,0.7030377352437575,0.7111525453960833
South Buck Creek,16/02/2010,1.901,1.901,1,1.901,58485,2,47,2010.1268264840182,1922,2010,0.7151748946621396,0.6989455415445452
South Buck Creek,17/02/2009,2.819,2.819,1,2.819,58121,2,48,2009.1295662100456,1910,2009,0.7271001323244869,0.6865314250445594
South Buck Creek,17/02/2021,2.551,2.551,1,2.551,62504,2,48,2021.1295662100456,2054,2021,0.7271001323236849,0.6865314250454089
South Buck Creek,18/02/2020,2.521,2.521,1,2.521,62139,2,49,2020.1319444444443,2042,2020,0.7372773368089377,0.675590208
South Buck Creek,19/02/2008,3.3,3.3,1,3.3,57757,2,50,2008.1346766848817,1898,2008,0.7487661015856865,0.6628343119635355
South Buck Creek,19/02/2019,3.202,3.202,1,3.202,61775,2,50,2019.1350456621005,2030,2019,0.7503007714044622,0.6610966286632152
South Buck Creek,02/02/2010,2.519,2.519,1,2.519,58471,2,33,2010.0884703196348,1922,2010,0.5276871116244882,0.849438822
South Buck Creek,20/02/2007,1.896,1.896,1,1.896,57393,2,51,2007.137785388128,1886,2007,0.7615692979704085,0.6480834856628112
South Buck Creek,21/02/2006,2.639,2.639,1,2.639,57029,2,52,2006.1405251141553,1874,2006,0.7726121551185422,0.6348783015374534
South Buck Creek,21/02/2017,3.277,3.277,1,3.277,61047,2,52,2017.1405251141553,2006,2017,0.772612155,0.6348783015374609
South Buck Creek,21/02/2018,4.496,4.496,1,4.496,61412,2,52,2018.1405251141553,2018,2018,0.7726121551189554,0.6348783015369506
South Buck Creek,22/02/2005,2.068,2.068,1,2.068,56665,2,53,2005.1432648401826,1862,2005,0.7834260706107699,0.6214849892695471
South Buck Creek,23/02/2016,2.786,2.786,1,2.786,60683,2,54,2016.1456056466302,1994,2016,0.7924816360168938,0.6098957751747321
South Buck Creek,24/02/2004,2.026,2.026,1,2.026,56301,2,55,2004.1483378870673,1850,2004,0.8028345340208051,0.5962019045454289
South Buck Creek,24/02/2015,1.762,1.762,1,1.762,60319,2,55,2015.1487442922376,1982,2015,0.8043543278305223,0.5941499097873437
South Buck Creek,24/02/2017,4.933,4.933,1,4.933,61050,2,55,2017.1487442922376,2006,2017,0.8043543278313072,0.5941499097862811
South Buck Creek,25/02/2003,2.4,2.4,1,2.4,55937,2,56,2003.151484018265,1838,2003,0.8144624680644797,0.5802162425461013
South Buck Creek,25/02/2014,2.382,2.382,1,2.382,59955,2,56,2014.151484018265,1970,2014,0.8144624680644741,0.5802162425461093
South Buck Creek,26/02/2002,2.875,2.875,1,2.875,55573,2,57,2002.1542237442923,1826,2002,0.8243292654915952,0.5661106447101018
South Buck Creek,26/02/2013,1.734,1.734,1,1.734,59591,2,57,2013.1542237442923,1958,2013,0.8243292654915897,0.5661106447101099
South Buck Creek,28/02/2012,1.68,1.68,1,1.68,59227,2,59,2012.159266848816,1946,2012,0.8418506765072203,0.5397105135758756
South Buck Creek,03/02/2009,1.8,1.8,1,1.8,58107,2,34,2009.0912100456621,1910,2009,0.5422306220596748,0.8402297022248012
South Buck Creek,04/02/2020,2.551,2.551,1,2.551,62125,2,35,2020.0936930783241,2042,2020,0.5552728228538788,0.8316682585020814
South Buck Creek,04/02/2021,2.405,2.405,1,2.405,62491,2,35,2021.0939497716895,2054,2021,0.556613458,0.8307716043115854
South Buck Creek,05/02/2002,3.197,3.197,1,3.197,55552,2,36,2002.0966894977169,1826,2002,0.5708313570773224,0.821067331
South Buck Creek,05/02/2008,3.108,3.108,1,3.108,57743,2,36,2008.0964253187615,1898,2008,0.5694676937027459,0.8220137138934336
South Buck Creek,05/02/2019,3.815,3.815,1,3.815,61761,2,36,2019.0966894977169,2030,2019,0.5708313570775815,0.8210673308425849
South Buck Creek,06/02/2007,2.268,2.268,1,2.268,57379,2,37,2007.0994292237442,1886,2007,0.5848801066447641,0.8111197574040527
South Buck Creek,06/02/2018,2.839,2.839,1,2.839,61397,2,37,2018.0994292237442,2018,2018,0.5848801066447561,0.8111197574040585
South Buck Creek,07/02/2006,3.079,3.079,1,3.079,57015,2,38,2006.1021689497718,1874,2006,0.5987555436165372,0.8009318316738729
South Buck Creek,07/02/2017,2.795,2.795,1,2.795,61033,2,38,2017.1021689497718,2006,2017,0.5987555436165293,0.8009318316738787
South Buck Creek,08/02/2005,2.672,2.672,1,2.672,56651,2,39,2005.1049086757992,1862,2005,0.6124535563970517,0.7905065725574985
South Buck Creek,08/02/2019,4.651,4.651,1,4.651,61764,2,39,2019.1049086757992,2030,2019,0.6124535563957346,0.7905065725585189
South Buck Creek,09/02/2016,2.873,2.873,1,2.873,60669,2,40,2016.107354,1994,2016,0.6245278458976848,0.7810025414160939
South Buck Creek,01/03/2011,2.467,2.467,1,2.467,58863,3,61,2011.1624429223743,1935,2011,0.8524527262323313,0.522804313
South Buck Creek,10/03/2002,4.166,4.166,1,4.166,55585,3,70,2002.187100456621,1827,2002,0.9229159318795214,0.38500153594882547
South Buck Creek,10/03/2015,1.44,1.44,1,1.44,60333,3,70,2015.187100456621,1983,2015,0.9229159318793259,0.38500153594929404
South Buck Creek,11/03/2003,2.261,2.261,1,2.261,55951,3,71,2003.1898401826484,1839,2003,0.9294063604839008,0.3690580131795941
South Buck Creek,11/03/2014,1.662,1.662,1,1.662,59969,3,71,2014.1898401826484,1971,2014,0.9294063604838971,0.3690580131796032
South Buck Creek,11/03/2016,4.396,4.396,1,4.396,60700,3,71,2016.192053734062,1995,2016,0.9344492213625962,0.3560964092697899
South Buck Creek,11/03/2020,4.315,4.315,1,4.315,62161,3,71,2020.192053734062,2043,2020,0.9344492213622416,0.3560964092707204
South Buck Creek,12/03/2002,3.236,3.236,1,3.236,55587,3,72,2002.1925799086757,1827,2002,0.9356213859256182,0.35300513055566973
South Buck Creek,12/03/2013,3.443,3.443,1,3.443,59605,3,72,2013.1925799086757,1959,2013,0.9356213859256147,0.3530051305556789
South Buck Creek,12/03/2021,5.621,5.621,1,5.621,62527,3,72,2021.1925799086757,2055,2021,0.9356213859255539,0.35300513055584026
South Buck Creek,13/03/2012,3.202,3.202,1,3.202,59241,3,73,2012.1975182149363,1947,2012,0.9461224242735367,0.3238091386708624
South Buck Creek,15/03/2011,2.526,2.526,1,2.526,58877,3,75,2011.200799086758,1935,2011,0.9525960381010729,0.3042380452772784
South Buck Creek,15/03/2019,3.984,3.984,1,3.984,61799,3,75,2019.200799086758,2031,2019,0.9525960381010204,0.3042380452774427
South Buck Creek,16/03/2002,3.817,3.817,1,3.817,55591,3,76,2002.2035388127854,1827,2002,0.9576918585483304,0.28779559425092777
South Buck Creek,16/03/2010,3.653,3.653,1,3.653,58513,3,76,2010.2035388127854,1923,2010,0.9576918585482808,0.28779559425109297
South Buck Creek,16/03/2021,3.974,3.974,1,3.974,62531,3,76,2021.2035388127854,2055,2021,0.957691859,0.28779559425110235
South Buck Creek,17/03/2009,2.953,2.953,1,2.953,58149,3,77,2009.2062785388127,1911,2009,0.9625038942291071,0.27126786317919016
South Buck Creek,17/03/2020,3.218,3.218,1,3.218,62167,3,77,2020.2084471766848,2043,2020,0.9661107121353693,0.25812805329388283
South Buck Creek,18/03/2008,2.664,2.664,1,2.664,57785,3,78,2008.2111794171221,1899,2008,0.970399465,0.24150544246854308
South Buck Creek,19/03/2009,3.37,3.37,1,3.37,58151,3,79,2009.2117579908677,1911,2009,0.9712709921654771,0.23797617481144973
South Buck Creek,19/03/2019,3.275,3.275,1,3.275,61803,3,79,2019.2117579908677,2031,2019,0.9712709921653175,0.23797617481210084
South Buck Creek,02/03/2010,1.909,1.909,1,1.909,58499,3,62,2010.165182648402,1923,2010,0.8613256430002775,0.5080532813693447
South Buck Creek,02/03/2021,3.563,3.563,1,3.563,62517,3,62,2021.165182648402,2055,2021,0.8613256430002725,0.5080532813693531
South Buck Creek,20/03/2007,2.784,2.784,1,2.784,57421,3,80,2007.214497716895,1887,2007,0.9752234565406734,0.22122208256153209
South Buck Creek,20/03/2018,2.596,2.596,1,2.596,61439,3,80,2018.214497716895,2019,2018,0.9752234565406712,0.22122208256154163
South Buck Creek,20/03/2020,4.142,4.142,1,4.142,62170,3,80,2020.2166438979964,2043,2020,0.9781178469248067,0.20805162226519716
South Buck Creek,21/03/2006,2.483,2.483,1,2.483,57057,3,81,2006.2172374429224,1875,2006,0.978886941,0.20440243743354383
South Buck Creek,21/03/2017,3.182,3.182,1,3.182,61075,3,81,2017.2172374429224,2007,2017,0.978886941,0.20440243743355344
South Buck Creek,21/03/2020,4.702,4.702,1,4.702,62171,3,81,2020.2193761384335,2043,2020,0.9815452017689342,0.19123027188283295
South Buck Creek,22/03/2005,3.226,3.226,1,3.226,56693,3,82,2005.2199771689498,1863,2005,0.98226036,0.18752222345197586
South Buck Creek,22/03/2016,3.083,3.083,1,3.083,60711,3,82,2016.2221083788706,1995,2016,0.9846832907370661,0.17435256506063396
South Buck Creek,23/03/2004,2.453,2.453,1,2.453,56329,3,83,2004.2248406193078,1851,2004,0.9875311890197997,0.15742347573707202
South Buck Creek,24/03/2015,1.506,1.506,1,1.506,60347,3,84,2015.2254566210045,1983,2015,0.9881330908333315,0.15360011328175258
South Buck Creek,25/03/2003,3.379,3.379,1,3.379,55965,3,85,2003.228196347032,1839,2003,0.9906306617086359,0.13656826894527935
South Buck Creek,25/03/2014,1.585,1.585,1,1.585,59983,3,85,2014.228196347032,1971,2014,0.9906306617086346,0.13656826894528906
South Buck Creek,26/03/2013,2.269,2.269,1,2.269,59619,3,86,2013.2309360730594,1959,2013,0.9928346873393018,0.11949595648335089
South Buck Creek,26/03/2015,1.54,1.54,1,1.54,60349,3,86,2015.2309360730594,1983,2015,0.9928346873392423,0.11949595648384519
South Buck Creek,26/03/2021,5.17,5.17,1,5.17,62541,3,86,2021.2309360730594,2055,2021,0.9928346873392812,0.11949595648352214
South Buck Creek,27/03/2002,3.236,3.236,1,3.236,55602,3,87,2002.2336757990868,1827,2002,0.9947445146248542,0.10238823479171401
South Buck Creek,27/03/2012,2.478,2.478,1,2.478,59255,3,87,2012.2357695810565,1947,2012,0.9960053773474947,0.089293271
South Buck Creek,28/03/2003,1.664,1.664,1,1.664,55968,3,88,2003.2364155251141,1839,2003,0.9963595776424622,0.085250173
South Buck Creek,29/03/2003,4.61,4.61,1,4.61,55969,3,89,2003.2391552511415,1839,2003,0.997679398,0.06808685
South Buck Creek,29/03/2009,4.092,4.092,1,4.092,58161,3,89,2009.2391552511415,1911,2009,0.9976793978139971,0.06808685
South Buck Creek,29/03/2011,2.34,2.34,1,2.34,58891,3,89,2011.2391552511415,1935,2011,0.9976793978139632,0.06808685
South Buck Creek,03/03/2009,2.57,2.57,1,2.57,58135,3,63,2009.1679223744293,1911,2009,0.8699433303903124,0.4931517027339678
South Buck Creek,03/03/2020,3.761,3.761,1,3.761,62153,3,63,2020.1701958105646,2043,2020,0.8768987249935736,0.48067517733355547
South Buck Creek,30/03/2010,3.352,3.352,1,3.352,58527,3,90,2010.2418949771688,1923,2010,0.9987035840483094,0.050903351648604586
South Buck Creek,30/03/2018,5.099,5.099,1,5.099,61449,3,90,2018.2418949771688,2019,2018,0.9987035840483006,0.050903352
South Buck Creek,30/03/2021,4.474,4.474,1,4.474,62545,3,90,2021.2418949771688,2055,2021,0.9987035840483088,0.050903352
South Buck Creek,31/03/2009,3.31,3.31,1,3.31,58163,3,91,2009.2446347031964,1911,2009,0.9994318328569636,0.033704769279292786
South Buck Creek,31/03/2020,3.92,3.92,1,3.92,62181,3,91,2020.246698542805,2043,2020,0.9997848578474315,0.020742179706847025
South Buck Creek,04/03/2008,2.628,2.628,1,2.628,57771,3,64,2008.172928051002,1899,2008,0.8850209405531022,0.46555121606811684
South Buck Creek,05/03/2011,4.088,4.088,1,4.088,58867,3,65,2011.173401826484,1935,2011,0.8864028789986669,0.46291460994753103
South Buck Creek,05/03/2019,2.72,2.72,1,2.72,61789,3,65,2019.173401826484,2031,2019,0.886402879,0.4629146099476839
South Buck Creek,06/03/2004,3.277,3.277,1,3.277,56312,3,66,2004.1783925318762,1851,2004,0.9004805956819838,0.43489619083204173
South Buck Creek,06/03/2007,2.076,2.076,1,2.076,57407,3,66,2007.1761415525114,1887,2007,0.8942398628970964,0.4475880557005315
South Buck Creek,06/03/2018,3.054,3.054,1,3.054,61425,3,66,2018.1761415525114,2019,2018,0.8942398628970921,0.4475880557005402
South Buck Creek,07/03/2006,2.135,2.135,1,2.135,57043,3,67,2006.1788812785387,1875,2006,0.9018118642257803,0.43212887145112494
South Buck Creek,07/03/2017,3.666,3.666,1,3.666,61061,3,67,2017.1788812785387,2007,2017,0.901811864,0.4321288714511338
South Buck Creek,08/03/2016,2.627,2.627,1,2.627,60697,3,68,2016.1838570127504,1995,2016,0.9148788259601516,0.40372853975137146
South Buck Creek,09/03/2002,4.208,4.208,1,4.208,55584,3,69,2002.1843607305937,1827,2002,0.9161520233666391,0.4008309744533387
South Buck Creek,09/03/2004,3.055,3.055,1,3.055,56315,3,69,2004.1865892531875,1851,2004,0.9216745537103701,0.3879639378122534
South Buck Creek,09/03/2005,2.574,2.574,1,2.574,56680,3,69,2005.1843607305937,1863,2005,0.9161520233667043,0.40083097445318966
South Buck Creek,01/04/2008,3.432,3.432,1,3.432,57799,4,92,2008.2494307832424,1900,2008,0.9999936043508348,0.003576487
South Buck Creek,10/04/2011,4.122,4.122,1,4.122,58903,4,101,2011.2720319634702,1936,2011,0.9904337329667219,-0.137989205
South Buck Creek,10/04/2012,2.42,2.42,1,2.42,59269,4,101,2012.2740209471767,1948,2012,0.9886319642351306,-0.150355709
South Buck Creek,10/04/2015,3.563,3.563,1,3.563,60364,4,101,2015.2720319634702,1984,2015,0.9904337329668593,-0.137989205
South Buck Creek,11/04/2011,4.415,4.415,1,4.415,58904,4,102,2011.2747716894978,1936,2011,0.9879117321959704,-0.155017449
South Buck Creek,11/04/2017,4.193,4.193,1,4.193,61096,4,102,2017.2747716894978,2008,2017,0.987911732,-0.155017449
South Buck Creek,12/04/2003,3.638,3.638,1,3.638,55983,4,103,2003.2775114155252,1840,2003,0.9850969918583377,-0.171999758
South Buck Creek,12/04/2008,4.276,4.276,1,4.276,57810,4,103,2008.279485428051,1900,2008,0.9828879476910668,-0.184204458
South Buck Creek,12/04/2011,3.637,3.637,1,3.637,58905,4,103,2011.2775114155252,1936,2011,0.9850969918583674,-0.171999758
South Buck Creek,12/04/2021,5.064,5.064,1,5.064,62558,4,103,2021.2775114155252,2056,2021,0.9850969918581698,-0.171999758
South Buck Creek,13/04/2002,4.649,4.649,1,4.649,55619,4,104,2002.2802511415525,1828,2002,0.9819903460217192,-0.188931099
South Buck Creek,13/04/2004,3.431,3.431,1,3.431,56350,4,104,2004.282217668488,1852,2004,0.9795810024309028,-0.201049894
South Buck Creek,13/04/2010,2.978,2.978,1,2.978,58541,4,104,2010.2802511415525,1924,2010,0.9819903460217518,-0.188931099
South Buck Creek,13/04/2015,3.918,3.918,1,3.918,60367,4,104,2015.2802511415525,1984,2015,0.9819903460218151,-0.188931099
South Buck Creek,13/04/2018,3.908,3.908,1,3.908,61463,4,104,2018.2802511415525,2020,2018,0.9819903460217844,-0.188931099
South Buck Creek,13/04/2020,4.387,4.387,1,4.387,62194,4,104,2020.282217668488,2044,2020,0.9795810024309722,-0.201049893
South Buck Creek,13/04/2021,4.7,4.7,1,4.7,62559,4,104,2021.2802511415525,2056,2021,0.9819903460217536,-0.188931099
South Buck Creek,14/04/2004,4.015,4.015,1,4.015,56351,4,105,2004.2849499089252,1852,2004,0.9759853701533137,-0.217836079
South Buck Creek,14/04/2008,3.096,3.096,1,3.096,57812,4,105,2008.2849499089252,1900,2008,0.9759853701531342,-0.217836079
South Buck Creek,14/04/2009,2.765,2.765,1,2.765,58177,4,105,2009.2829908675799,1912,2009,0.9785927152525117,-0.205806457
South Buck Creek,14/04/2015,4.018,4.018,1,4.018,60368,4,105,2015.2829908675799,1984,2015,0.9785927152528191,-0.205806457
South Buck Creek,15/04/2003,4.063,4.063,1,4.063,55986,4,106,2003.2857305936072,1840,2003,0.9749051063423012,-0.222620829
South Buck Creek,15/04/2015,3.776,3.776,1,3.776,60369,4,106,2015.2857305936072,1984,2015,0.9749051063421563,-0.222620829
South Buck Creek,15/04/2019,4.854,4.854,1,4.854,61830,4,106,2019.2857305936072,2032,2019,0.974905106,-0.222620829
South Buck Creek,16/04/2003,3.854,3.854,1,3.854,55987,4,107,2003.2884703196346,1840,2003,0.9709286120088672,-0.239369234
South Buck Creek,16/04/2013,4.528,4.528,1,4.528,59640,4,107,2013.2884703196346,1960,2013,0.9709286120085922,-0.239369234
South Buck Creek,16/04/2018,3.486,3.486,1,3.486,61466,4,107,2018.2884703196346,2020,2018,0.9709286120086724,-0.239369234
South Buck Creek,17/04/2004,3.401,3.401,1,3.401,56354,4,108,2004.2931466302368,1852,2004,0.9634773711955413,-0.267789759
South Buck Creek,17/04/2007,3.168,3.168,1,3.168,57449,4,108,2007.2912100456622,1888,2007,0.9666644105726906,-0.256046709
South Buck Creek,17/04/2018,3.607,3.607,1,3.607,61467,4,108,2018.2912100456622,2020,2018,0.9666644105726931,-0.256046709
South Buck Creek,18/04/2017,3.912,3.912,1,3.912,61103,4,109,2017.2939497716895,2008,2017,0.9621137656096819,-0.272648312
South Buck Creek,19/04/2003,3.707,3.707,1,3.707,55990,4,110,2003.296689497717,1840,2003,0.9572780255741733,-0.289169123
South Buck Creek,19/04/2005,2.52,2.52,1,2.52,56721,4,110,2005.296689497717,1864,2005,0.9572780255743173,-0.289169123
South Buck Creek,19/04/2013,4.27,4.27,1,4.27,59643,4,110,2013.296689497717,1960,2013,0.9572780255738411,-0.289169123
South Buck Creek,19/04/2016,2.975,2.975,1,2.975,60739,4,110,2016.298611111111,1996,2016,0.9537169507482401,-0.3007058
South Buck Creek,02/04/2019,3.858,3.858,1,3.858,61817,4,93,2019.2501141552511,2032,2019,0.9999997427700635,-7.17E-04
South Buck Creek,20/04/2004,2.872,2.872,1,2.872,56357,4,111,2004.3013433515482,1852,2004,0.9484144034538552,-0.317033309
South Buck Creek,20/04/2019,5.405,5.405,1,5.405,61835,4,111,2019.2994292237443,2032,2019,0.9521586233994707,-0.305604247
South Buck Creek,21/04/2005,3.617,3.617,1,3.617,56723,4,112,2005.3021689497716,1864,2005,0.9467570760758914,-0.321948814
South Buck Creek,21/04/2006,2.708,2.708,1,2.708,57088,4,112,2006.3021689497716,1876,2006,0.9467570760756788,-0.321948814
South Buck Creek,21/04/2012,3.274,3.274,1,3.274,59280,4,112,2012.3040755919853,1948,2012,0.9428323540808876,-0.333267388
South Buck Creek,21/04/2015,3.983,3.983,1,3.983,60375,4,112,2015.3021689497716,1984,2015,0.9467570760761073,-0.321948814
South Buck Creek,21/04/2017,4.772,4.772,1,4.772,61106,4,112,2017.3021689497716,2008,2017,0.9467570760756819,-0.321948814
South Buck Creek,22/04/2002,2.983,2.983,1,2.983,55628,4,113,2002.3049086757992,1828,2002,0.9410749841974002,-0.338197981
South Buck Creek,22/04/2003,3.427,3.427,1,3.427,55993,4,113,2003.3049086757992,1840,2003,0.9410749841971768,-0.338197981
South Buck Creek,22/04/2005,3.342,3.342,1,3.342,56724,4,113,2005.3049086757992,1864,2005,0.9410749841973451,-0.338197981
South Buck Creek,22/04/2006,3.721,3.721,1,3.721,57089,4,113,2006.3049086757992,1876,2006,0.9410749841971218,-0.338197981
South Buck Creek,22/04/2014,2.611,2.611,1,2.611,60011,4,113,2014.3049086757992,1972,2014,0.941074984,-0.338197981
South Buck Creek,23/04/2005,4.262,4.262,1,4.262,56725,4,114,2005.3076484018266,1864,2005,0.9351140314908878,-0.354346932
South Buck Creek,23/04/2006,4.697,4.697,1,4.697,57090,4,114,2006.3076484018266,1876,2006,0.9351140314912982,-0.354346932
South Buck Creek,23/04/2007,3.474,3.474,1,3.474,57455,4,114,2007.3076484018266,1888,2007,0.9351140314910642,-0.354346932
South Buck Creek,23/04/2013,2.976,2.976,1,2.976,59647,4,114,2013.3076484018266,1960,2013,0.9351140314909488,-0.354346932
South Buck Creek,24/04/2006,3.778,3.778,1,3.778,57091,4,115,2006.310388127854,1876,2006,0.928875984,-0.370390882
South Buck Creek,24/04/2012,3.698,3.698,1,3.698,59283,4,115,2012.312272313297,1948,2012,0.9244260529706083,-0.381361341
South Buck Creek,24/04/2018,4.413,4.413,1,4.413,61474,4,115,2018.310388127854,2020,2018,0.928875984,-0.370390882
South Buck Creek,24/04/2020,3.475,3.475,1,3.475,62205,4,115,2020.312272313297,2044,2020,0.924426053,-0.381361341
South Buck Creek,25/04/2018,4.529,4.529,1,4.529,61475,4,116,2018.3131278538813,2020,2018,0.9223626911406526,-0.386325078
South Buck Creek,26/04/2005,3.655,3.655,1,3.655,56728,4,117,2005.3158675799086,1864,2005,0.9155760819932094,-0.402144797
South Buck Creek,26/04/2011,3.406,3.406,1,3.406,58919,4,117,2011.3158675799086,1936,2011,0.9155760819930785,-0.402144797
South Buck Creek,27/04/2010,2.789,2.789,1,2.789,58555,4,118,2010.318607305936,1924,2010,0.9085181678925238,-0.417845353
South Buck Creek,27/04/2011,4.513,4.513,1,4.513,58920,4,118,2011.318607305936,1936,2011,0.9085181678922478,-0.417845353
South Buck Creek,27/04/2021,3.98,3.98,1,3.98,62573,4,118,2021.318607305936,2056,2021,0.9085181678925279,-0.417845353
South Buck Creek,28/04/2009,3.004,3.004,1,3.004,58191,4,119,2009.3213470319636,1912,2009,0.9011910402513845,-0.433422091
South Buck Creek,28/04/2011,4.69,4.69,1,4.69,58921,4,119,2011.3213470319636,1936,2011,0.90119104,-0.433422091
South Buck Creek,29/04/2008,3.504,3.504,1,3.504,57827,4,120,2008.3259335154828,1900,2008,0.8883283536999137,-0.459208815
South Buck Creek,03/04/2007,3.252,3.252,1,3.252,57435,4,94,2007.2528538812785,1888,2007,0.9998392355906898,-0.017930504
South Buck Creek,03/04/2015,2.898,2.898,1,2.898,60357,4,94,2015.2528538812785,1984,2015,0.9998392355906928,-0.017930504
South Buck Creek,03/04/2018,3.45,3.45,1,3.45,61453,4,94,2018.2528538812785,2020,2018,0.9998392355906899,-0.017930504
South Buck Creek,30/04/2019,3.906,3.906,1,3.906,61845,4,121,2019.3268264840183,2032,2019,0.8857379082225174,-0.464185693
South Buck Creek,04/04/2006,3.095,3.095,1,3.095,57071,4,95,2006.2555936073059,1876,2006,0.999382454,-0.035138436
South Buck Creek,04/04/2017,4.663,4.663,1,4.663,61089,4,95,2017.2555936073059,2008,2017,0.9993824544675003,-0.035138436
South Buck Creek,04/04/2018,4.967,4.967,1,4.967,61454,4,95,2018.2555936073059,2020,2018,0.9993824544674771,-0.035138436
South Buck Creek,05/04/2005,3.056,3.056,1,3.056,56707,4,96,2005.2583333333334,1864,2005,0.9986295347546006,-0.052335956
South Buck Creek,05/04/2008,3.84,3.84,1,3.84,57803,4,96,2008.2603597449909,1900,2008,0.9978822508109011,-0.065046241
South Buck Creek,05/04/2016,2.987,2.987,1,2.987,60725,4,96,2016.2603597449909,1996,2016,0.9978822508109123,-0.065046241
South Buck Creek,06/04/2004,2.761,2.761,1,2.761,56343,4,97,2004.263091985428,1852,2004,0.996618605,-0.082166632
South Buck Creek,07/04/2015,3.108,3.108,1,3.108,60361,4,98,2015.2638127853882,1984,2015,0.9962362596713592,-0.08667938
South Buck Creek,07/04/2017,4.788,4.788,1,4.788,61092,4,98,2017.2638127853882,2008,2017,0.9962362596712447,-0.08667938
South Buck Creek,07/04/2021,3.75,3.75,1,3.75,62553,4,98,2021.2638127853882,2056,2021,0.99623626,-0.08667938
South Buck Creek,08/04/2003,2.836,2.836,1,2.836,55979,4,99,2003.2665525114155,1840,2003,0.9945966134799933,-0.103815107
South Buck Creek,08/04/2008,3.883,3.883,1,3.883,57806,4,99,2008.2685564663025,1900,2008,0.9932106491324082,-0.116329732
South Buck Creek,08/04/2014,3.359,3.359,1,3.359,59997,4,99,2014.2665525114155,1972,2014,0.9945966134799944,-0.103815107
South Buck Creek,09/04/2002,3.311,3.311,1,3.311,55615,4,100,2002.2692922374429,1828,2002,0.9926622468468902,-0.120920071
South Buck Creek,09/04/2008,4.189,4.189,1,4.189,57807,4,100,2008.2712887067396,1900,2008,0.9910673427311337,-0.133362372
South Buck Creek,09/04/2013,4.055,4.055,1,4.055,59633,4,100,2013.2692922374429,1960,2013,0.9926622468468914,-0.120920071
South Buck Creek,09/04/2019,4.469,4.469,1,4.469,61824,4,100,2019.2692922374429,2032,2019,0.992662247,-0.120920071
South Buck Creek,01/05/2007,2.916,2.916,1,2.916,57463,5,122,2007.3295662100456,1889,2007,0.8776164829307868,-0.479363441
South Buck Creek,01/05/2018,4.2,4.2,1,4.2,61481,5,122,2018.3295662100456,2021,2018,0.8776164829307914,-0.479363441
South Buck Creek,10/05/2011,2.962,2.962,1,2.962,58933,5,131,2011.3542237442923,1937,2011,0.7931349695934006,-0.60904591
South Buck Creek,10/05/2019,5.702,5.702,1,5.702,61855,5,131,2019.3542237442923,2033,2019,0.7931349695935057,-0.60904591
South Buck Creek,11/05/2003,4.738,4.738,1,4.738,56012,5,132,2003.3569634703197,1841,2003,0.7825337339321345,-0.622608188
South Buck Creek,11/05/2010,3.209,3.209,1,3.209,58569,5,132,2010.3569634703197,1925,2010,0.7825337339315207,-0.622608188
South Buck Creek,11/05/2021,3.96,3.96,1,3.96,62587,5,132,2021.3569634703197,2057,2021,0.7825337339315268,-0.622608188
South Buck Creek,12/05/2003,5.77,5.77,1,5.77,56013,5,133,2003.359703196347,1841,2003,0.771700617,-0.635985973
South Buck Creek,12/05/2009,3.367,3.367,1,3.367,58205,5,133,2009.359703196347,1913,2009,0.771700617,-0.635985973
South Buck Creek,13/05/2008,2.868,2.868,1,2.868,57841,5,134,2008.364184881603,1901,2008,0.7534881522033635,-0.657461485
South Buck Creek,14/05/2019,4.55,4.55,1,4.55,61859,5,135,2019.3651826484017,2033,2019,0.7493516452497772,-0.662172267
South Buck Creek,15/05/2003,4.404,4.404,1,4.404,56016,5,136,2003.3679223744293,1841,2003,0.7378424136418039,-0.674973016
South Buck Creek,15/05/2007,2.964,2.964,1,2.964,57477,5,136,2007.3679223744293,1889,2007,0.7378424136412483,-0.674973016
South Buck Creek,15/05/2018,3.894,3.894,1,3.894,61495,5,136,2018.3679223744293,2021,2018,0.7378424136412548,-0.674973016
South Buck Creek,16/05/2006,3.55,3.55,1,3.55,57113,5,137,2006.3706621004567,1877,2006,0.7261145434016122,-0.687573756
South Buck Creek,16/05/2009,4.307,4.307,1,4.307,58209,5,137,2009.3706621004567,1913,2009,0.7261145434015004,-0.687573756
South Buck Creek,16/05/2014,4.31,4.31,1,4.31,60035,5,137,2014.3706621004567,1973,2014,0.7261145434017308,-0.687573756
South Buck Creek,16/05/2017,4.565,4.565,1,4.565,61131,5,137,2017.3706621004567,2009,2017,0.726114543,-0.687573756
South Buck Creek,17/05/2005,3.995,3.995,1,3.995,56749,5,138,2005.373401826484,1865,2005,0.7141715097531961,-0.699970753
South Buck Creek,17/05/2009,4.995,4.995,1,4.995,58210,5,138,2009.373401826484,1913,2009,0.7141715097526199,-0.699970753
South Buck Creek,17/05/2014,5.386,5.386,1,5.386,60036,5,138,2014.373401826484,1973,2014,0.7141715097528545,-0.699970753
South Buck Creek,17/05/2016,3.63,3.63,1,3.63,60767,5,138,2016.3751138433515,1997,2016,0.7066008076496862,-0.707612393
South Buck Creek,18/05/2004,3.224,3.224,1,3.224,56385,5,139,2004.3778460837887,1853,2004,0.6943495807233244,-0.719637867
South Buck Creek,19/05/2015,3.174,3.174,1,3.174,60403,5,140,2015.3788812785388,1985,2015,0.6896541708479231,-0.724138885
South Buck Creek,19/05/2019,5.302,5.302,1,5.302,61864,5,140,2019.3788812785388,2033,2019,0.689654171,-0.724138885
South Buck Creek,02/05/2006,2.95,2.95,1,2.95,57099,5,123,2006.332305936073,1877,2006,0.8692350009346436,-0.494399144
South Buck Creek,02/05/2017,4.769,4.769,1,4.769,61117,5,123,2017.332305936073,2009,2017,0.8692350009346484,-0.494399144
South Buck Creek,20/05/2003,3.344,3.344,1,3.344,56021,5,141,2003.3816210045661,1841,2003,0.6770871306081232,-0.735902859
South Buck Creek,20/05/2011,5.554,5.554,1,5.554,58943,5,141,2011.3816210045661,1937,2011,0.6770871306082501,-0.735902859
South Buck Creek,20/05/2014,3.311,3.311,1,3.311,60039,5,141,2014.3816210045661,1973,2014,0.6770871306081304,-0.735902859
South Buck Creek,20/05/2020,3.883,3.883,1,3.883,62231,5,141,2020.3833105646631,2045,2020,0.6692369136420959,-0.743049092
South Buck Creek,21/05/2002,3.45,3.45,1,3.45,55657,5,142,2002.3843607305937,1829,2002,0.6643194548374268,-0.747448769
South Buck Creek,21/05/2013,2.646,2.646,1,2.646,59675,5,142,2013.3843607305937,1961,2013,0.6643194548374342,-0.747448769
South Buck Creek,22/05/2004,3.34,3.34,1,3.34,56389,5,143,2004.3887750455374,1853,2004,0.6433353959259709,-0.765584462
South Buck Creek,22/05/2012,2.736,2.736,1,2.736,59311,5,143,2012.3887750455374,1949,2012,0.643335396,-0.765584462
South Buck Creek,23/05/2004,5.059,5.059,1,5.059,56390,5,144,2004.3915072859745,1853,2004,0.6300983236496911,-0.776515359
South Buck Creek,23/05/2011,4.345,4.345,1,4.345,58946,5,144,2011.3898401826484,1937,2011,0.6381973883945605,-0.769872777
South Buck Creek,23/05/2014,5.394,5.394,1,5.394,60042,5,144,2014.3898401826484,1973,2014,0.6381973883944352,-0.769872777
South Buck Creek,24/05/2004,5.577,5.577,1,5.577,56391,5,145,2004.3942395264116,1853,2004,0.6166755585067274,-0.787217413
South Buck Creek,24/05/2011,3.944,3.944,1,3.944,58947,5,145,2011.3925799086758,1937,2011,0.6248507382526163,-0.780744231
South Buck Creek,24/05/2014,4.512,4.512,1,4.512,60043,5,145,2014.3925799086758,1973,2014,0.6248507382524893,-0.780744231
South Buck Creek,25/05/2004,4.638,4.638,1,4.638,56392,5,146,2004.3969717668488,1853,2004,0.6030710562447331,-0.797687471
South Buck Creek,25/05/2010,2.71,2.71,1,2.71,58583,5,146,2010.3953196347031,1925,2010,0.6113189313506456,-0.791384334
South Buck Creek,25/05/2013,5.086,5.086,1,5.086,59679,5,146,2013.3953196347031,1961,2013,0.6113189313505168,-0.791384334
South Buck Creek,25/05/2021,3.121,3.121,1,3.121,62601,5,146,2021.3953196347031,2057,2021,0.6113189313506534,-0.791384334
South Buck Creek,26/05/2009,2.634,2.634,1,2.634,58219,5,147,2009.3980593607305,1913,2009,0.5976059774559659,-0.801789932
South Buck Creek,27/05/2008,3.516,3.516,1,3.516,57855,5,148,2008.4024362477232,1901,2008,0.5753329299829493,-0.817919323
South Buck Creek,28/05/2019,4.81,4.81,1,4.81,61873,5,149,2019.4035388127854,2033,2019,0.5696529349398723,-0.821885353
South Buck Creek,29/05/2007,2.82,2.82,1,2.82,57491,5,150,2007.4062785388128,1889,2007,0.5554211294072756,-0.831569221
South Buck Creek,29/05/2018,3.42,3.42,1,3.42,61509,5,150,2018.4062785388128,2021,2018,0.5554211294072837,-0.831569221
South Buck Creek,03/05/2005,4.699,4.699,1,4.699,56735,5,124,2005.3350456621004,1865,2005,0.860595946,-0.509288345
South Buck Creek,03/05/2016,3.949,3.949,1,3.949,60753,5,124,2016.3368624772313,1997,2016,0.8547262770362912,-0.519078984
South Buck Creek,30/05/2006,3.127,3.127,1,3.127,57127,5,151,2006.4090182648401,1877,2006,0.5410247406070677,-0.841006677
South Buck Creek,30/05/2017,5.129,5.129,1,5.129,61145,5,151,2017.4090182648401,2009,2017,0.541024741,-0.841006677
South Buck Creek,31/05/2005,2.788,2.788,1,2.788,56763,5,152,2005.4117579908675,1865,2005,0.5264680345014882,-0.850194924
South Buck Creek,31/05/2016,3.19,3.19,1,3.19,60781,5,152,2016.4133652094717,1997,2016,0.5178556834797987,-0.855467995
South Buck Creek,04/05/2004,3.498,3.498,1,3.498,56371,5,125,2004.3395947176684,1853,2004,0.8456896501543354,-0.533675009
South Buck Creek,05/05/2015,2.82,2.82,1,2.82,60389,5,126,2015.3405251141553,1985,2015,0.8425554317241308,-0.53860964
South Buck Creek,06/05/2003,3.216,3.216,1,3.216,56007,5,127,2003.3432648401827,1841,2003,0.833159318,-0.553033046
South Buck Creek,06/05/2014,3.178,3.178,1,3.178,60025,5,127,2014.3432648401827,1973,2014,0.8331593184798024,-0.553033046
South Buck Creek,07/05/2002,3.175,3.175,1,3.175,55643,5,128,2002.346005,1829,2002,0.8235163221483428,-0.567292576
South Buck Creek,07/05/2013,2.375,2.375,1,2.375,59661,5,128,2013.346005,1961,2013,0.8235163221483484,-0.567292576
South Buck Creek,08/05/2012,3.59,3.59,1,3.59,59297,5,129,2012.3505236794172,1949,2012,0.807078585,-0.590444035
South Buck Creek,01/06/2004,3.114,3.114,1,3.114,56399,6,153,2004.4160974499089,1854,2004,0.5030941305532056,-0.864231622
South Buck Creek,01/06/2015,6.277,6.277,1,6.277,60416,6,153,2015.414497716895,1986,2015,0.5117553245520852,-0.85913124
South Buck Creek,10/06/2008,3.12,3.12,1,3.12,57869,6,162,2008.4406876138432,1902,2008,0.36410411833790207,-0.931358251
South Buck Creek,11/06/2019,4.354,4.354,1,4.354,61887,6,163,2019.4418949771689,2034,2019,0.35702834410120543,-0.934093551
South Buck Creek,12/06/2007,2.832,2.832,1,2.832,57505,6,164,2007.4446347031962,1890,2007,0.34089656152754366,-0.940100811
South Buck Creek,12/06/2013,5.423,5.423,1,5.423,59697,6,164,2013.4446347031962,1962,2013,0.34089656152723774,-0.940100811
South Buck Creek,12/06/2018,2.873,2.873,1,2.873,61523,6,164,2018.4446347031962,2022,2018,0.3408965615275529,-0.940100811
South Buck Creek,13/06/2006,3.011,3.011,1,3.011,57141,6,165,2006.4473744292238,1878,2006,0.3246637639438358,-0.945829499
South Buck Creek,13/06/2014,5.206,5.206,1,5.206,60063,6,165,2014.4473744292238,1974,2014,0.32466376394399893,-0.945829499
South Buck Creek,13/06/2017,3.653,3.653,1,3.653,61159,6,165,2017.4473744292238,2010,2017,0.32466376394384505,-0.945829499
South Buck Creek,14/06/2005,4.416,4.416,1,4.416,56777,6,166,2005.4501141552512,1866,2005,0.30833476148349026,-0.951277917
South Buck Creek,14/06/2016,3.617,3.617,1,3.617,60795,6,166,2016.451616575592,1998,2016,0.2993411069345253,-0.954146164
South Buck Creek,15/06/2004,3.332,3.332,1,3.332,56413,6,167,2004.454348816029,1854,2004,0.2829178106567416,-0.959144156
South Buck Creek,16/06/2015,4.376,4.376,1,4.376,60431,6,168,2015.455593607306,1986,2015,0.27540752353738934,-0.96132757
South Buck Creek,17/06/2003,2.978,2.978,1,2.978,56049,6,169,2003.4583333333333,1842,2003,0.25881904510345943,-0.965925826
South Buck Creek,17/06/2005,4.792,4.792,1,4.792,56780,6,169,2005.4583333333333,1866,2005,0.2588190451039403,-0.965925826
South Buck Creek,17/06/2006,4.625,4.625,1,4.625,57145,6,169,2006.4583333333333,1878,2006,0.2588190451033023,-0.965925826
South Buck Creek,17/06/2014,3.704,3.704,1,3.704,60067,6,169,2014.4583333333333,1974,2014,0.2588190451034689,-0.965925826
South Buck Creek,18/06/2002,4.16,4.16,1,4.16,55685,6,170,2002.4610730593608,1830,2002,0.24215387300069943,-0.970237858
South Buck Creek,18/06/2013,3.782,3.782,1,3.782,59703,6,170,2013.4610730593608,1962,2013,0.24215387300070892,-0.970237858
South Buck Creek,19/06/2005,3.942,3.942,1,3.942,56782,6,171,2005.4638127853882,1866,2005,0.22541694547845595,-0.974262388
South Buck Creek,19/06/2006,3.821,3.821,1,3.821,57147,6,171,2006.4638127853882,1878,2006,0.22541694547958455,-0.974262388
South Buck Creek,19/06/2007,5.952,5.952,1,5.952,57512,6,171,2007.4638127853882,1890,2007,0.225416945,-0.974262388
South Buck Creek,19/06/2012,2.782,2.782,1,2.782,59339,6,171,2012.4652777777778,1950,2012,0.216439614,-0.976296007
South Buck Creek,02/06/2015,4.954,4.954,1,4.954,60417,6,154,2015.4172374429224,1986,2015,0.4968909704579707,-0.867812977
South Buck Creek,20/06/2007,5.575,5.575,1,5.575,57513,6,172,2007.4665525114156,1890,2007,0.20861322205278718,-0.977998223
South Buck Creek,20/06/2019,7.583,7.583,1,7.583,61896,6,172,2019.4665525114156,2034,2019,0.20861322205215072,-0.977998223
South Buck Creek,21/06/2011,2.732,2.732,1,2.732,58975,6,173,2011.469292237443,1938,2011,0.19174768202589507,-0.981444255
South Buck Creek,21/06/2019,7.355,7.355,1,7.355,61897,6,173,2019.469292237443,2034,2019,0.19174768202606435,-0.981444255
South Buck Creek,22/06/2007,4.746,4.746,1,4.746,57515,6,174,2007.4720319634703,1890,2007,0.174825323,-0.984599465
South Buck Creek,22/06/2010,3.1,3.1,1,3.1,58611,6,174,2010.4720319634703,1926,2010,0.17482532302223483,-0.984599465
South Buck Creek,22/06/2021,4.952,4.952,1,4.952,62629,6,174,2021.4720319634703,2058,2021,0.1748253230222445,-0.984599465
South Buck Creek,23/06/2009,2.795,2.795,1,2.795,58247,6,175,2009.4747716894976,1914,2009,0.15785115950232168,-0.987462916
South Buck Creek,23/06/2015,6.629,6.629,1,6.629,60438,6,175,2015.4747716894976,1986,2015,0.15785115950379658,-0.987462916
South Buck Creek,23/06/2017,6.494,6.494,1,6.494,61169,6,175,2017.4747716894976,2010,2017,0.15785116,-0.987462916
South Buck Creek,23/06/2020,2.45,2.45,1,2.45,62265,6,175,2020.4762067395263,2046,2020,0.14894122117346678,-0.988846051
South Buck Creek,24/06/2008,2.46,2.46,1,2.46,57883,6,176,2008.4789389799635,1902,2008,0.1319444169556886,-0.991257116
South Buck Creek,25/06/2019,4.109,4.109,1,4.109,61901,6,177,2019.4802511415526,2034,2019,0.1237675520191849,-0.992311238
South Buck Creek,26/06/2006,4.97,4.97,1,4.97,57154,6,178,2006.482991,1878,2006,0.10666820776393386,-0.994294671
South Buck Creek,26/06/2007,4.188,4.188,1,4.188,57519,6,178,2007.482991,1890,2007,0.10666820776327707,-0.994294671
South Buck Creek,26/06/2014,4.968,4.968,1,4.968,60076,6,178,2014.482991,1974,2014,0.10666820776410536,-0.994294671
South Buck Creek,26/06/2018,2.605,2.605,1,2.605,61537,6,178,2018.482991,2022,2018,0.10666820776328681,-0.994294671
South Buck Creek,27/06/2006,15.295,15.295,1,15.295,57155,6,179,2006.4857305936073,1878,2006,0.089537255,-0.995983474
South Buck Creek,27/06/2017,4.387,4.387,1,4.387,61173,6,179,2017.4857305936073,2010,2017,0.089537255,-0.995983474
South Buck Creek,28/06/2005,2.803,2.803,1,2.803,56791,6,180,2005.4884703196346,1866,2005,0.072379771,-0.997377145
South Buck Creek,28/06/2006,6.949,6.949,1,6.949,57156,6,180,2006.4884703196346,1878,2006,0.072379771,-0.997377145
South Buck Creek,28/06/2010,6.4,6.4,1,6.4,58617,6,180,2010.4884703196346,1926,2010,0.072379771,-0.997377145
South Buck Creek,28/06/2016,2.526,2.526,1,2.526,60809,6,180,2016.4898679417122,1998,2016,0.063618607,-0.997974285
South Buck Creek,29/06/2004,2.719,2.719,1,2.719,56427,6,181,2004.4926001821493,1854,2004,0.046477677192857676,-0.998919329
South Buck Creek,29/06/2006,5.269,5.269,1,5.269,57157,6,181,2006.491210045662,1878,2006,0.055200839391136264,-0.998475271
South Buck Creek,03/06/2003,3.709,3.709,1,3.709,56035,6,155,2003.4199771689498,1842,2003,0.4818793768445147,-0.876237563
South Buck Creek,03/06/2014,2.812,2.812,1,2.812,60053,6,155,2014.4199771689498,1974,2014,0.4818793768445233,-0.876237563
South Buck Creek,30/06/2015,4.148,4.148,1,4.148,60445,6,182,2015.4939497716896,1986,2015,0.038005550332541826,-0.999277528
South Buck Creek,04/06/2002,3.529,3.529,1,3.529,55671,6,156,2002.4227168949772,1830,2002,0.46672499197189415,-0.8844025
South Buck Creek,04/06/2013,3.167,3.167,1,3.167,59689,6,156,2013.4227168949772,1962,2013,0.4667249919719028,-0.8844025
South Buck Creek,05/06/2012,3.194,3.194,1,3.194,59325,6,157,2012.4270264116576,1950,2012,0.44260942795558705,-0.8967145
South Buck Creek,05/06/2016,5.473,5.473,1,5.473,60786,6,157,2016.4270264116576,1998,2016,0.4426094279564799,-0.8967145
South Buck Creek,05/06/2018,3.847,3.847,1,3.847,61516,6,157,2018.4254566210045,2022,2018,0.45143230641273835,-0.89230537
South Buck Creek,06/06/2019,5.962,5.962,1,5.962,61882,6,158,2019.4281963470319,2034,2019,0.43600585171759876,-0.89994383
South Buck Creek,07/06/2011,3.172,3.172,1,3.172,58961,6,159,2011.4309360730595,1938,2011,0.42045019907761333,-0.907315618
South Buck Creek,08/06/2010,3.353,3.353,1,3.353,58597,6,160,2010.4336757990868,1926,2010,0.4047699579703277,-0.914418548
South Buck Creek,08/06/2021,2.873,2.873,1,2.873,62615,6,160,2021.4336757990868,2058,2021,0.4047699579703367,-0.914418548
South Buck Creek,09/06/2009,2.89,2.89,1,2.89,58233,6,161,2009.4364155251142,1914,2009,0.38896977479051564,-0.921250517
South Buck Creek,09/06/2015,5.516,5.516,1,5.516,60424,6,161,2015.4364155251142,1986,2015,0.3889697747902159,-0.921250517
South Buck Creek,09/06/2020,3.209,3.209,1,3.209,62251,6,161,2020.437955373406,2046,2020,0.38003846961068033,-0.924970681
South Buck Creek,01/07/2003,2.864,2.864,1,2.864,56063,7,183,2003.496689497717,1843,2003,0.020798999410293572,-0.999783677
South Buck Creek,01/07/2014,3.142,3.142,1,3.142,60081,7,183,2014.496689497717,1975,2014,0.020798999,-0.999783677
South Buck Creek,01/07/2017,6.36,6.36,1,6.36,61177,7,183,2017.496689497717,2011,2017,0.020798999410140715,-0.999783677
South Buck Creek,10/07/2007,2.856,2.856,1,2.856,57533,7,192,2007.5213470319634,1891,2007,-0.133725557,-0.991018403
South Buck Creek,10/07/2018,2.546,2.546,1,2.546,61551,7,192,2018.5213470319634,2023,2018,-0.133725557,-0.991018403
South Buck Creek,11/07/2006,3.155,3.155,1,3.155,57169,7,193,2006.524086757991,1879,2006,-0.150764497,-0.988569707
South Buck Creek,11/07/2009,4.657,4.657,1,4.657,58265,7,193,2009.524086757991,1915,2009,-0.150764497,-0.988569707
South Buck Creek,11/07/2017,3.476,3.476,1,3.476,61187,7,193,2017.524086757991,2011,2017,-0.150764497,-0.988569707
South Buck Creek,12/07/2005,5.924,5.924,1,5.924,56805,7,194,2005.5268264840183,1867,2005,-0.167758762,-0.985828077
South Buck Creek,12/07/2009,5.87,5.87,1,5.87,58266,7,194,2009.5268264840183,1915,2009,-0.167758762,-0.985828077
South Buck Creek,12/07/2016,3.863,3.863,1,3.863,60823,7,194,2016.5281193078324,1999,2016,-0.175761072,-0.984432855
South Buck Creek,13/07/2004,2.815,2.815,1,2.815,56441,7,195,2004.5308515482695,1855,2004,-0.192634272,-0.981270624
South Buck Creek,13/07/2020,6.281,6.281,1,6.281,62285,7,195,2020.5308515482695,2047,2020,-0.192634272,-0.981270624
South Buck Creek,14/07/2015,3.18,3.18,1,3.18,60459,7,196,2015.532305936073,1987,2015,-0.20159314,-0.979469349
South Buck Creek,14/07/2021,7.445,7.445,1,7.445,62651,7,196,2021.532305936073,2059,2021,-0.20159314,-0.979469349
South Buck Creek,15/07/2003,2.606,2.606,1,2.606,56077,7,197,2003.5350456621004,1843,2003,-0.218423226,-0.975854136
South Buck Creek,15/07/2014,2.921,2.921,1,2.921,60095,7,197,2014.5350456621004,1975,2014,-0.218423226,-0.975854136
South Buck Creek,16/07/2002,3.287,3.287,1,3.287,55713,7,198,2002.5377853881278,1831,2002,-0.235188589,-0.971949756
South Buck Creek,16/07/2013,3.083,3.083,1,3.083,59731,7,198,2013.5377853881278,1963,2013,-0.235188589,-0.971949756
South Buck Creek,17/07/2012,2.826,2.826,1,2.826,59367,7,199,2012.5417805100183,1951,2012,-0.259509904,-0.965740446
South Buck Creek,18/07/2021,6.904,6.904,1,6.904,62655,7,200,2021.5432648401827,2059,2021,-0.268505294,-0.963278209
South Buck Creek,19/07/2011,2.924,2.924,1,2.924,59003,7,201,2011.546005,1939,2011,-0.285046763,-0.958513611
South Buck Creek,02/07/2002,3.354,3.354,1,3.354,55699,7,184,2002.4994292237443,1831,2002,0.003586285,-0.999993569
South Buck Creek,02/07/2013,6.441,6.441,1,6.441,59717,7,184,2013.4994292237443,1963,2013,0.003586285,-0.999993569
South Buck Creek,20/07/2010,3.076,3.076,1,3.076,58639,7,202,2010.5487442922374,1927,2010,-0.301503766,-0.953464986
South Buck Creek,20/07/2021,5.155,5.155,1,5.155,62657,7,202,2021.5487442922374,2059,2021,-0.301503766,-0.953464986
South Buck Creek,21/07/2009,2.958,2.958,1,2.958,58275,7,203,2009.5514840182648,1915,2009,-0.317871427,-0.948133828
South Buck Creek,21/07/2020,3.223,3.223,1,3.223,62293,7,203,2020.5527094717668,2047,2020,-0.325162327,-0.945658216
South Buck Creek,22/07/2008,4.356,4.356,1,4.356,57911,7,204,2008.555441712204,1903,2008,-0.341347895,-0.939937027
South Buck Creek,23/07/2012,9.194,9.194,1,9.194,59373,7,205,2012.5581739526413,1951,2012,-0.357432865,-0.933938835
South Buck Creek,23/07/2019,4.57,4.57,1,4.57,61929,7,205,2019.5569634703197,2035,2019,-0.350319351,-0.936630318
South Buck Creek,24/07/2007,2.7,2.7,1,2.7,57547,7,206,2007.559703196347,1891,2007,-0.366389999,-0.930461374
South Buck Creek,24/07/2012,5.59,5.59,1,5.59,59374,7,206,2012.5609061930784,1951,2012,-0.373412499,-0.927665406
South Buck Creek,24/07/2018,2.57,2.57,1,2.57,61565,7,206,2018.559703196347,2023,2018,-0.366389999,-0.930461374
South Buck Creek,25/07/2017,3.491,3.491,1,3.491,61201,7,207,2017.5624429223744,2011,2017,-0.382352077,-0.924016715
South Buck Creek,26/07/2005,2.785,2.785,1,2.785,56819,7,208,2005.5651826484018,1867,2005,-0.398200857,-0.917298249
South Buck Creek,26/07/2006,4.289,4.289,1,4.289,57184,7,208,2006.5651826484018,1879,2006,-0.398200857,-0.917298249
South Buck Creek,26/07/2012,6.035,6.035,1,6.035,59376,7,208,2012.5663706739526,1951,2012,-0.40503695,-0.914300317
South Buck Creek,26/07/2016,2.491,2.491,1,2.491,60837,7,208,2016.5663706739526,1999,2016,-0.40503695,-0.914300317
South Buck Creek,27/07/2004,4.028,4.028,1,4.028,56455,7,209,2004.5691029143898,1855,2004,-0.420672447,-0.907212595
South Buck Creek,27/07/2014,4.519,4.519,1,4.519,60107,7,209,2014.5679223744291,1975,2014,-0.41393164,-0.910307968
South Buck Creek,28/07/2006,6.176,6.176,1,6.176,57186,7,210,2006.5706621004567,1879,2006,-0.429539767,-0.903047944
South Buck Creek,28/07/2015,2.836,2.836,1,2.836,60473,7,210,2015.5706621004567,1987,2015,-0.429539767,-0.903047944
South Buck Creek,29/07/2003,2.657,2.657,1,2.657,56091,7,211,2003.573401826484,1843,2003,-0.445020612,-0.895520326
South Buck Creek,29/07/2006,5.467,5.467,1,5.467,57187,7,211,2006.573401826484,1879,2006,-0.445020612,-0.895520326
South Buck Creek,29/07/2014,5.79,5.79,1,5.79,60109,7,211,2014.573401826484,1975,2014,-0.445020612,-0.895520326
South Buck Creek,03/07/2012,2.666,2.666,1,2.666,59353,7,185,2012.503529143898,1951,2012,-0.022172448,-0.999754161
South Buck Creek,03/07/2021,7.458,7.458,1,7.458,62640,7,185,2021.5021689497717,2059,2021,-0.013627492,-0.999907141
South Buck Creek,30/07/2002,2.742,2.742,1,2.742,55727,7,212,2002.5761415525114,1831,2002,-0.460369588,-0.887727347
South Buck Creek,30/07/2013,2.714,2.714,1,2.714,59745,7,212,2013.5761415525114,1963,2013,-0.460369588,-0.887727347
South Buck Creek,31/07/2012,2.91,2.91,1,2.91,59381,7,213,2012.5800318761385,1951,2012,-0.481929174,-0.876210175
South Buck Creek,05/07/2011,2.911,2.911,1,2.911,58989,7,187,2011.5076484018264,1939,2011,-0.048037831,-0.998845517
South Buck Creek,06/07/2010,2.84,2.84,1,2.84,58625,7,188,2010.510388127854,1927,2010,-0.065224197,-0.997870635
South Buck Creek,06/07/2018,7.02,7.02,1,7.02,61547,7,188,2018.510388127854,2023,2018,-0.065224197,-0.997870635
South Buck Creek,06/07/2021,6.076,6.076,1,6.076,62643,7,188,2021.510388127854,2059,2021,-0.065224197,-0.997870635
South Buck Creek,07/07/2009,3.427,3.427,1,3.427,58261,7,189,2009.5131278538813,1915,2009,-0.082391236,-0.996600062
South Buck Creek,07/07/2020,3.114,3.114,1,3.114,62279,7,189,2020.5144581056466,2047,2020,-0.090718062,-0.995876615
South Buck Creek,08/07/2008,2.772,2.772,1,2.772,57897,7,190,2008.5171903460837,1903,2008,-0.107800241,-0.994172575
South Buck Creek,09/07/2016,7.435,7.435,1,7.435,60820,7,191,2016.519922586521,1999,2016,-0.124850651,-0.992175546
South Buck Creek,09/07/2019,2.996,2.996,1,2.996,61915,7,191,2019.518607305936,2035,2019,-0.116646992,-0.993173439
South Buck Creek,09/07/2021,8.398,8.398,1,8.398,62646,7,191,2021.518607305936,2059,2021,-0.116646992,-0.993173439
South Buck Creek,01/08/2016,7.84,7.84,1,7.84,60843,8,214,2016.5827641165756,2000,2016,-0.496899474,-0.867808108
South Buck Creek,10/08/2004,2.714,2.714,1,2.714,56469,8,223,2004.607354,1856,2004,-0.624527846,-0.781002541
South Buck Creek,11/08/2015,5.226,5.226,1,5.226,60487,8,224,2015.6090182648402,1988,2015,-0.632659041,-0.77443046
South Buck Creek,12/08/2002,2.384,2.384,1,2.384,55740,8,225,2002.6117579908675,1832,2002,-0.645895853,-0.763425535
South Buck Creek,12/08/2003,4.256,4.256,1,4.256,56105,8,225,2003.6117579908675,1844,2003,-0.645895853,-0.763425535
South Buck Creek,12/08/2004,4.538,4.538,1,4.538,56471,8,225,2004.6128187613842,1856,2004,-0.650969714,-0.759103703
South Buck Creek,12/08/2014,2.54,2.54,1,2.54,60123,8,225,2014.6117579908675,1976,2014,-0.645895853,-0.763425535
South Buck Creek,13/08/2004,5.662,5.662,1,5.662,56472,8,226,2004.6155510018216,1856,2004,-0.663904816,-0.747817086
South Buck Creek,13/08/2013,3.306,3.306,1,3.306,59759,8,226,2013.614497716895,1964,2013,-0.658941272,-0.75219439
South Buck Creek,14/08/2004,5.765,5.765,1,5.765,56473,8,227,2004.6182832422587,1856,2004,-0.676644263,-0.736310085
South Buck Creek,14/08/2012,2.629,2.629,1,2.629,59395,8,227,2012.6182832422587,1952,2012,-0.676644263,-0.736310085
South Buck Creek,15/08/2004,4.655,4.655,1,4.655,56474,8,228,2004.6210154826958,1856,2004,-0.6891843,-0.724586089
South Buck Creek,16/08/2011,5.752,5.752,1,5.752,59031,8,229,2011.6227168949772,1940,2011,-0.696890806,-0.717177247
South Buck Creek,16/08/2016,6.264,6.264,1,6.264,60858,8,229,2016.623747723133,2000,2016,-0.701521231,-0.712648555
South Buck Creek,17/08/2010,3.236,3.236,1,3.236,58667,8,230,2010.6254566210046,1928,2010,-0.709132582,-0.70507516
South Buck Creek,17/08/2021,6.182,6.182,1,6.182,62685,8,230,2021.6254566210046,2060,2021,-0.709132582,-0.70507516
South Buck Creek,18/08/2008,5.131,5.131,1,5.131,57938,8,231,2008.6292122040072,1904,2008,-0.725571293,-0.688147004
South Buck Creek,18/08/2009,3.368,3.368,1,3.368,58303,8,231,2009.628196347032,1916,2009,-0.721164226,-0.692764144
South Buck Creek,18/08/2018,8.826,8.826,1,8.826,61590,8,231,2018.628196347032,2024,2018,-0.721164226,-0.692764144
South Buck Creek,18/08/2021,10.174,10.174,1,10.174,62686,8,231,2021.628196347032,2060,2021,-0.721164226,-0.692764144
South Buck Creek,19/08/2008,6.112,6.112,1,6.112,57939,8,232,2008.6319444444443,1904,2008,-0.737277337,-0.675590208
South Buck Creek,19/08/2021,8.744,8.744,1,8.744,62687,8,232,2021.6309360730593,2060,2021,-0.732982174,-0.680247847
South Buck Creek,02/08/2011,2.406,2.406,1,2.406,59017,8,215,2011.5843607305935,1940,2011,-0.505580021,-0.862779718
South Buck Creek,02/08/2017,4.974,4.974,1,4.974,61209,8,215,2017.5843607305935,2012,2017,-0.505580021,-0.862779718
South Buck Creek,20/08/2019,3.094,3.094,1,3.094,61957,8,233,2019.6336757990869,2036,2019,-0.744582923,-0.667529977
South Buck Creek,21/08/2007,2.532,2.532,1,2.532,57575,8,234,2007.6364155251142,1892,2007,-0.755963036,-0.654614305
South Buck Creek,21/08/2010,4.154,4.154,1,4.154,58671,8,234,2010.6364155251142,1928,2010,-0.755963036,-0.654614305
South Buck Creek,21/08/2018,2.802,2.802,1,2.802,61593,8,234,2018.6364155251142,2024,2018,-0.755963036,-0.654614305
South Buck Creek,22/08/2006,3.031,3.031,1,3.031,57211,8,235,2006.6391552511416,1880,2006,-0.767119141,-0.641504655
South Buck Creek,22/08/2010,6.24,6.24,1,6.24,58672,8,235,2010.6391552511416,1928,2010,-0.767119141,-0.641504655
South Buck Creek,22/08/2017,3.802,3.802,1,3.802,61229,8,235,2017.6391552511416,2012,2017,-0.767119141,-0.641504655
South Buck Creek,23/08/2016,4.061,4.061,1,4.061,60865,8,236,2016.642873406193,2000,2016,-0.78189519,-0.623409907
South Buck Creek,24/08/2004,3.86,3.86,1,3.86,56483,8,237,2004.6456056466302,1856,2004,-0.792481636,-0.609895775
South Buck Creek,24/08/2005,2.581,2.581,1,2.581,56848,8,237,2005.6446347031963,1868,2005,-0.788746171,-0.614719023
South Buck Creek,24/08/2010,5.021,5.021,1,5.021,58674,8,237,2010.6446347031963,1928,2010,-0.788746171,-0.614719023
South Buck Creek,25/08/2015,2.81,2.81,1,2.81,60501,8,238,2015.6473744292236,1988,2015,-0.799210687,-0.601050977
South Buck Creek,26/08/2003,2.485,2.485,1,2.485,56119,8,239,2003.6501141552512,1844,2003,-0.80943838,-0.587204827
South Buck Creek,26/08/2014,3.209,3.209,1,3.209,60137,8,239,2014.6501141552512,1976,2014,-0.80943838,-0.587204827
South Buck Creek,27/08/2002,2.251,2.251,1,2.251,55755,8,240,2002.6528538812786,1832,2002,-0.819426219,-0.573184675
South Buck Creek,27/08/2013,4.38,4.38,1,4.38,59773,8,240,2013.6528538812786,1964,2013,-0.819426219,-0.573184675
South Buck Creek,28/08/2011,7.857,7.857,1,7.857,59043,8,241,2011.655593607306,1940,2011,-0.829171244,-0.558994676
South Buck Creek,28/08/2012,4.658,4.658,1,4.658,59409,8,241,2012.656534608379,1952,2012,-0.832461779,-0.554082472
South Buck Creek,29/08/2004,4.749,4.749,1,4.749,56488,8,242,2004.659266848816,1856,2004,-0.841850677,-0.539710514
South Buck Creek,29/08/2011,5.836,5.836,1,5.836,59044,8,242,2011.6583333333333,1940,2011,-0.838670568,-0.544639035
South Buck Creek,29/08/2018,7.638,7.638,1,7.638,61601,8,242,2018.6583333333333,2024,2018,-0.838670568,-0.544639035
South Buck Creek,03/08/2010,2.43,2.43,1,2.43,58653,8,216,2010.587100456621,1928,2010,-0.520356448,-0.853949159
South Buck Creek,03/08/2021,4.194,4.194,1,4.194,62671,8,216,2021.587100456621,2060,2021,-0.520356448,-0.853949159
South Buck Creek,30/08/2004,5.465,5.465,1,5.465,56489,8,243,2004.6619990892532,1856,2004,-0.850991477,-0.5251795
South Buck Creek,30/08/2011,5.018,5.018,1,5.018,59045,8,243,2011.6610730593607,1940,2011,-0.847921376,-0.530122006
South Buck Creek,31/08/2004,4.258,4.258,1,4.258,56490,8,244,2004.6647313296903,1856,2004,-0.859881485,-0.510493713
South Buck Creek,31/08/2010,3.079,3.079,1,3.079,58681,8,244,2010.663812785388,1928,2010,-0.856920926,-0.51544789
South Buck Creek,31/08/2021,3.956,3.956,1,3.956,62699,8,244,2021.663812785388,2060,2021,-0.856920926,-0.51544789
South Buck Creek,04/08/2009,4.34,4.34,1,4.34,58289,8,217,2009.5898401826485,1916,2009,-0.534978683,-0.844865557
South Buck Creek,04/08/2017,9.287,9.287,1,9.287,61211,8,217,2017.5898401826485,2012,2017,-0.534978683,-0.844865557
South Buck Creek,04/08/2020,6.054,6.054,1,6.054,62307,8,217,2020.590960837887,2048,2020,-0.540914311,-0.841077707
South Buck Creek,05/08/2008,3.324,3.324,1,3.324,57925,8,218,2008.5936930783241,1904,2008,-0.555272823,-0.831668259
South Buck Creek,05/08/2020,4.993,4.993,1,4.993,62308,8,218,2020.5936930783241,2048,2020,-0.555272823,-0.831668259
South Buck Creek,06/08/2019,2.615,2.615,1,2.615,61943,8,219,2019.5953196347032,2036,2019,-0.563743289,-0.825950061
South Buck Creek,07/08/2007,2.46,2.46,1,2.46,57561,8,220,2007.5980593607305,1892,2007,-0.577877137,-0.816123774
South Buck Creek,07/08/2018,3.216,3.216,1,3.216,61579,8,220,2018.5980593607305,2024,2018,-0.577877137,-0.816123774
South Buck Creek,08/08/2003,5.658,5.658,1,5.658,56101,8,221,2003.600799086758,1844,2003,-0.591839747,-0.806055652
South Buck Creek,08/08/2006,3.287,3.287,1,3.287,57197,8,221,2006.600799086758,1880,2006,-0.591839747,-0.806055652
South Buck Creek,08/08/2017,4.943,4.943,1,4.943,61215,8,221,2017.600799086758,2012,2017,-0.591839747,-0.806055652
South Buck Creek,08/08/2019,3.623,3.623,1,3.623,61945,8,221,2019.600799086758,2036,2019,-0.591839747,-0.806055652
South Buck Creek,09/08/2003,4.417,4.417,1,4.417,56102,8,222,2003.6035388127855,1844,2003,-0.605626983,-0.795748677
South Buck Creek,09/08/2005,2.48,2.48,1,2.48,56833,8,222,2005.6035388127855,1868,2005,-0.605626983,-0.795748677
South Buck Creek,09/08/2016,2.377,2.377,1,2.377,60851,8,222,2016.6046220400729,2000,2016,-0.611028873,-0.79160831
South Buck Creek,01/09/2004,3.61,3.61,1,3.61,56491,9,245,2004.6674635701274,1857,2004,-0.868518083,-0.495657481
South Buck Creek,01/09/2009,4.234,4.234,1,4.234,58317,9,245,2009.6665525114156,1917,2009,-0.865666552,-0.500621035
South Buck Creek,01/09/2020,2.279,2.279,1,2.279,62335,9,245,2020.6674635701274,2049,2020,-0.868518083,-0.495657481
South Buck Creek,10/09/2002,1.99,1.99,1,1.99,55769,9,254,2002.691210045662,1833,2002,-0.932548416,-0.361044945
South Buck Creek,10/09/2004,5.189,5.189,1,5.189,56500,9,254,2004.692053734062,1857,2004,-0.934449221,-0.356096409
South Buck Creek,10/09/2007,3.912,3.912,1,3.912,57595,9,254,2007.691210045662,1893,2007,-0.932548416,-0.361044945
South Buck Creek,10/09/2013,3.305,3.305,1,3.305,59787,9,254,2013.691210045662,1965,2013,-0.932548416,-0.361044945
South Buck Creek,11/09/2004,4.382,4.382,1,4.382,56501,9,255,2004.6947859744992,1857,2004,-0.940424397,-0.340002874
South Buck Creek,11/09/2007,4.169,4.169,1,4.169,57596,9,255,2007.6939497716894,1893,2007,-0.938625044,-0.344939165
South Buck Creek,11/09/2012,2.122,2.122,1,2.122,59423,9,255,2012.6947859744992,1953,2012,-0.940424397,-0.340002874
South Buck Creek,11/09/2018,6.032,6.032,1,6.032,61614,9,255,2018.6939497716894,2025,2018,-0.938625044,-0.344939165
South Buck Creek,12/09/2007,4.374,4.374,1,4.374,57597,9,256,2007.696689497717,1893,2007,-0.944423537,-0.328731171
South Buck Creek,13/09/2011,3.434,3.434,1,3.434,59059,9,257,2011.6994292237443,1941,2011,-0.949942177,-0.312425767
South Buck Creek,14/09/2010,2.425,2.425,1,2.425,58695,9,258,2010.7021689497717,1929,2010,-0.955179329,-0.296027785
South Buck Creek,14/09/2021,3.253,3.253,1,3.253,62713,9,258,2021.7021689497717,2061,2021,-0.955179329,-0.296027785
South Buck Creek,15/09/2007,3.276,3.276,1,3.276,57600,9,259,2007.704908675799,1893,2007,-0.960133441,-0.279542083
South Buck Creek,15/09/2009,2.476,2.476,1,2.476,58331,9,259,2009.704908675799,1917,2009,-0.960133441,-0.279542083
South Buck Creek,15/09/2020,2.111,2.111,1,2.111,62349,9,259,2020.7057149362477,2049,2020,-0.961537242,-0.274674593
South Buck Creek,16/09/2008,3.05,3.05,1,3.05,57967,9,260,2008.7084471766848,1905,2008,-0.966110712,-0.258128053
South Buck Creek,17/09/2019,2.695,2.695,1,2.695,61985,9,261,2019.7103881278538,2037,2019,-0.969186755,-0.246327086
South Buck Creek,18/09/2007,2.388,2.388,1,2.388,57603,9,262,2007.7131278538814,1893,2007,-0.973283276,-0.229607634
South Buck Creek,18/09/2018,2.28,2.28,1,2.28,61621,9,262,2018.7131278538814,2025,2018,-0.973283276,-0.229607634
South Buck Creek,19/09/2006,3.258,3.258,1,3.258,57239,9,263,2006.7158675799087,1881,2006,-0.977091391,-0.212820143
South Buck Creek,19/09/2017,3.304,3.304,1,3.304,61257,9,263,2017.7158675799087,2013,2017,-0.977091391,-0.212820143
South Buck Creek,02/09/2008,2.664,2.664,1,2.664,57953,9,246,2008.6701958105646,1905,2008,-0.876898725,-0.480675177
South Buck Creek,02/09/2014,3.145,3.145,1,3.145,60144,9,246,2014.669292237443,1977,2014,-0.874155662,-0.485645836
South Buck Creek,02/09/2019,7.86,7.86,1,7.86,61970,9,246,2019.669292237443,2037,2019,-0.874155662,-0.485645836
South Buck Creek,20/09/2005,2.892,2.892,1,2.892,56875,9,264,2005.718607305936,1869,2005,-0.980609973,-0.195969589
South Buck Creek,20/09/2016,2.76,2.76,1,2.76,60893,9,264,2016.7193761384335,2001,2016,-0.981545202,-0.191230272
South Buck Creek,21/09/2004,15.472,15.472,1,15.472,56511,9,265,2004.7221083788706,1857,2004,-0.984683291,-0.174352565
South Buck Creek,22/09/2015,2.539,2.539,1,2.539,60529,9,266,2015.7240867579908,1989,2015,-0.986774454,-0.162099282
South Buck Creek,23/09/2003,4.969,4.969,1,4.969,56147,9,267,2003.7268264840184,1845,2003,-0.989418525,-0.145089565
South Buck Creek,23/09/2014,3.935,3.935,1,3.935,60165,9,267,2014.7268264840184,1977,2014,-0.989418525,-0.145089565
South Buck Creek,23/09/2019,7.276,7.276,1,7.276,61991,9,267,2019.7268264840184,2037,2019,-0.989418525,-0.145089565
South Buck Creek,24/09/2002,2.982,2.982,1,2.982,55783,9,268,2002.7295662100457,1833,2002,-0.991769411,-0.128036855
South Buck Creek,24/09/2013,2.766,2.766,1,2.766,59801,9,268,2013.7295662100457,1965,2013,-0.991769411,-0.128036855
South Buck Creek,25/09/2012,3.125,3.125,1,3.125,59437,9,269,2012.7330373406194,1953,2012,-0.994325776,-0.10637787
South Buck Creek,27/09/2002,8.414,8.414,1,8.414,55786,9,271,2002.7377853881278,1833,2002,-0.99705642,-0.076671352
South Buck Creek,27/09/2003,4.819,4.819,1,4.819,56151,9,271,2003.7377853881278,1845,2003,-0.99705642,-0.076671352
South Buck Creek,27/09/2011,3.941,3.941,1,3.941,59073,9,271,2011.7377853881278,1941,2011,-0.99705642,-0.076671352
South Buck Creek,28/09/2002,5.894,5.894,1,5.894,55787,9,272,2002.7405251141552,1833,2002,-0.998228466,-0.059497305
South Buck Creek,28/09/2003,6.337,6.337,1,6.337,56152,9,272,2003.7405251141552,1845,2003,-0.998228466,-0.059497305
South Buck Creek,28/09/2010,3.811,3.811,1,3.811,58709,9,272,2010.7405251141552,1929,2010,-0.998228466,-0.059497305
South Buck Creek,28/09/2021,4.594,4.594,1,4.594,62727,9,272,2021.7405251141552,2061,2021,-0.998228466,-0.059497305
South Buck Creek,29/09/2009,5.287,5.287,1,5.287,58345,9,273,2009.7432648401827,1917,2009,-0.999104716,-0.042305628
South Buck Creek,29/09/2020,2.749,2.749,1,2.749,62363,9,273,2020.7439663023679,2049,2020,-0.99928147,-0.03790176
South Buck Creek,03/09/2014,4.786,4.786,1,4.786,60145,9,247,2014.6720319634703,1977,2014,-0.882385741,-0.47052673
South Buck Creek,03/09/2019,5.711,5.711,1,5.711,61971,9,247,2019.6720319634703,2037,2019,-0.882385741,-0.47052673
South Buck Creek,30/09/2003,5.323,5.323,1,5.323,56154,9,274,2003.746005,1845,2003,-0.99968491,-0.025101414
South Buck Creek,30/09/2008,2.304,2.304,1,2.304,57981,9,274,2008.746698542805,1905,2008,-0.999784858,-0.02074218
South Buck Creek,30/09/2010,8.394,8.394,1,8.394,58711,9,274,2010.746005,1929,2010,-0.99968491,-0.025101414
South Buck Creek,30/09/2015,8.696,8.696,1,8.696,60537,9,274,2015.746005,1989,2015,-0.99968491,-0.025101414
South Buck Creek,30/09/2020,7.922,7.922,1,7.922,62364,9,274,2020.746698542805,2049,2020,-0.999784858,-0.02074218
South Buck Creek,04/09/2007,2.292,2.292,1,2.292,57589,9,248,2007.6747716894977,1893,2007,-0.89035435,-0.455268196
South Buck Creek,04/09/2018,2.639,2.639,1,2.639,61607,9,248,2018.6747716894977,2025,2018,-0.89035435,-0.455268196
South Buck Creek,05/09/2006,2.556,2.556,1,2.556,57225,9,249,2006.677511415525,1881,2006,-0.898059128,-0.439874757
South Buck Creek,05/09/2017,7.706,7.706,1,7.706,61243,9,249,2017.677511415525,2013,2017,-0.898059128,-0.439874757
South Buck Creek,06/09/2005,3.331,3.331,1,3.331,56861,9,250,2005.6802511415526,1869,2005,-0.905497792,-0.424350973
South Buck Creek,06/09/2016,2.286,2.286,1,2.286,60879,9,250,2016.6811247723133,2001,2016,-0.907813479,-0.419374161
South Buck Creek,07/09/2004,2.842,2.842,1,2.842,56497,9,251,2004.6838570127504,1857,2004,-0.914878826,-0.40372854
South Buck Creek,07/09/2007,3.004,3.004,1,3.004,57592,9,251,2007.682991,1893,2007,-0.912668137,-0.408701445
South Buck Creek,08/09/2015,2.478,2.478,1,2.478,60515,9,252,2015.6857305936073,1989,2015,-0.919568039,-0.39293081
South Buck Creek,09/09/2003,1.955,1.955,1,1.955,56133,9,253,2003.6884703196347,1845,2003,-0.926195453,-0.377043741
South Buck Creek,09/09/2004,4.719,4.719,1,4.719,56499,9,253,2004.6893214936247,1857,2004,-0.92819866,-0.372085001
South Buck Creek,09/09/2007,5.267,5.267,1,5.267,57594,9,253,2007.6884703196347,1893,2007,-0.926195453,-0.377043741
South Buck Creek,09/09/2014,2.576,2.576,1,2.576,60151,9,253,2014.6884703196347,1977,2014,-0.926195453,-0.377043741
